ID,Code_Pylone,Nom_Site,Operateur,Region,District,Commune,Hauteur_Metres,Latitude,Longitude,Tech_2G,Tech_3G,Tech_4G,Tech_5G,Tech_Brute,Profil_Tech,Mutualisation,Proprietaire,Source_Energie,Annee_Service,Code_Commune,Type_Site,Autres_Equipements
1,AIRTEL_1141,67ha,AIRTEL,ANALAMANGA,ANTANANARIVO_I,CU ANTANANARIVO (Arr.I),33.0,-18.90447,47.50706,TRUE,TRUE,TRUE,FALSE,2G-3G-4G//ASBSC_TANA/ASRNC_TANA/AN1SGSN02,2G-3G-4G,OUI,HELIOS,JIRAMA,2002,110701,ROOFTOP,ASBSC_TANA/ASRNC_TANA/AN1SGSN02
2,AIRTEL_1412,67HA_sud,AIRTEL,ANALAMANGA,ANTANANARIVO_I,CU ANTANANARIVO (Arr.I),21.0,-18.91004,47.50654,TRUE,TRUE,TRUE,FALSE,2G-3G-4G//ASBSC_TANA/ASRNC_TANA/AN1SGSN02,2G-3G-4G,NON,HELIOS,JIRAMA,2011,110701,ROOFTOP,ASBSC_TANA/ASRNC_TANA/AN1SGSN02
3,AIRTEL_5524,Alakamisy_Itenina,AIRTEL,MATSIATRA AMBONY,VOHIBATO,ALAKAMISY ITENINA,31.0,-21.694861,47.140083,TRUE,TRUE,FALSE,FALSE,2G-3G//NBSC1/MGMCRNC/,2G-3G,null,null,null,2020,330601,GREENFIELD,NBSC1/MGMCRNC/
4,AIRTEL_1147,Alarobia,AIRTEL,ANALAMANGA,ANTANANARIVO_V,CU ANTANANARIVO (Arr.V),29.0,-18.87359,47.5252,TRUE,TRUE,TRUE,FALSE,2G-3G-4G//ASBSC_TANA/ASRNC_TANA/AN1SGSN02,2G-3G-4G,NON,HELIOS,JIRAMA,2007,111101,GREENFIELD,ASBSC_TANA/ASRNC_TANA/AN1SGSN02
5,AIRTEL_5253,Alarobia_Bemaha,AIRTEL,VAKINANKARATRA,BETAFO,ALAROBIA BEMAHA,48.0,-20.20144,46.87348,TRUE,TRUE,TRUE,FALSE,2G-3G-4G//MCBSC10/MGMCRNC/,2G-3G-4G,NON,HELIOS,GE,2015,140503,GREENFIELD,MCBSC10/MGMCRNC/
6,AIRTEL_1325,Alasora,AIRTEL,ANALAMANGA,ANTANANARIVO AVARADRANO,ALASORA,28.0,-18.95675,47.56731,TRUE,TRUE,TRUE,FALSE,2G-3G-4G//ASBSC_TANA/ASRNC_TANA/AN1SGSN02,2G-3G-4G,NON,HELIOS,JIRAMA,2007,110601,GREENFIELD,ASBSC_TANA/ASRNC_TANA/AN1SGSN02
7,AIRTEL_5266,Ambahikily,AIRTEL,ATSIMO ANDREFANA,MOROMBE,AMBAHIKILY,68.0,-21.606528,43.663917,TRUE,TRUE,FALSE,FALSE,2G-3G//ASBSC_IHOSY/MGMCRNC/,2G-3G,NON,TOA PICOM 1&2,SOLDIES,2014,630601,GREENFIELD,ASBSC_IHOSY/MGMCRNC/
8,AIRTEL_5227,Ambaibo,AIRTEL,ALAOTRA MANGORO,AMPARAFARAVOLA,MORARANO CHROME,48.0,-17.75978,48.1766,TRUE,TRUE,FALSE,FALSE,2G-3G//ASBSC_FARA/ASRNC_FARA/,2G-3G,NON,HELIOS,GE,2015,510215,GREENFIELD,ASBSC_FARA/ASRNC_FARA/
9,AIRTEL_4755,Ambalabe,AIRTEL,SAVA,ANTALAHA,AMBALABE,28.71,-15.15584722,50.42918333,TRUE,TRUE,FALSE,FALSE,2G-3G//NBSC6/MGMCRNC/,2G-3G,NON,HELIOS,GE,2008,220201,GREENFIELD,NBSC6/MGMCRNC/
10,AIRTEL_2112,Ambalahady,AIRTEL,ANALANJIROFO,SOANIERANA IVONGO,SOANIERANA IVONGO,48.0,-16.968961,49.564939,TRUE,TRUE,FALSE,FALSE,2G-3G//ASBSC_FARA/ASRNC_FARA/,2G-3G,NON,HELIOS,GE,2007,520508,GREENFIELD,ASBSC_FARA/ASRNC_FARA/
11,AIRTEL_5175,Ambalakely,AIRTEL,MATSIATRA AMBONY,LALANGINA,AMBALAKELY,28.0,-21.412435,47.172882,TRUE,TRUE,FALSE,FALSE,2G-3G//NBSC1/MGMCRNC/,2G-3G,OUI,HELIOS,GE,2014,330703,GREENFIELD,NBSC1/MGMCRNC/
12,AIRTEL_4744,Ambalakida,AIRTEL,MENABE,MIANDRIVAZO,ANKOTROFOTSY,46.0,-19.85253056,45.49922778,TRUE,TRUE,FALSE,FALSE,2G-3G//MCBSC10/MGMCRNC/,2G-3G,NON,HELIOS,GE,2008,640405,GREENFIELD,MCBSC10/MGMCRNC/
13,AIRTEL_2034,Ambalamanakana,AIRTEL,AMORON'I MANIA,AMBOSITRA,AMBATOFITORAHANA,68.0,-20.7950306,47.177665,TRUE,TRUE,FALSE,FALSE,2G-3G//MCBSC10/MGMCRNC/,2G-3G,NON,HELIOS,GE,2007,310203,GREENFIELD,MCBSC10/MGMCRNC/
14,AIRTEL_5026,Ambalamanasy,AIRTEL,ATSINANANA,TOAMASINA I,CU TOAMASINA arr. ANKIRIHIRY,28.71,-18.10255556,49.39644444,TRUE,TRUE,FALSE,FALSE,2G-3G//ASBSC_FARA/ASRNC_FARA/,2G-3G,NON,HELIOS,GE,2011,530503,GREENFIELD,ASBSC_FARA/ASRNC_FARA/
15,AIRTEL_5292,Ambalamanasy_Andapa,AIRTEL,SAVA,ANDAPA,AMBALAMANASY II,26.0,-14.5455,49.554308,TRUE,TRUE,FALSE,FALSE,2G-3G//NBSC6/MGMCRNC/,2G-3G,OUI,TOA,ENERGIE SOLAIRE,2016,220101,GREENFIELD,NBSC6/MGMCRNC/
16,AIRTEL_5282,Ambalamanasy2,AIRTEL,ATSINANANA,TOAMASINA II,TOAMASINA SUBURBAINE,35.0,-18.119327,49.386779,TRUE,TRUE,FALSE,FALSE,2G-3G//ASBSC_FARA/ASRNC_FARA/,2G-3G,OUI,TOA,MIXTE,2016,530617,GREENFIELD,ASBSC_FARA/ASRNC_FARA/
17,AIRTEL_1023,Ambalavao,AIRTEL,ANALAMANGA,ANTANANARIVO ATSIMONDRANO,AMBALAVAO,20.0,-21.833194444444445,46.93575,TRUE,TRUE,TRUE,FALSE,2G-3G-4G//NBSC1/MGMCRNC/AN1SGSN02,2G-3G-4G,NON,HELIOS,JIRAMA,2003,110503,ROOFTOP,NBSC1/MGMCRNC/AN1SGSN02
18,AIRTEL_1423,Ambalavao2,AIRTEL,ANALAMANGA,ANTANANARIVO ATSIMONDRANO,AMBALAVAO,23.0,-21.83036,46.93866,TRUE,TRUE,FALSE,FALSE,2G-3G//NBSC1/MGMCRNC/,2G-3G,NON,TOA,MIXTE,2011,110503,GREENFIELD,NBSC1/MGMCRNC/
19,AIRTEL_4911,Ambalavato,AIRTEL,VAKINANKARATRA,ANTSIRABE I,ANTSIRABE,28.0,-19.88867,47.04137,TRUE,TRUE,TRUE,FALSE,2G-3G-4G//MCBSC10/MGMCRNC/AN1SGSN02,2G-3G-4G,OUI,TOA,MIXTE,2011,140301,GREENFIELD,MCBSC10/MGMCRNC/AN1SGSN02
20,AIRTEL_5200,Ambalavato2,AIRTEL,VAKINANKARATRA,ANTSIRABE I,ANTSIRABE,25.0,-19.877914,47.044139,TRUE,TRUE,TRUE,FALSE,2G-3G-4G//MCBSC10/MGMCRNC/AN1SGSN02,2G-3G-4G,OUI,TOA,MIXTE,2016,140301,GREENFIELD,MCBSC10/MGMCRNC/AN1SGSN02
21,AIRTEL_4702,Ambaliandro,AIRTEL,ANDROY,AMBOVOMBE ANDROY,SIHANAMARO,78.0,-24.99149,45.7948133,TRUE,TRUE,FALSE,FALSE,2G-3G//ASBSC_IHOSY/MGMCRNC/,2G-3G,NON,HELIOS,GE,2008,610118,GREENFIELD,ASBSC_IHOSY/MGMCRNC/
22,AIRTEL_5179,Ambaniala,AIRTEL,ANALAMANGA,ANTANANARIVO ATSIMONDRANO,ANDRANONAHOATRA,38.0,-18.9187,47.48753,TRUE,TRUE,TRUE,FALSE,2G-3G-4G//ASBSC_TANA/ASRNC_TANA/AN1SGSN02,2G-3G-4G,NON,ORANGE,JIRAMA,2015,110512,GREENFIELD,ASBSC_TANA/ASRNC_TANA/AN1SGSN02
23,AIRTEL_5072,Ambanidia,AIRTEL,ANALAMANGA,ANTANANARIVO_II,CU ANTANANARIVO (Arr.II),12.0,-18.91947,47.53793,TRUE,TRUE,TRUE,FALSE,2G-3G-4G//ASBSC_TANA/ASRNC_TANA/AN1SGSN02,2G-3G-4G,NON,HELIOS,JIRAMA,2012,110801,ROOFTOP,ASBSC_TANA/ASRNC_TANA/AN1SGSN02
24,AIRTEL_1026,Ambanja,AIRTEL,DIANA,AMBANJA,AMBANJA,25.0,-13.6843,48.4537,TRUE,TRUE,FALSE,FALSE,2G-3G//NBSC6/MGMCRNC/,2G-3G,NON,ORTM,JIRAMA,2004,210103,GREENFIELD,NBSC6/MGMCRNC/
25,AIRTEL_4761,Ambanja2,AIRTEL,DIANA,AMBANJA,AMBANJA,47.0,-13.6964,48.45363,TRUE,TRUE,TRUE,FALSE,2G-3G-4G//NBSC6/MGMCRNC/AN1SGSN02,2G-3G-4G,OUI,HELIOS,GE,2008,210103,GREENFIELD,NBSC6/MGMCRNC/AN1SGSN02
26,AIRTEL_1056,Ambato_Boeny,AIRTEL,BOENY,AMBATO BOENI,AMBATOBOENY,27.0,-16.4703,46.7198,TRUE,TRUE,FALSE,FALSE,2G-3G//NBSC3/MGMCRNC/,2G-3G,OUI,HELIOS,JIRAMA,2006,420101,GREENFIELD,NBSC3/MGMCRNC/
27,AIRTEL_1127,Ambatobe,AIRTEL,ANALAMANGA,ANTANANARIVO_V,CU ANTANANARIVO (Arr.V),10.0,-18.87567,47.55288,TRUE,TRUE,TRUE,FALSE,2G-3G-4G//ASBSC_TANA/ASRNC_TANA/AN1SGSN02,2G-3G-4G,NON,HELIOS,JIRAMA,2002,111101,ROOFTOP,ASBSC_TANA/ASRNC_TANA/AN1SGSN02
28,AIRTEL_5056,Ambatobe2,AIRTEL,ANALAMANGA,ANTANANARIVO_V,CU ANTANANARIVO (Arr.V),48.0,-18.8775,47.5546,TRUE,TRUE,TRUE,FALSE,2G-3G-4G//ASBSC_TANA/ASRNC_TANA/AN1SGSN02,2G-3G-4G,NON,HELIOS,JIRAMA,2012,111101,GREENFIELD,ASBSC_TANA/ASRNC_TANA/AN1SGSN02
29,AIRTEL_2704,Ambatofinandrahana,AIRTEL,AMORON'I MANIA,AMBATOFINANDRAHANA,AMBATOFINANDRAHANA,48.71,-20.570647,46.813497,TRUE,TRUE,TRUE,FALSE,2G-3G-4G//MCBSC10/MGMCRNC/AN1SGSN02,2G-3G-4G,NON,HELIOS,GE,2007,310101,GREENFIELD,MCBSC10/MGMCRNC/AN1SGSN02
30,AIRTEL_4703,Ambatolahy,AIRTEL,IHOROMBE,IHOSY,AMBATOLAHY,48.0,-20.03961389,45.52936111,TRUE,TRUE,FALSE,FALSE,2G-3G//MCBSC10/MGMCRNC/,2G-3G,NON,HELIOS,GE,2008,140201,GREENFIELD,MCBSC10/MGMCRNC/
31,AIRTEL_1234,Ambatolampikely,AIRTEL,ANALAMANGA,MANJAKANDRIANA,AMBANITSENA,27.7,-18.85771,47.67961,TRUE,TRUE,FALSE,FALSE,2G-3G//ASBSC_TANA/ASRNC_TANA/,2G-3G,NON,HELIOS,GE,2007,111302,GREENFIELD,ASBSC_TANA/ASRNC_TANA/
32,AIRTEL_1017,Ambatolampy,AIRTEL,ANALAMANGA,AMBOHIDRATRIMO,AMBATOLAMPY,68.0,-19.37667,47.44752,TRUE,TRUE,TRUE,FALSE,2G-3G-4G//ASBSC_TANA/MGMCRNC/AN1SGSN02,2G-3G-4G,NON,HELIOS,JIRAMA,2005,110102,GREENFIELD,ASBSC_TANA/MGMCRNC/AN1SGSN02
33,AIRTEL_5190,Ambatolampy2,AIRTEL,VAKINANKARATRA,AMBATOLAMPY,TSIAFAJAVONA ANKARATRA,48.0,-19.387931,47.415933,TRUE,TRUE,TRUE,FALSE,2G-3G-4G//ASBSC_TANA/MGMCRNC/AN1SGSN02,2G-3G-4G,OUI,HELIOS,GE,2017,140117,GREENFIELD,ASBSC_TANA/MGMCRNC/AN1SGSN02
34,AIRTEL_3709,Ambatolaona,AIRTEL,ANALAMANGA,MANJAKANDRIANA,AMBATOLOANA,27.0,-18.930135,47.885721,TRUE,TRUE,FALSE,FALSE,2G-3G//ASBSC_TANA/ASRNC_TANA/,2G-3G,NON,HELIOS,GE,2008,111303,GREENFIELD,ASBSC_TANA/ASRNC_TANA/
35,AIRTEL_5210,Ambatomirahavavy,AIRTEL,ITASY,ARIVONIMAMO,AMBATOMIRAHAVAVY,30.0,-18.95471,47.398322,TRUE,TRUE,TRUE,FALSE,2G-3G-4G//ASBSC_TANA/ASRNC_TANA/AN1SGSN02,2G-3G-4G,NON,TOA,SOLDIES,2016,130103,GREENFIELD,ASBSC_TANA/ASRNC_TANA/AN1SGSN02
36,AIRTEL_1167,Ambatonakanga,AIRTEL,ANALAMANGA,ANTANANARIVO_I,CU ANTANANARIVO (Arr.I),15.0,-18.91246,47.52676,TRUE,TRUE,TRUE,FALSE,2G-3G-4G//ASBSC_TANA/ASRNC_TANA/AN1SGSN02,2G-3G-4G,NON,HELIOS,JIRAMA,2006,110701,ROOFTOP,ASBSC_TANA/ASRNC_TANA/AN1SGSN02
37,AIRTEL_1027,Ambatondrazaka,AIRTEL,ALAOTRA MANGORO,AMBATONDRAZAKA,AMBATONDRAZAKA,25.0,-17.83537,48.4219,TRUE,TRUE,FALSE,FALSE,2G-3G//ASBSC_FARA/ASRNC_FARA/,2G-3G,NON,HELIOS,JIRAMA,2004,510102,GREENFIELD,ASBSC_FARA/ASRNC_FARA/
38,AIRTEL_1030,Ambatondrazaka2,AIRTEL,ALAOTRA MANGORO,AMBATONDRAZAKA,AMBATONDRAZAKA,47.76,-17.81892,48.41791,TRUE,TRUE,TRUE,FALSE,2G-3G-4G//ASBSC_FARA/ASRNC_FARA/AN1SGSN02,2G-3G-4G,NON,HELIOS,GE,2008,510102,GREENFIELD,ASBSC_FARA/ASRNC_FARA/AN1SGSN02
39,AIRTEL_5114,Ambatoriha,AIRTEL,SOFIA,BEALANANA,AMBATORIHA EST,58.0,-14.458417,48.95125,TRUE,TRUE,FALSE,FALSE,2G-3G//NBSC6/MGMCRNC/AN1SGSN02,2G-3G,NON,HELIOS,GE,2012,440304,GREENFIELD,NBSC6/MGMCRNC/AN1SGSN02
40,AIRTEL_1182,Ambatoroka,AIRTEL,ANALAMANGA,ANTANANARIVO_II,CU ANTANANARIVO (Arr.II),15.0,-18.92208,47.54573,TRUE,TRUE,TRUE,FALSE,2G-3G-4G//ASBSC_TANA/ASRNC_TANA/AN1SGSN02,2G-3G-4G,NON,HELIOS,JIRAMA,2006,110801,ROOFTOP,ASBSC_TANA/ASRNC_TANA/AN1SGSN02
41,AIRTEL_2021,Ambatovy,AIRTEL,ALAOTRA MANGORO,MORAMANGA,MORARANO GARE,47.5,-18.829331,48.312386,TRUE,TRUE,FALSE,FALSE,2G-3G//ASBSC_FARA/ASRNC_FARA/,2G-3G,OUI,HELIOS,GE,2007,510519,GREENFIELD,ASBSC_FARA/ASRNC_FARA/
42,AIRTEL_1905,Ambatovy2,AIRTEL,ANALAMANGA,ANJOZOROBE,AMBOHIBARY,10.0,-18.850858,48.307511,TRUE,TRUE,FALSE,FALSE,2G-3G//ASBSC_FARA/ASRNC_FARA/,2G-3G,NON,SHERRITT,JIRAMA,2009,110304,GREENFIELD,ASBSC_FARA/ASRNC_FARA/
43,AIRTEL_1520,Ambatovy4,AIRTEL,ANALAMANGA,ANJOZOROBE,AMBOHIBARY,48.71,-18.86682,48.27793,TRUE,TRUE,FALSE,FALSE,2G-3G//ASBSC_FARA/ASRNC_FARA/,2G-3G,OUI,HELIOS,GE,2012,110304,GREENFIELD,ASBSC_FARA/ASRNC_FARA/
44,AIRTEL_4741,Ambatry,AIRTEL,ATSIMO ANDREFANA,BETIOKY SUD,AMBATRY MITSINJO,47.0,-23.85404,44.40541,TRUE,TRUE,FALSE,FALSE,2G-3G//ASBSC_IHOSY/MGMCRNC/,2G-3G,OUI,HELIOS,GE,2008,630501,GREENFIELD,ASBSC_IHOSY/MGMCRNC/
45,AIRTEL_2020,Ambavatapia,AIRTEL,AMORON'I MANIA,AMBOSITRA,ILAKA CENTRE,48.0,-20.255613,47.089639,TRUE,TRUE,FALSE,FALSE,2G-3G//MCBSC10/MGMCRNC/,2G-3G,NON,HELIOS,GE,2007,310214,GREENFIELD,MCBSC10/MGMCRNC/
46,AIRTEL_1314,Amberobe,AIRTEL,ANALAMANGA,ANDRAMASINA,AMBOHIMIADANA,48.71,-19.237489,47.780682,TRUE,TRUE,FALSE,FALSE,2G-3G//ASBSC_TANA/MGMCRNC/,2G-3G,NON,HELIOS,GE,2007,110203,GREENFIELD,ASBSC_TANA/MGMCRNC/
47,AIRTEL_4782,Ambia,AIRTEL,IHOROMBE,IHOSY,AMBIA,28.71,-22.3966667,46.23472222,TRUE,TRUE,FALSE,FALSE,2G-3G//ASBSC_IHOSY/MGMCRNC/,2G-3G,NON,HELIOS,GE,2008,340202,GREENFIELD,ASBSC_IHOSY/MGMCRNC/
48,AIRTEL_2023,Ambila_Lemaitso,AIRTEL,ATSINANANA,BRICKAVILLE,ANDOVORANTO,27.86,-18.84666944,49.14895,TRUE,TRUE,FALSE,FALSE,2G-3G//ASBSC_FARA/ASRNC_FARA/,2G-3G,OUI,HELIOS,GE,2007,530206,GREENFIELD,ASBSC_FARA/ASRNC_FARA/
49,AIRTEL_2048,Ambilobe,AIRTEL,DIANA,AMBILOBE,AMBILOBE,47.0,-13.19889167,49.04919444,TRUE,TRUE,TRUE,FALSE,2G-3G-4G//NBSC6/MGMCRNC/AN1SGSN02,2G-3G-4G,NON,HELIOS,JIRAMA,2007,210204,GREENFIELD,NBSC6/MGMCRNC/AN1SGSN02
50,AIRTEL_4752,Ambilobe2,AIRTEL,DIANA,AMBILOBE,AMBATOBEN ' ANJAVY,36.0,-13.23335833,49.03835833,TRUE,TRUE,FALSE,FALSE,2G-3G//NBSC6/MGMCRNC/,2G-3G,NON,HELIOS,GE,2008,210203,GREENFIELD,NBSC6/MGMCRNC/
51,AIRTEL_5091,Amboahangibe,AIRTEL,SAVA,SAMBAVA,AMBOANGIBE,28.71,-14.139806,49.8008,TRUE,TRUE,FALSE,FALSE,2G-3G//NBSC6/MGMCRNC/,2G-3G,OUI,HELIOS,GE,2012,220302,GREENFIELD,NBSC6/MGMCRNC/
52,AIRTEL_4700,Amboasary_Gara,AIRTEL,ANALAMANGA,ANJOZOROBE,AMBOASARY,46.8,-18.43375,48.28780556,TRUE,TRUE,FALSE,FALSE,2G-3G//ASBSC_FARA/ASRNC_FARA/,2G-3G,OUI,HELIOS,GE,2008,110303,GREENFIELD,ASBSC_FARA/ASRNC_FARA/
53,AIRTEL_2723,Amboasary_Sud,AIRTEL,ANOSY,AMBOASARY SUD,AMBOASARY SUD,48.0,-25.042254,46.392601,TRUE,TRUE,TRUE,FALSE,2G-3G-4G//ASBSC_IHOSY/MGMCRNC/AN1SGSN02,2G-3G-4G,NON,HELIOS,GE,2008,620101,GREENFIELD,ASBSC_IHOSY/MGMCRNC/AN1SGSN02
54,AIRTEL_2724,Amboasary1,AIRTEL,ANOSY,AMBOASARY SUD,SAMPONA,67.0,-25.103902,46.28092,TRUE,TRUE,FALSE,FALSE,2G-3G//ASBSC_IHOSY/MGMCRNC/,2G-3G,NON,HELIOS,GE,2008,620112,GREENFIELD,ASBSC_IHOSY/MGMCRNC/
55,AIRTEL_1215,Ambodiangezoka,AIRTEL,SAVA,ANDAPA,AMBODIANGEZOKA,48.0,-14.592612,49.508333,TRUE,TRUE,FALSE,FALSE,2G-3G//NBSC6/MGMCRNC/,2G-3G,NON,HELIOS,GE,2007,220102,GREENFIELD,NBSC6/MGMCRNC/
56,AIRTEL_2108,Ambodiatafana,AIRTEL,ATSINANANA,TOAMASINA II,ANTETEZAMBARO,48.71,-17.95115,49.43488056,TRUE,TRUE,FALSE,FALSE,2G-3G//ASBSC_FARA/ASRNC_FARA/,2G-3G,OUI,HELIOS,GE,2007,530611,GREENFIELD,ASBSC_FARA/ASRNC_FARA/
57,AIRTEL_5215,Ambodifiakarana,AIRTEL,BONGOLAVA,TSIROANOMANDIDY,BELOBAKA,38.0,-18.96381,45.818226,TRUE,TRUE,FALSE,FALSE,2G-3G//ASBSC_TANA/MGMCRNC/,2G-3G,NON,HELIOS,GE,2016,120207,GREENFIELD,ASBSC_TANA/MGMCRNC/
58,AIRTEL_5213,Ambodinisotry,AIRTEL,ANALAMANGA,ANTANANARIVO_I,CU ANTANANARIVO (Arr.I),27.0,-18.908056,47.508722,TRUE,TRUE,TRUE,FALSE,2G-3G-4G//ASBSC_TANA/ASRNC_TANA/AN1SGSN02,2G-3G-4G,OUI,TOA,MIXTE,2015,110701,GREENFIELD,ASBSC_TANA/ASRNC_TANA/AN1SGSN02
59,AIRTEL_4756,Ambodirafia,AIRTEL,SAVA,ANTALAHA,AMBOHITRALANANA,28.0,-15.28527778,50.46805556,TRUE,TRUE,FALSE,FALSE,2G-3G//NBSC6/MGMCRNC/,2G-3G,NON,HELIOS,GE,2008,220203,GREENFIELD,NBSC6/MGMCRNC/
60,AIRTEL_4905,Ambodirano,AIRTEL,MATSIATRA AMBONY,FIANARANTSOA,CU FIANARANTSOA,28.5,-21.44063889,47.11138889,TRUE,TRUE,TRUE,FALSE,2G-3G-4G//NBSC1/MGMCRNC/AN1SGSN02,2G-3G-4G,OUI,HELIOS,JIRAMA,2011,330301,GREENFIELD,NBSC1/MGMCRNC/AN1SGSN02
61,AIRTEL_2111,Amboditavolo,AIRTEL,ATSINANANA,VATOMANDRY,AMBODITAVOLO,47.63,-19.16781944,48.90248056,TRUE,TRUE,FALSE,FALSE,2G-3G//ASBSC_FARA/ASRNC_FARA/,2G-3G,NON,HELIOS,GE,2007,530703,GREENFIELD,ASBSC_FARA/ASRNC_FARA/
62,AIRTEL_1184,Amboditsiry,AIRTEL,ANALAMANGA,ANTANANARIVO_V,CU ANTANANARIVO (Arr.V),24.0,-18.88605,47.54039,TRUE,TRUE,TRUE,FALSE,2G-3G-4G//ASBSC_TANA/ASRNC_TANA/AN1SGSN02,2G-3G-4G,NON,HELIOS,JIRAMA,2005,111101,ROOFTOP,ASBSC_TANA/ASRNC_TANA/AN1SGSN02
63,AIRTEL_5050,Amboditsiry2,AIRTEL,ANALAMANGA,ANTANANARIVO_V,CU ANTANANARIVO (Arr.V),14.0,-18.8888,47.5378,TRUE,TRUE,TRUE,FALSE,2G-3G-4G//ASBSC_TANA/ASRNC_TANA/AN1SGSN02,2G-3G-4G,NON,HELIOS,JIRAMA,2011,111101,ROOFTOP,ASBSC_TANA/ASRNC_TANA/AN1SGSN02
64,AIRTEL_5209,Ambodivoanjo,AIRTEL,ANALAMANGA,ANTANANARIVO_V,CU ANTANANARIVO (Arr.V),33.0,-18.875324,47.531087,TRUE,TRUE,TRUE,FALSE,2G-3G-4G//ASBSC_TANA/ASRNC_TANA/AN1SGSN02,2G-3G-4G,NON,TOA,MIXTE,2015,111101,GREENFIELD,ASBSC_TANA/ASRNC_TANA/AN1SGSN02
65,AIRTEL_3706,Ambodivonikely,AIRTEL,ANALAMANGA,ANTANANARIVO_VI,CU ANTANANARIVO (ARR.VI ),16.0,-18.87541,47.50198,TRUE,TRUE,TRUE,FALSE,2G-3G-4G//ASBSC_TANA/ASRNC_TANA/AN1SGSN02,2G-3G-4G,NON,HELIOS,JIRAMA,2008,111201,ROOFTOP,ASBSC_TANA/ASRNC_TANA/AN1SGSN02
66,AIRTEL_1123,Ambohibao,AIRTEL,ANALAMANGA,AMBOHIDRATRIMO,ANTEHIROKA,14.5,-18.85188,47.47152,TRUE,TRUE,TRUE,FALSE,2G-3G-4G//ASBSC_TANA/ASRNC_TANA/AN1SGSN02,2G-3G-4G,NON,HELIOS,JIRAMA,2006,110112,ROOFTOP,ASBSC_TANA/ASRNC_TANA/AN1SGSN02
67,AIRTEL_1322,Ambohibao2,AIRTEL,ANALAMANGA,AMBOHIDRATRIMO,ANTEHIROKA,28.0,-18.83385,47.49193,TRUE,TRUE,TRUE,FALSE,2G-3G-4G//ASBSC_TANA/ASRNC_TANA/AN1SGSN02,2G-3G-4G,OUI,HELIOS,JIRAMA,2007,110112,GREENFIELD,ASBSC_TANA/ASRNC_TANA/AN1SGSN02
68,AIRTEL_1158,Ambohibe_Ilafy,AIRTEL,ANALAMANGA,ANTANANARIVO AVARADRANO,ANKADIKELY ILAFY,9.5,-18.87951,47.57553,TRUE,TRUE,TRUE,FALSE,2G-3G-4G//ASBSC_TANA/ASRNC_TANA/AN1SGSN02,2G-3G-4G,NON,HELIOS,JIRAMA,2007,110607,GREENFIELD,ASBSC_TANA/ASRNC_TANA/AN1SGSN02
69,AIRTEL_1032,Ambohiby,AIRTEL,ANALAMANGA,AMBOHIDRATRIMO,AMBATOLAMPY,27.0,-18.88308333,46.20594444,TRUE,TRUE,FALSE,FALSE,2G-3G//ASBSC_TANA/MGMCRNC/,2G-3G,NON,HELIOS,GE,2007,110102,GREENFIELD,ASBSC_TANA/MGMCRNC/
70,AIRTEL_1136,Ambohidrabiby,AIRTEL,ANALAMANGA,ANTANANARIVO AVARADRANO,TALATA VOLONONDRY,19.0,-18.77376,47.60799,TRUE,TRUE,TRUE,FALSE,2G-3G-4G//ASBSC_TANA/ASRNC_TANA/AN1SGSN02,2G-3G-4G,NON,HELIOS,JIRAMA,2006,110613,ROOFTOP,ASBSC_TANA/ASRNC_TANA/AN1SGSN02
71,AIRTEL_1119,Ambohidratrimo,AIRTEL,ANALAMANGA,AMBOHIDRATRIMO,AMBOHIDRATRIMO,23.0,-18.81695,47.43744,TRUE,TRUE,TRUE,FALSE,2G-3G-4G//ASBSC_TANA/ASRNC_TANA/AN1SGSN02,2G-3G-4G,OUI,HELIOS,JIRAMA,2005,110103,ROOFTOP,ASBSC_TANA/ASRNC_TANA/AN1SGSN02
72,AIRTEL_1428,Ambohijafy,AIRTEL,ATSINANANA,TOAMASINA I,CU TOAMASINA arr. ANKIRIHIRY,36.0,-18.13472,49.39951,TRUE,TRUE,TRUE,FALSE,2G-3G-4G//ASBSC_FARA/ASRNC_FARA/AN1SGSN02,2G-3G-4G,NON,HELIOS,JIRAMA,2013,530503,GREENFIELD,ASBSC_FARA/ASRNC_FARA/AN1SGSN02
73,AIRTEL_5057,Ambohijanahary,AIRTEL,ANALAMANGA,AMBOHIDRATRIMO,IVATO,38.71,-18.82426,47.48612,TRUE,TRUE,TRUE,FALSE,2G-3G-4G//ASBSC_TANA/ASRNC_TANA/AN1SGSN02,2G-3G-4G,NON,HELIOS,JIRAMA,2012,110118,GREENFIELD,ASBSC_TANA/ASRNC_TANA/AN1SGSN02
74,AIRTEL_5573,Ambohijanaka,AIRTEL,ANALAMANGA,ANTANANARIVO ATSIMONDRANO,AMBOHIJANAKA,null,-18.97897,47.54784,TRUE,TRUE,TRUE,FALSE,2G-3G-4G//ASBSC_TANA/ASRNC_TANA/AN1SGSN02,2G-3G-4G,OUI,TOA,MIXTE,2020,110507,GREENFIELD,ASBSC_TANA/ASRNC_TANA/AN1SGSN02
75,AIRTEL_5354,Ambohijanaka2,AIRTEL,ANALAMANGA,ANTANANARIVO ATSIMONDRANO,AMBOHIJANAKA,null,-18.999275,47.561031,TRUE,TRUE,FALSE,FALSE,2G-3G//ASBSC_TANA/ASRNC_TANA/,2G-3G,OUI,TOA,GE,2020,110507,GREENFIELD,ASBSC_TANA/ASRNC_TANA/
76,AIRTEL_1411,Ambohijanamasoandro,AIRTEL,ANALAMANGA,ANTANANARIVO ATSIMONDRANO,ITAOSY,35.0,-18.9181,47.47127,TRUE,TRUE,TRUE,FALSE,2G-3G-4G//ASBSC_TANA/ASRNC_TANA/AN1SGSN02,2G-3G-4G,NON,TOA,MIXTE,2011,110522,GREENFIELD,ASBSC_TANA/ASRNC_TANA/AN1SGSN02
77,AIRTEL_1175,Ambohijatovo,AIRTEL,ANALAMANGA,ANTANANARIVO_I,CU ANTANANARIVO (Arr.I),12.0,-18.91055,47.52968,TRUE,TRUE,TRUE,FALSE,2G-3G-4G//ASBSC_TANA/ASRNC_TANA/AN1SGSN02,2G-3G-4G,NON,HELIOS,JIRAMA,2006,110701,ROOFTOP,ASBSC_TANA/ASRNC_TANA/AN1SGSN02
78,AIRTEL_2071,Ambohimahasoa,AIRTEL,MATSIATRA AMBONY,AMBOHIMAHASOA,AMBOHIMAHASOA,28.0,-21.107779,47.210219,TRUE,TRUE,FALSE,FALSE,2G-3G//MCBSC10/MGMCRNC/,2G-3G,NON,HELIOS,JIRAMA,2007,330203,GREENFIELD,MCBSC10/MGMCRNC/
79,AIRTEL_5572,Ambohimalaza,AIRTEL,ANALAMANGA,ANTANANARIVO AVARADRANO,AMBOHIMALAZA MIRAY,null,-18.893325,47.64707,TRUE,TRUE,TRUE,FALSE,2G-3G-4G//ASBSC_TANA/ASRNC_TANA/AN1SGSN02,2G-3G-4G,NON,HELIOS,GE,2020,110602,GREENFIELD,ASBSC_TANA/ASRNC_TANA/AN1SGSN02
80,AIRTEL_1476,Ambohimanambola,AIRTEL,ANALAMANGA,ANTANANARIVO AVARADRANO,AMBOHIMANAMBOLA,18.0,-18.948586,47.601174,TRUE,TRUE,TRUE,FALSE,2G-3G-4G//ASBSC_TANA/ASRNC_TANA/AN1SGSN02,2G-3G-4G,NON,RAKOTONIRINA MIHAJA TINA,GE,2011,110603,COW,ASBSC_TANA/ASRNC_TANA/AN1SGSN02
81,AIRTEL_1143,Ambohimanarina,AIRTEL,ANALAMANGA,ANTANANARIVO_VI,CU ANTANANARIVO (ARR.VI ),12.0,-18.871217,47.49275,TRUE,TRUE,TRUE,FALSE,2G-3G-4G//ASBSC_TANA/ASRNC_TANA/AN1SGSN02,2G-3G-4G,NON,HELIOS,JIRAMA,2004,111201,ROOFTOP,ASBSC_TANA/ASRNC_TANA/AN1SGSN02
82,AIRTEL_2038,Ambohimandroso,AIRTEL,VAKINANKARATRA,ANTANIFOTSY,AMBOHIMANDROSO,48.71,-19.516973,47.430005,TRUE,TRUE,TRUE,FALSE,2G-3G-4G//ASBSC_TANA/MGMCRNC/AN1SGSN02,2G-3G-4G,NON,HELIOS,JIRAMA,2007,140205,GREENFIELD,ASBSC_TANA/MGMCRNC/AN1SGSN02
83,AIRTEL_5094,Ambohimangakely,AIRTEL,ANALAMANGA,ANTANANARIVO AVARADRANO,AMBOHIMANGAKELY,39.0,-18.90043,47.61095,TRUE,TRUE,TRUE,FALSE,2G-3G-4G//ASBSC_TANA/ASRNC_TANA/AN1SGSN02,2G-3G-4G,OUI,HELIOS,GE,2011,110605,GREENFIELD,ASBSC_TANA/ASRNC_TANA/AN1SGSN02
84,AIRTEL_4701,Ambohimena,AIRTEL,ALAOTRA MANGORO,MORAMANGA,ANDAINGO,45.5,-18.12172222,48.26405556,TRUE,TRUE,FALSE,FALSE,2G-3G//ASBSC_FARA/ASRNC_FARA/,2G-3G,NON,HELIOS,GE,2008,510507,GREENFIELD,ASBSC_FARA/ASRNC_FARA/
85,AIRTEL_5181,Ambohimitsinjo,AIRTEL,DIANA,ANTSIRANANA I,ANTSIRANANA,37.0,-12.310266,49.290372,TRUE,TRUE,TRUE,FALSE,2G-3G-4G//NBSC6/MGMCRNC/AN1SGSN02,2G-3G-4G,NON,HELIOS,JIRAMA,2014,210301,GREENFIELD,NBSC6/MGMCRNC/AN1SGSN02
86,AIRTEL_5058,Ambohipeno,AIRTEL,ANALAMANGA,ANTANANARIVO AVARADRANO,AMBOHIMANGAKELY,46.0,-18.92623,47.58944,TRUE,TRUE,FALSE,FALSE,2G-3G//ASBSC_TANA/ASRNC_TANA/,2G-3G,OUI,HELIOS,GE,2011,110605,GREENFIELD,ASBSC_TANA/ASRNC_TANA/
87,AIRTEL_5224,Ambohipeno_Bira,AIRTEL,VAKINANKARATRA,ANTSIRABE I,ANTSIRABE,33.0,-19.88928,47.02419,TRUE,TRUE,TRUE,FALSE,2G-3G-4G//MCBSC10/MGMCRNC/AN1SGSN02,2G-3G-4G,NON,ORANGE,JIRAMA,2015,140301,GREENFIELD,MCBSC10/MGMCRNC/AN1SGSN02
88,AIRTEL_1133,Ambohipo,AIRTEL,ANALAMANGA,ANTANANARIVO_II,CU ANTANANARIVO (Arr.II),14.0,-18.9337,47.56504,TRUE,TRUE,TRUE,FALSE,2G-3G-4G//ASBSC_TANA/ASRNC_TANA/AN1SGSN02,2G-3G-4G,NON,HELIOS,JIRAMA,2006,110801,ROOFTOP,ASBSC_TANA/ASRNC_TANA/AN1SGSN02
89,AIRTEL_5242,Ambohitrarivo,AIRTEL,ALAOTRA MANGORO,AMPARAFARAVOLA,SAHAMAMY,33.0,-17.513111,48.311917,TRUE,TRUE,FALSE,FALSE,2G-3G//ASBSC_FARA/ASRNC_FARA/,2G-3G,NON,TOA,ENERGIE SOLAIRE,2015,510217,GREENFIELD,ASBSC_FARA/ASRNC_FARA/
90,AIRTEL_1416,Ambohitrimanjaka,AIRTEL,ANALAMANGA,AMBOHIDRATRIMO,AMBOHITRIMANJAKA,15.0,-18.86491,47.44348,TRUE,TRUE,TRUE,FALSE,2G-3G-4G//ASBSC_TANA/ASRNC_TANA/AN1SGSN02,2G-3G-4G,OUI,TOA,MIXTE,2011,110106,GREENFIELD,ASBSC_TANA/ASRNC_TANA/AN1SGSN02
91,AIRTEL_1131,Ambohitromby,AIRTEL,ANALAMANGA,ANTANANARIVO AVARADRANO,AMBOHIMANGAKELY,22.0,-18.88489,47.61452,TRUE,TRUE,TRUE,FALSE,2G-3G-4G//ASBSC_TANA/ASRNC_TANA/AN1SGSN02,2G-3G-4G,NON,HELIOS,JIRAMA,2004,110605,ROOFTOP,ASBSC_TANA/ASRNC_TANA/AN1SGSN02
92,AIRTEL_1429,Ambolomadinika,AIRTEL,ATSINANANA,TOAMASINA I,CU TOAMASINA arr. MORARANO,22.0,-18.15128,49.38983,TRUE,TRUE,TRUE,FALSE,2G-3G-4G//ASBSC_FARA/ASRNC_FARA/AN1SGSN02,2G-3G-4G,NON,TOA,MIXTE,2011,530504,GREENFIELD,ASBSC_FARA/ASRNC_FARA/AN1SGSN02
93,AIRTEL_5160,Ambolomanjakarivo,AIRTEL,ITASY,MIARINARIVO,SOAMAHAMANINA,48.71,-18.99714,47.03358,TRUE,TRUE,TRUE,FALSE,2G-3G-4G//ASBSC_TANA/MGMCRNC/AN1SGSN02,2G-3G-4G,OUI,HELIOS,GE,2013,130212,GREENFIELD,ASBSC_TANA/MGMCRNC/AN1SGSN02
94,AIRTEL_2005,Ambondro,AIRTEL,ANDROY,AMBOVOMBE ANDROY,AMBONDRO,78.0,-25.213056,45.856306,TRUE,TRUE,FALSE,FALSE,2G-3G//ASBSC_IHOSY/MGMCRNC/,2G-3G,OUI,HELIOS,GE,2007,610105,GREENFIELD,ASBSC_IHOSY/MGMCRNC/
95,AIRTEL_1058,Ambondromamy,AIRTEL,BOENY,AMBATO BOENI,AMBONDROMAMY,28.0,-16.437778,47.157778,TRUE,TRUE,TRUE,FALSE,2G-3G-4G//NBSC3/MGMCRNC/AN1SGSN02,2G-3G-4G,NON,HELIOS,GE,2006,420102,GREENFIELD,NBSC3/MGMCRNC/AN1SGSN02
96,AIRTEL_5143,Ambondromisotra,AIRTEL,AMORON'I MANIA,AMBATOFINANDRAHANA,AMBONDROMISOTRA,47.94,-20.329228,46.906755,TRUE,TRUE,TRUE,FALSE,2G-3G-4G//MCBSC10/MGMCRNC/,2G-3G-4G,NON,HELIOS,GE,2012,310103,GREENFIELD,MCBSC10/MGMCRNC/
97,AIRTEL_1176,Ambondrona,AIRTEL,ANALAMANGA,ANTANANARIVO_I,CU ANTANANARIVO (Arr.I),24.0,-18.90393,47.52598,TRUE,TRUE,TRUE,FALSE,2G-3G-4G//ASBSC_TANA/ASRNC_TANA/AN1SGSN02,2G-3G-4G,NON,HELIOS,JIRAMA,2006,110701,ROOFTOP,ASBSC_TANA/ASRNC_TANA/AN1SGSN02
98,AIRTEL_1118,Ambositra,AIRTEL,AMORON'I MANIA,AMBOSITRA,AMBOSITRA BANLIEUE,66.0,-20.55275,47.27391667,TRUE,TRUE,TRUE,FALSE,2G-3G-4G//MCBSC10/MGMCRNC/AN1SGSN02,2G-3G-4G,NON,HELIOS,JIRAMA,2005,310208,GREENFIELD,MCBSC10/MGMCRNC/AN1SGSN02
99,AIRTEL_5109,Ambositra2,AIRTEL,AMORON'I MANIA,AMBOSITRA,AMBOSITRA,47.0,-20.531531,47.231586,TRUE,TRUE,FALSE,FALSE,2G-3G//MCBSC10/MGMCRNC/,2G-3G,NON,HELIOS,JIRAMA,2012,310207,GREENFIELD,MCBSC10/MGMCRNC/
100,AIRTEL_5246,Ambositra3,AIRTEL,AMORON'I MANIA,AMBOSITRA,AMBOSITRA,38.0,-20.54196,47.25166,TRUE,TRUE,FALSE,FALSE,2G-3G//MCBSC10/MGMCRNC/,2G-3G,NON,HELIOS,GE,2015,310207,GREENFIELD,MCBSC10/MGMCRNC/
101,AIRTEL_2025,Ambovombe,AIRTEL,ANDROY,AMBOVOMBE ANDROY,AMBOVOMBE ANDROY,68.0,-25.1799,46.0914,TRUE,TRUE,TRUE,FALSE,2G-3G-4G//ASBSC_IHOSY/MGMCRNC/AN1SGSN02,2G-3G-4G,NON,HELIOS,JIRAMA,2007,610106,GREENFIELD,ASBSC_IHOSY/MGMCRNC/AN1SGSN02
102,AIRTEL_5259,Ambovombe2,AIRTEL,ANDROY,AMBOVOMBE ANDROY,AMBOVOMBE ANDROY,38.0,-25.1789,46.0808,TRUE,TRUE,TRUE,FALSE,2G-3G-4G//ASBSC_IHOSY/MGMCRNC/AN1SGSN02,2G-3G-4G,NON,HELIOS,JIRAMA,2015,610106,GREENFIELD,ASBSC_IHOSY/MGMCRNC/AN1SGSN02
103,AIRTEL_2725,Ampandra,AIRTEL,IHOROMBE,IHOSY,RANOHIRA,47.0,-22.7795,45.02709,TRUE,TRUE,TRUE,FALSE,2G-3G-4G//ASBSC_IHOSY/MGMCRNC/AN1SGSN02,2G-3G-4G,NON,HELIOS,GE,2007,340213,GREENFIELD,ASBSC_IHOSY/MGMCRNC/AN1SGSN02
104,AIRTEL_2726,Ampandra1,AIRTEL,ATSIMO ANDREFANA,SAKARAHA,SAKARAHA,75.0,-22.82573,44.7334,TRUE,TRUE,FALSE,FALSE,2G-3G//ASBSC_IHOSY/MGMCRNC/,2G-3G,NON,HELIOS,GE,2008,630712,GREENFIELD,ASBSC_IHOSY/MGMCRNC/
105,AIRTEL_4705,Ampandrabe_Soamatasy,AIRTEL,IHOROMBE,IHOSY,SOAMATASY,27.0,-22.66291,46.06649,TRUE,TRUE,FALSE,FALSE,2G-3G//ASBSC_IHOSY/MGMCRNC/,2G-3G,NON,HELIOS,GE,2008,340217,GREENFIELD,ASBSC_IHOSY/MGMCRNC/
106,AIRTEL_1170,Ampandrana,AIRTEL,ANALAMANGA,ANTANANARIVO_III,CU ANTANANARIVO (Arr.III),14.0,-18.90239,47.53041,TRUE,TRUE,FALSE,FALSE,2G-3G//ASBSC_TANA/ASRNC_TANA/,2G-3G,NON,HELIOS,JIRAMA,2006,110901,ROOFTOP,ASBSC_TANA/ASRNC_TANA/
107,AIRTEL_5217,Ampandrianomby,AIRTEL,ANALAMANGA,ANTANANARIVO_V,CU ANTANANARIVO (Arr.V),16.0,-18.902,47.54775,TRUE,TRUE,TRUE,FALSE,2G-3G-4G//ASBSC_TANA/ASRNC_TANA/AN1SGSN02,2G-3G-4G,NON,GULFSAT,JIRAMA,2017,111101,GREENFIELD,ASBSC_TANA/ASRNC_TANA/AN1SGSN02
108,AIRTEL_2058,Ampanefena,AIRTEL,SAVA,VOHEMAR,AMPANEFENA,48.0,-13.84458333,49.96250556,TRUE,TRUE,FALSE,FALSE,2G-3G//NBSC6/MGMCRNC/,2G-3G,NON,HELIOS,GE,2007,220404,GREENFIELD,NBSC6/MGMCRNC/
109,AIRTEL_2008,Ampanihy,AIRTEL,ATSIMO ANDREFANA,AMPANIHY OUEST,AMPANIHY CENTRE,47.0,-24.68642839,44.7402045,TRUE,TRUE,TRUE,FALSE,2G-3G-4G//ASBSC_IHOSY/MGMCRNC/AN1SGSN02,2G-3G-4G,NON,HELIOS,JIRAMA,2007,630102,GREENFIELD,ASBSC_IHOSY/MGMCRNC/AN1SGSN02
110,AIRTEL_2028,Amparafaravola,AIRTEL,ALAOTRA MANGORO,AMPARAFARAVOLA,AMPARAFARAVOLA,47.75,-17.58028889,48.22921944,TRUE,TRUE,FALSE,FALSE,2G-3G//ASBSC_FARA/ASRNC_FARA/,2G-3G,NON,HELIOS,JIRAMA,2007,510207,GREENFIELD,ASBSC_FARA/ASRNC_FARA/
111,AIRTEL_1137,Amparibe,AIRTEL,ANALAMANGA,ANTANANARIVO_I,CU ANTANANARIVO (Arr.I),7.0,-18.91617,47.52959,TRUE,TRUE,TRUE,FALSE,2G-3G-4G//ASBSC_TANA/ASRNC_TANA/AN1SGSN02,2G-3G-4G,NON,HELIOS,JIRAMA,2006,110701,ROOFTOP,ASBSC_TANA/ASRNC_TANA/AN1SGSN02
112,AIRTEL_1522,Amparihy,AIRTEL,ANOSY,TAOLANARO,TOLAGNARO,38.0,-25.0168,46.97968,TRUE,TRUE,TRUE,FALSE,2G-3G-4G//ASBSC_IHOSY/MGMCRNC/AN1SGSN02,2G-3G-4G,OUI,HELIOS,GE,2011,620327,GREENFIELD,ASBSC_IHOSY/MGMCRNC/AN1SGSN02
113,AIRTEL_1146,Ampasapito,AIRTEL,ANALAMANGA,ANTANANARIVO_V,CU ANTANANARIVO (Arr.V),32.0,-18.89477,47.54464,TRUE,TRUE,TRUE,FALSE,2G-3G-4G//ASBSC_TANA/ASRNC_TANA/AN1SGSN02,2G-3G-4G,NON,HELIOS,JIRAMA,1997,111101,GREENFIELD,ASBSC_TANA/ASRNC_TANA/AN1SGSN02
114,AIRTEL_5059,Ampasika,AIRTEL,ANALAMANGA,ANTANANARIVO ATSIMONDRANO,BEMASOANDRO,38.0,-18.90992,47.49,TRUE,TRUE,TRUE,FALSE,2G-3G-4G//ASBSC_TANA/ASRNC_TANA/AN1SGSN02,2G-3G-4G,NON,HELIOS,JIRAMA,2011,110518,GREENFIELD,ASBSC_TANA/ASRNC_TANA/AN1SGSN02
115,AIRTEL_1231,Ampasimanjeva,AIRTEL,FITOVINANY,MANAKARA,VOHIMASINA NORD,65.0,-21.7523,48.09783,TRUE,TRUE,FALSE,FALSE,2G-3G//NBSC1/MGMCRNC/,2G-3G,NON,HELIOS,GE,2008,350243,GREENFIELD,NBSC1/MGMCRNC/
116,AIRTEL_1025,Ampasimazava,AIRTEL,ATSINANANA,TOAMASINA I,CU TOAMASINA,27.0,-18.1614,49.4161,TRUE,TRUE,TRUE,FALSE,2G-3G-4G//ASBSC_FARA/ASRNC_FARA/AN1SGSN02,2G-3G-4G,NON,HELIOS,JIRAMA,2006,530501,GREENFIELD,ASBSC_FARA/ASRNC_FARA/AN1SGSN02
117,AIRTEL_1155,Ampefiloha,AIRTEL,ANALAMANGA,ANTANANARIVO_I,CU ANTANANARIVO (Arr.I),19.0,-18.9157,47.51479,TRUE,TRUE,TRUE,FALSE,2G-3G-4G//ASBSC_TANA/ASRNC_TANA/AN1SGSN02,2G-3G-4G,NON,HELIOS,JIRAMA,2005,110701,ROOFTOP,ASBSC_TANA/ASRNC_TANA/AN1SGSN02
118,AIRTEL_1313,Amperifery,AIRTEL,ITASY,SOAVINANDRIANA,TAMPONALA,48.71,-19.256139,46.416222,TRUE,TRUE,FALSE,FALSE,2G-3G//ASBSC_TANA/MGMCRNC/,2G-3G,NON,HELIOS,GE,2007,130315,GREENFIELD,ASBSC_TANA/MGMCRNC/
119,AIRTEL_1115,Ampitatafika,AIRTEL,ANALAMANGA,ANTANANARIVO ATSIMONDRANO,AMPITATAFIKA,24.4,-18.938762,47.478325,TRUE,TRUE,TRUE,FALSE,2G-3G-4G//ASBSC_TANA/ASRNC_TANA/AN1SGSN02,2G-3G-4G,NON,TOA,MIXTE,2004,110510,GREENFIELD,ASBSC_TANA/ASRNC_TANA/AN1SGSN02
120,AIRTEL_5105,Ampizarantany,AIRTEL,BONGOLAVA,TSIROANOMANDIDY,TSINJOARIVO-IMANGA,28.71,-18.9446,46.223642,TRUE,TRUE,FALSE,FALSE,2G-3G//ASBSC_TANA/MGMCRNC/,2G-3G,NON,HELIOS,GE,2012,120216,GREENFIELD,ASBSC_TANA/MGMCRNC/
121,AIRTEL_1312,Ampotaka,AIRTEL,VAKINANKARATRA,AMBATOLAMPY,ANTSAMPANDRANO,48.71,-19.54003,47.586367,TRUE,TRUE,FALSE,FALSE,2G-3G//ASBSC_TANA/MGMCRNC/,2G-3G,NON,HELIOS,GE,2007,140111,GREENFIELD,ASBSC_TANA/MGMCRNC/
122,AIRTEL_4740,Anadabo,AIRTEL,ATSIMO ANDREFANA,BETIOKY SUD,MAROSAVOA,48.0,-23.92177,44.8574,TRUE,TRUE,FALSE,FALSE,2G-3G//ASBSC_IHOSY/MGMCRNC/,2G-3G,OUI,HELIOS,GE,2008,630517,GREENFIELD,ASBSC_IHOSY/MGMCRNC/
123,AIRTEL_4747,Analaiva,AIRTEL,MENABE,MORONDAVA,ANALAIVA,47.0,-20.32555833,44.48779722,TRUE,TRUE,TRUE,FALSE,2G-3G-4G//MCBSC10/MGMCRNC/,2G-3G-4G,NON,HELIOS,GE,2008,640501,GREENFIELD,MCBSC10/MGMCRNC/
124,AIRTEL_1163,Analakely,AIRTEL,ANALAMANGA,ANTANANARIVO_III,CU ANTANANARIVO (Arr.III),36.0,-18.90276,47.52269,TRUE,TRUE,TRUE,FALSE,2G-3G-4G//ASBSC_TANA/ASRNC_TANA/AN1SGSN02,2G-3G-4G,NON,HELIOS,JIRAMA,2000,110901,ROOFTOP,ASBSC_TANA/ASRNC_TANA/AN1SGSN02
125,AIRTEL_5116,Analalava,AIRTEL,SOFIA,ANALALAVA,ANALALAVA,38.71,-14.6354,47.75265,TRUE,TRUE,FALSE,FALSE,2G-3G//NBSC6/MGMCRNC/,2G-3G,NON,HELIOS,GE,2012,440104,GREENFIELD,NBSC6/MGMCRNC/
126,AIRTEL_1128,Analamahitsy,AIRTEL,ANALAMANGA,ANTANANARIVO_V,CU ANTANANARIVO (Arr.V),18.0,-18.87168,47.54731,TRUE,TRUE,TRUE,FALSE,2G-3G-4G//ASBSC_TANA/ASRNC_TANA/AN1SGSN02,2G-3G-4G,NON,HELIOS,JIRAMA,2004,111101,ROOFTOP,ASBSC_TANA/ASRNC_TANA/AN1SGSN02
127,AIRTEL_1221,Analamisondrotra,AIRTEL,SOFIA,BEALANANA,AMBATOSIA,48.71,-14.719116,48.556911,TRUE,TRUE,FALSE,FALSE,2G-3G//NBSC6/MGMCRNC/,2G-3G,NON,HELIOS,GE,2007,440305,GREENFIELD,NBSC6/MGMCRNC/
128,AIRTEL_1224,Analarezy,AIRTEL,SOFIA,BEFANDRIANA NORD,MORAFENO,48.0,-15.131639,48.290936,TRUE,TRUE,FALSE,FALSE,2G-3G//NBSC6/MGMCRNC/,2G-3G,NON,HELIOS,GE,2007,130121,GREENFIELD,NBSC6/MGMCRNC/
129,AIRTEL_1309,Analavory,AIRTEL,ITASY,MIARINARIVO,ANALAVORY,48.71,-19.01256,46.73214,TRUE,TRUE,TRUE,FALSE,2G-3G-4G//ASBSC_TANA/MGMCRNC/AN1SGSN02,2G-3G-4G,OUI,HELIOS,GE,2007,130203,GREENFIELD,ASBSC_TANA/MGMCRNC/AN1SGSN02
130,AIRTEL_5195,Analavory2,AIRTEL,ITASY,MIARINARIVO,ANALAVORY,37.0,-18.965006,46.701843,TRUE,TRUE,TRUE,FALSE,2G-3G-4G//ASBSC_TANA/MGMCRNC/AN1SGSN02,2G-3G-4G,NON,TOA,MIXTE,2015,130203,GREENFIELD,ASBSC_TANA/MGMCRNC/AN1SGSN02
131,AIRTEL_5180,Andaboly,AIRTEL,ATSIMO ANDREFANA,TOLIARA I,TOLIARA I,28.0,-23.341472,43.668056,TRUE,TRUE,TRUE,FALSE,2G-3G-4G//ASBSC_IHOSY/MGMCRNC/AN1SGSN02,2G-3G-4G,OUI,TOA,MIXTE,2014,630801,GREENFIELD,ASBSC_IHOSY/MGMCRNC/AN1SGSN02
132,AIRTEL_5211,Andakana,AIRTEL,ANALAMANGA,AMBOHIDRATRIMO,ANOSIALA,38.0,-18.799156,47.418389,TRUE,TRUE,TRUE,FALSE,2G-3G-4G//ASBSC_TANA/ASRNC_TANA/AN1SGSN02,2G-3G-4G,NON,HELIOS,GE,2014,110110,GREENFIELD,ASBSC_TANA/ASRNC_TANA/AN1SGSN02
133,AIRTEL_4707,Andalatanosy,AIRTEL,ANDROY,AMBOVOMBE ANDROY,ANDALATANOSY,68.0,-24.664012,45.584712,TRUE,TRUE,FALSE,FALSE,2G-3G//ASBSC_IHOSY/MGMCRNC/,2G-3G,OUI,HELIOS,GE,2008,610109,GREENFIELD,ASBSC_IHOSY/MGMCRNC/
134,AIRTEL_2102,Andamilamy,AIRTEL,ANDROY,BELOHA ANDROY,TRANOROA,68.0,-24.82584722,45.10166667,TRUE,TRUE,FALSE,FALSE,2G-3G//ASBSC_IHOSY/MGMCRNC/,2G-3G,NON,HELIOS,GE,2007,610305,GREENFIELD,ASBSC_IHOSY/MGMCRNC/
135,AIRTEL_2057,Andapa,AIRTEL,SAVA,ANDAPA,ANDAPA,28.0,-14.66378889,49.6449,TRUE,TRUE,TRUE,FALSE,2G-3G-4G//NBSC6/MGMCRNC/AN1SGSN02,2G-3G-4G,NON,HELIOS,JIRAMA,2007,220104,GREENFIELD,NBSC6/MGMCRNC/AN1SGSN02
136,AIRTEL_1066,Andasibe,AIRTEL,ANALANJIROFO,VAVATENINA,ANDASIBE,28.5,-18.92233333,48.42738889,TRUE,TRUE,FALSE,FALSE,2G-3G//ASBSC_FARA/ASRNC_FARA/,2G-3G,NON,HELIOS,JIRAMA,2003,410102,GREENFIELD,ASBSC_FARA/ASRNC_FARA/
137,AIRTEL_5297,Andavamamba,AIRTEL,ANALAMANGA,ANTANANARIVO_I,CU ANTANANARIVO (Arr.I),18.0,-18.915698,47.508007,TRUE,TRUE,TRUE,FALSE,2G-3G-4G//ASBSC_TANA/ASRNC_TANA/AN1SGSN02,2G-3G-4G,NON,HELIOS,JIRAMA,2017,110701,ROOFTOP,ASBSC_TANA/ASRNC_TANA/AN1SGSN02
138,AIRTEL_5023,Andilamena,AIRTEL,ALAOTRA MANGORO,ANDILAMENA,BEMAITSO,48.0,-17.04446944,48.54503889,TRUE,TRUE,FALSE,FALSE,2G-3G//ASBSC_FARA/ASRNC_FARA/,2G-3G,NON,HELIOS,GE,2007,510303,GREENFIELD,ASBSC_FARA/ASRNC_FARA/
139,AIRTEL_1036,Andilana,AIRTEL,DIANA,NOSY-BE,CU NOSY-BE,28.0,-13.262736,48.192597,TRUE,TRUE,FALSE,FALSE,2G-3G//NBSC6/MGMCRNC/,2G-3G,OUI,HELIOS,JIRAMA,2003,210501,GREENFIELD,NBSC6/MGMCRNC/
140,AIRTEL_2115,Andiolava,AIRTEL,IHOROMBE,IHOSY,ANDIOLAVA,28.0,-22.501457,45.568563,TRUE,TRUE,FALSE,FALSE,2G-3G//ASBSC_IHOSY/MGMCRNC/,2G-3G,NON,HELIOS,GE,2007,340205,GREENFIELD,ASBSC_IHOSY/MGMCRNC/
141,AIRTEL_1153,Andohalo,AIRTEL,ANALAMANGA,ANTANANARIVO_I,CU ANTANANARIVO (Arr.I),13.0,-18.91642,47.53084,TRUE,TRUE,FALSE,FALSE,2G-3G//ASBSC_TANA/ASRNC_TANA/AN1SGSN02,2G-3G,null,null,null,2003,110701,ROOFTOP,ASBSC_TANA/ASRNC_TANA/AN1SGSN02
142,AIRTEL_3708,Andohalo2,AIRTEL,ANALAMANGA,ANTANANARIVO_II,CU ANTANANARIVO (Arr.II),14.0,-18.91816,47.53283,TRUE,TRUE,FALSE,FALSE,2G-3G//ASBSC_TANA/ASRNC_TANA/,2G-3G,NON,HELIOS,JIRAMA,2008,110801,ROOFTOP,ASBSC_TANA/ASRNC_TANA/
143,AIRTEL_5241,Andoharano,AIRTEL,DIANA,AMBANJA,BEMANEVIKA HAUT-SAMBIRANO,29.0,-13.858,48.466389,TRUE,TRUE,FALSE,FALSE,2G-3G//NBSC6/MGMCRNC/,2G-3G,OUI,TOA,ENERGIE SOLAIRE,2016,210116,GREENFIELD,NBSC6/MGMCRNC/
144,AIRTEL_4904,Andoharanofotsy,AIRTEL,ANALAMANGA,ANTANANARIVO ATSIMONDRANO,ANDOHARANOFOTSY,38.0,-18.986829,47.529445,TRUE,TRUE,TRUE,FALSE,2G-3G-4G//ASBSC_TANA/ASRNC_TANA/AN1SGSN02,2G-3G-4G,NON,HELIOS,JIRAMA,2012,110511,GREENFIELD,ASBSC_TANA/ASRNC_TANA/AN1SGSN02
145,AIRTEL_5096,Andohatanjona,AIRTEL,ANALAMANGA,ANTANANARIVO ATSIMONDRANO,ITAOSY,28.71,-18.909765,47.466329,TRUE,TRUE,TRUE,FALSE,2G-3G-4G//ASBSC_TANA/ASRNC_TANA/AN1SGSN02,2G-3G-4G,OUI,HELIOS,JIRAMA,2012,110522,GREENFIELD,ASBSC_TANA/ASRNC_TANA/AN1SGSN02
146,AIRTEL_5178,Andohatapenaka,AIRTEL,ANALAMANGA,ANTANANARIVO_VI,CU ANTANANARIVO (ARR.VI ),28.0,-18.890561,47.491604,TRUE,TRUE,TRUE,FALSE,2G-3G-4G//ASBSC_TANA/ASRNC_TANA/AN1SGSN02,2G-3G-4G,NON,HELIOS,JIRAMA,2015,111201,ROOFTOP,ASBSC_TANA/ASRNC_TANA/AN1SGSN02
147,AIRTEL_5237,Andonaka,AIRTEL,MATSIATRA AMBONY,AMBALAVAO,AMBINANIROA,33.0,-21.91088,46.499527,TRUE,TRUE,FALSE,FALSE,2G-3G//NBSC1/MGMCRNC/,2G-3G,OUI,TOA,ENERGIE SOLAIRE,2015,330103,GREENFIELD,NBSC1/MGMCRNC/
148,AIRTEL_5342,Andraharo,AIRTEL,ANALAMANGA,ANTANANARIVO_VI,CU ANTANANARIVO (ARR.VI ),38.0,-18.877194,47.508222,TRUE,TRUE,TRUE,FALSE,2G-3G-4G//ASBSC_TANA/ASRNC_TANA/AN1SGSN02,2G-3G-4G,NON,TOA,MIXTE,2016,111201,GREENFIELD,ASBSC_TANA/ASRNC_TANA/AN1SGSN02
149,AIRTEL_5293,Andraikiba,AIRTEL,VAKINANKARATRA,ANTSIRABE II,BELAZAO,28.0,-19.912173,46.953722,TRUE,TRUE,TRUE,FALSE,2G-3G-4G//MCBSC10/MGMCRNC/AN1SGSN02,2G-3G-4G,NON,HELIOS,GE,2018,140413,GREENFIELD,MCBSC10/MGMCRNC/AN1SGSN02
150,AIRTEL_5060,Andraisoro,AIRTEL,ANALAMANGA,ANTANANARIVO_V,CU ANTANANARIVO (Arr.V),38.0,-18.903611,47.556583,TRUE,TRUE,TRUE,FALSE,2G-3G-4G//ASBSC_TANA/ASRNC_TANA/AN1SGSN02,2G-3G-4G,NON,HELIOS,JIRAMA,2012,111101,GREENFIELD,ASBSC_TANA/ASRNC_TANA/AN1SGSN02
151,AIRTEL_1323,Andralanitra,AIRTEL,ANALAMANGA,ANTANANARIVO AVARADRANO,AMBOHIMANGAKELY,28.0,-18.89879,47.57605,TRUE,TRUE,TRUE,FALSE,2G-3G-4G//ASBSC_TANA/ASRNC_TANA/AN1SGSN02,2G-3G-4G,NON,HELIOS,JIRAMA,2007,110605,GREENFIELD,ASBSC_TANA/ASRNC_TANA/AN1SGSN02
152,AIRTEL_5097,Andramasina,AIRTEL,ANALAMANGA,ANDRAMASINA,ANDRAMASINA,38.0,-19.18666,47.59054,TRUE,TRUE,FALSE,FALSE,2G-3G//ASBSC_TANA/MGMCRNC/,2G-3G,NON,HELIOS,GE,2012,110205,GREENFIELD,ASBSC_TANA/MGMCRNC/
69,GULFSAT_T44,Betongolo,GULFSAT,ANALAMANGA,ANTANANARIVO_III,CU ANTANANARIVO (Arr.III),null,-18.905666666666665,47.53781111111111,FALSE,TRUE,TRUE,FALSE,null,3G-4G,null,null,null,2020,110901,null,null
153,AIRTEL_1425,Andranomamy,AIRTEL,BOENY,AMBATO BOENI,ANDRANOMAMY,38.0,-16.532785,47.129725,TRUE,TRUE,TRUE,FALSE,2G-3G-4G//NBSC3/MGMCRNC/AN1SGSN02,2G-3G-4G,NON,HELIOS,GE,2011,420104,GREENFIELD,NBSC3/MGMCRNC/AN1SGSN02
154,AIRTEL_1311,Andranonahoatra,AIRTEL,BONGOLAVA,TSIROANOMANDIDY,ANKADINONDRY SAKAY,47.5,-19.01565,46.516444,TRUE,TRUE,FALSE,FALSE,2G-3G//ASBSC_TANA/MGMCRNC/,2G-3G,NON,HELIOS,GE,2007,120204,GREENFIELD,ASBSC_TANA/MGMCRNC/
155,AIRTEL_2715,Andranovelona,AIRTEL,ANALAMANGA,ANKAZOBE,FIHAONANA,47.0,-18.639057,47.28808,TRUE,TRUE,FALSE,FALSE,2G-3G//ASBSC_TANA/ASRNC_TANA/,2G-3G,NON,HELIOS,GE,2007,110407,GREENFIELD,ASBSC_TANA/ASRNC_TANA/
156,AIRTEL_2728,Andranovory,AIRTEL,ATSIMO ANDREFANA,TOLIARY II,ANDRANOVORY,68.0,-23.12215,44.11865,TRUE,TRUE,FALSE,FALSE,2G-3G//ASBSC_IHOSY/MGMCRNC/,2G-3G,NON,HELIOS,GE,2008,630906,GREENFIELD,ASBSC_IHOSY/MGMCRNC/
157,AIRTEL_2727,Andranovory1,AIRTEL,ATSIMO ANDREFANA,SAKARAHA,MAHABOBOKA,48.71,-22.92562,44.35343,TRUE,TRUE,FALSE,FALSE,2G-3G//ASBSC_IHOSY/MGMCRNC/,2G-3G,NON,HELIOS,GE,2008,630706,GREENFIELD,ASBSC_IHOSY/MGMCRNC/
158,AIRTEL_1145,Andravoahangy,AIRTEL,ANALAMANGA,ANTANANARIVO_III,CU ANTANANARIVO (Arr.III),26.0,-18.89824,47.53172,TRUE,TRUE,TRUE,FALSE,2G-3G-4G//ASBSC_TANA/ASRNC_TANA/AN1SGSN02,2G-3G-4G,NON,HELIOS,JIRAMA,2003,110901,ROOFTOP,ASBSC_TANA/ASRNC_TANA/AN1SGSN02
159,AIRTEL_2719,Andriba,AIRTEL,BETSIBOKA,MAEVATANANA,ANDRIBA,48.0,-17.60843,46.96644,TRUE,TRUE,FALSE,FALSE,2G-3G//ASBSC_TANA/MGMCRNC/,2G-3G,NON,HELIOS,GE,2007,410203,GREENFIELD,ASBSC_TANA/MGMCRNC/
160,AIRTEL_1125,Androhibe,AIRTEL,ANALAMANGA,ANTANANARIVO_V,CU ANTANANARIVO (Arr.V),12.0,-18.86782,47.53757,TRUE,TRUE,TRUE,FALSE,2G-3G-4G//ASBSC_TANA/ASRNC_TANA/AN1SGSN02,2G-3G-4G,NON,HELIOS,JIRAMA,2004,111101,ROOFTOP,ASBSC_TANA/ASRNC_TANA/AN1SGSN02
161,AIRTEL_5176,Androhibe2,AIRTEL,ANALAMANGA,ANTANANARIVO_V,CU ANTANANARIVO (Arr.V),48.0,-18.86044,47.53469,TRUE,TRUE,TRUE,FALSE,2G-3G-4G//ASBSC_TANA/ASRNC_TANA/AN1SGSN02,2G-3G-4G,NON,ORANGE,JIRAMA,2014,111101,GREENFIELD,ASBSC_TANA/ASRNC_TANA/AN1SGSN02
162,AIRTEL_1409,Androndra,AIRTEL,ANALAMANGA,ANTANANARIVO_II,CU ANTANANARIVO (Arr.II),15.0,-18.93991,47.54036111,TRUE,TRUE,TRUE,FALSE,2G-3G-4G//ASBSC_TANA/ASRNC_TANA/AN1SGSN02,2G-3G-4G,NON,HELIOS,JIRAMA,2011,110801,ROOFTOP,ASBSC_TANA/ASRNC_TANA/AN1SGSN02
163,AIRTEL_5188,Androva,AIRTEL,BOENY,MAHAJANGA I,MAHAJANGA,33.0,-15.71829,46.308137,TRUE,TRUE,FALSE,FALSE,2G-3G//NBSC3/MGMCRNC/,2G-3G,NON,ORANGE,JIRAMA,2015,420201,GREENFIELD,NBSC3/MGMCRNC/
164,AIRTEL_5244,Angarazy,AIRTEL,ATSIMO ANDREFANA,MOROMBE,AMBAHIKILY,29.5,-21.70575,43.741472,TRUE,FALSE,FALSE,FALSE,2G Only//ASBSC_IHOSY/NA/,2G,OUI,TOA,ENERGIE SOLAIRE,2016,630601,GREENFIELD,ASBSC_IHOSY/NA/
165,AIRTEL_1106,Angavokely,AIRTEL,ANALAMANGA,MANJAKANDRIANA,ALAROBIA,28.71,-18.92771,47.73773,TRUE,TRUE,FALSE,FALSE,2G-3G//ASBSC_TANA/ASRNC_TANA/,2G-3G,NON,HELIOS,JIRAMA,2003,111301,GREENFIELD,ASBSC_TANA/ASRNC_TANA/
166,AIRTEL_2703,Angodongodona,AIRTEL,ANALAMANGA,ANTANANARIVO ATSIMONDRANO,FENOARIVO,48.0,-20.827224,46.867,TRUE,TRUE,FALSE,FALSE,2G-3G//MCBSC10/MGMCRNC/,2G-3G,NON,HELIOS,GE,2007,110520,GREENFIELD,MCBSC10/MGMCRNC/
167,AIRTEL_4759,Anivolava,AIRTEL,SOFIA,ANALALAVA,ANKARAMY,27.0,-14.06222222,48.10777778,TRUE,TRUE,FALSE,FALSE,2G-3G//NBSC6/MGMCRNC/,2G-3G,NON,HELIOS,GE,2008,440107,GREENFIELD,NBSC6/MGMCRNC/
168,AIRTEL_3801,Anivorano_Est,AIRTEL,ATSINANANA,BRICKAVILLE,ANIVORANO EST,17.77,-18.752223,48.97769,TRUE,TRUE,FALSE,FALSE,2G-3G//ASBSC_FARA/ASRNC_FARA/,2G-3G,OUI,HELIOS,GE,2008,530207,GREENFIELD,ASBSC_FARA/ASRNC_FARA/
169,AIRTEL_1204,Anivorano_Nord,AIRTEL,DIANA,ANTSIRANANA II,ANTSOHA,67.0,-12.70365,49.25225,TRUE,TRUE,FALSE,FALSE,2G-3G//NBSC6/MGMCRNC/,2G-3G,NON,HELIOS,GE,2007,210411,GREENFIELD,NBSC6/MGMCRNC/
170,AIRTEL_5550,Anjahambe,AIRTEL,SOFIA,MANDRITSARA,ANTSIATSIAKA,31.0,null,null,TRUE,TRUE,FALSE,FALSE,2G-3G//ASBSC_FARA/ASRNC_FARA/,2G-3G,OUI,TOA,SOLDIES,2020,440619,GREENFIELD,ASBSC_FARA/ASRNC_FARA/
171,AIRTEL_1434,Anjanahary,AIRTEL,ANALAMANGA,ANTANANARIVO_V,CU ANTANANARIVO (Arr.V),18.0,-18.8952,47.53663,TRUE,TRUE,TRUE,FALSE,2G-3G-4G//ASBSC_TANA/ASRNC_TANA/AN1SGSN02,2G-3G-4G,NON,HELIOS,JIRAMA,2012,111101,ROOFTOP,ASBSC_TANA/ASRNC_TANA/AN1SGSN02
172,AIRTEL_1150,Anjary,AIRTEL,ANALAMANGA,ANTANANARIVO_I,CU ANTANANARIVO (Arr.I),26.0,-18.9069,47.51802,TRUE,TRUE,TRUE,FALSE,2G-3G-4G//ASBSC_TANA/ASRNC_TANA/AN1SGSN02,2G-3G-4G,NON,HELIOS,JIRAMA,2002,110701,ROOFTOP,ASBSC_TANA/ASRNC_TANA/AN1SGSN02
173,AIRTEL_5061,Anjeva,AIRTEL,ANALAMANGA,ANTANANARIVO AVARADRANO,ANJEVA GARA,38.0,-18.939661,47.659936,TRUE,TRUE,FALSE,FALSE,2G-3G//ASBSC_TANA/ASRNC_TANA/,2G-3G,OUI,HELIOS,JIRAMA,2012,110606,GREENFIELD,ASBSC_TANA/ASRNC_TANA/
174,AIRTEL_1169,Anjohy,AIRTEL,ANALAMANGA,ANTANANARIVO_II,CU ANTANANARIVO (Arr.II),13.0,-18.91823,47.53524,TRUE,TRUE,TRUE,FALSE,2G-3G-4G//ASBSC_TANA/ASRNC_TANA/AN1SGSN02,2G-3G-4G,NON,HELIOS,JIRAMA,2006,110801,ROOFTOP,ASBSC_TANA/ASRNC_TANA/AN1SGSN02
175,AIRTEL_1527,Anjoma,AIRTEL,ATSINANANA,TOAMASINA I,CU TOAMASINA,18.0,-18.15918,49.40928,TRUE,TRUE,TRUE,FALSE,2G-3G-4G//ASBSC_FARA/ASRNC_FARA/AN1SGSN02,2G-3G-4G,NON,HELIOS,JIRAMA,2011,530501,ROOFTOP,ASBSC_FARA/ASRNC_FARA/AN1SGSN02
176,AIRTEL_2734,Anjozorobe,AIRTEL,ANALAMANGA,ANJOZOROBE,ANJOZOROBE,48.71,-18.396399,47.881801,TRUE,TRUE,TRUE,FALSE,2G-3G-4G//ASBSC_TANA/ASRNC_TANA/AN1SGSN02,2G-3G-4G,NON,HELIOS,JIRAMA,2007,110311,GREENFIELD,ASBSC_TANA/ASRNC_TANA/AN1SGSN02
177,AIRTEL_1140,Ankadifotsy,AIRTEL,ANALAMANGA,ANTANANARIVO_III,CU ANTANANARIVO (Arr.III),16.0,-18.89531,47.52313,TRUE,TRUE,TRUE,FALSE,2G-3G-4G//ASBSC_TANA/ASRNC_TANA/AN1SGSN02,2G-3G-4G,NON,HELIOS,JIRAMA,2008,110901,ROOFTOP,ASBSC_TANA/ASRNC_TANA/AN1SGSN02
178,AIRTEL_1166,Ankadifotsy2,AIRTEL,ANALAMANGA,ANTANANARIVO_III,CU ANTANANARIVO (Arr.III),15.0,-18.89531,47.52671,TRUE,TRUE,TRUE,FALSE,2G-3G-4G//ASBSC_TANA/ASRNC_TANA/AN1SGSN02,2G-3G-4G,NON,HELIOS,JIRAMA,2006,110901,ROOFTOP,ASBSC_TANA/ASRNC_TANA/AN1SGSN02
179,AIRTEL_5062,Ankadifotsy3,AIRTEL,ANALAMANGA,ANTANANARIVO_III,CU ANTANANARIVO (Arr.III),15.0,-18.899278,47.526459,TRUE,TRUE,TRUE,FALSE,2G-3G-4G//ASBSC_TANA/ASRNC_TANA/AN1SGSN02,2G-3G-4G,NON,HELIOS,JIRAMA,2012,110901,ROOFTOP,ASBSC_TANA/ASRNC_TANA/AN1SGSN02
180,AIRTEL_5095,Ankaditoho,AIRTEL,ANALAMANGA,ANTANANARIVO_IV,CU ANTANANARIVO (Arr.IV),37.0,-18.939711,47.529219,TRUE,TRUE,TRUE,FALSE,2G-3G-4G//ASBSC_TANA/ASRNC_TANA/AN1SGSN02,2G-3G-4G,NON,HELIOS,JIRAMA,2012,111001,GREENFIELD,ASBSC_TANA/ASRNC_TANA/AN1SGSN02
181,AIRTEL_1179,Ankadivato,AIRTEL,ANALAMANGA,ANTANANARIVO_I,CU ANTANANARIVO (Arr.I),32.0,-18.9077,47.53206,TRUE,TRUE,TRUE,FALSE,2G-3G-4G//ASBSC_TANA/ASRNC_TANA/AN1SGSN02,2G-3G-4G,NON,HELIOS,JIRAMA,2006,110701,ROOFTOP,ASBSC_TANA/ASRNC_TANA/AN1SGSN02
182,AIRTEL_5350,Ankadivoribe,AIRTEL,ANALAMANGA,ANTANANARIVO ATSIMONDRANO,AMPANEFY,28.0,-18.985275,47.504783,TRUE,TRUE,FALSE,FALSE,2G-3G//ASBSC_TANA/ASRNC_TANA/,2G-3G,NON,RAJAONARISATA ANDRIANAIVORAMANALINARIVO,GE,2019,110509,COW,ASBSC_TANA/ASRNC_TANA/
183,AIRTEL_1188,Ankandrina,AIRTEL,ANALAMANGA,ANTANANARIVO AVARADRANO,AMBOHIMANGAKELY,13.0,-18.88614,47.56738,TRUE,TRUE,TRUE,FALSE,2G-3G-4G//ASBSC_TANA/ASRNC_TANA/AN1SGSN02,2G-3G-4G,OUI,HELIOS,JIRAMA,2006,110605,ROOFTOP,ASBSC_TANA/ASRNC_TANA/AN1SGSN02
184,AIRTEL_1059,Ankarafantsika,AIRTEL,BOENY,MAROVOAY,MAROVOAY BANLIEUE,38.0,-16.331111,46.785,TRUE,TRUE,FALSE,FALSE,2G-3G//NBSC3/MGMCRNC/,2G-3G,NON,HELIOS,GE,2006,420411,GREENFIELD,NBSC3/MGMCRNC/
185,AIRTEL_2712,Ankaramena,AIRTEL,MATSIATRA AMBONY,AMBALAVAO,ANKARAMENA,47.6,-21.93367,46.6868,TRUE,TRUE,FALSE,FALSE,2G-3G//NBSC1/MGMCRNC/,2G-3G,NON,HELIOS,GE,2007,330108,GREENFIELD,NBSC1/MGMCRNC/
186,AIRTEL_2713,Ankaramena2,AIRTEL,IHOROMBE,IHOSY,ZAZAFOTSY,48.0,-22.02721,46.38046,TRUE,TRUE,FALSE,FALSE,2G-3G//NBSC1/MGMCRNC/,2G-3G,NON,HELIOS,GE,2007,340219,GREENFIELD,NBSC1/MGMCRNC/
187,AIRTEL_4765,Ankarana,AIRTEL,DIANA,AMBILOBE,ANTSOHIMBONDRONA,46.3,-13.090561,48.905839,TRUE,TRUE,FALSE,FALSE,2G-3G//NBSC6/MGMCRNC/,2G-3G,OUI,HELIOS,JIRAMA,2008,210210,GREENFIELD,NBSC6/MGMCRNC/
188,AIRTEL_1113,Ankaraobato,AIRTEL,ANALAMANGA,ANTANANARIVO ATSIMONDRANO,ANKARAOBATO,28.0,-18.972117,47.537525,TRUE,TRUE,TRUE,FALSE,2G-3G-4G//ASBSC_TANA/ASRNC_TANA/AN1SGSN02,2G-3G-4G,NON,HELIOS,JIRAMA,1997,110515,GREENFIELD,ASBSC_TANA/ASRNC_TANA/AN1SGSN02
189,AIRTEL_4913,Ankatso,AIRTEL,ANALAMANGA,ANTANANARIVO_II,CU ANTANANARIVO (Arr.II),15.0,-18.92713,47.55689,TRUE,TRUE,TRUE,FALSE,2G-3G-4G//ASBSC_TANA/ASRNC_TANA/AN1SGSN02,2G-3G-4G,NON,HELIOS,JIRAMA,2011,110801,ROOFTOP,ASBSC_TANA/ASRNC_TANA/AN1SGSN02
190,AIRTEL_5053,Ankazoabo,AIRTEL,ATSIMO ANDREFANA,ANKAZOABO SUD,ANKAZOABO SUD,48.71,-22.287083,44.509611,TRUE,TRUE,FALSE,FALSE,2G-3G//ASBSC_IHOSY/MGMCRNC/,2G-3G,OUI,HELIOS,JIRAMA,2012,630202,GREENFIELD,ASBSC_IHOSY/MGMCRNC/
503,ORANGE_AAT_VAN_0004,Matanga,ORANGE,ATSIMO ATSINANANA,VANGAINDRANO,MATANGA,null,-23.5261936187744,47.5687217712402,TRUE,TRUE,FALSE,FALSE,2G-3G,2G-3G,NON,TOA,ENERGIE TOM,2014,320420,GREENFIELD,null
191,AIRTEL_2716,Ankazobe,AIRTEL,ANALAMANGA,ANKAZOBE,ANKAZOBE,48.71,-18.304,47.10684,TRUE,TRUE,FALSE,FALSE,2G-3G//ASBSC_TANA/MGMCRNC/,2G-3G,NON,HELIOS,JIRAMA,2007,110403,GREENFIELD,ASBSC_TANA/MGMCRNC/
192,AIRTEL_1195,Ankazomanga,AIRTEL,ANALAMANGA,ANTANANARIVO_VI,CU ANTANANARIVO (ARR.VI ),22.0,-18.89251,47.51451,TRUE,TRUE,TRUE,FALSE,2G-3G-4G//ASBSC_TANA/ASRNC_TANA/AN1SGSN02,2G-3G-4G,NON,HELIOS,JIRAMA,2006,111201,ROOFTOP,ASBSC_TANA/ASRNC_TANA/AN1SGSN02
193,AIRTEL_4708,Ankazomiriotra,AIRTEL,VAKINANKARATRA,MANDOTO,ANKAZOMIRIOTRA,48.0,-19.659507,46.533114,TRUE,TRUE,TRUE,FALSE,2G-3G-4G//MCBSC10/MGMCRNC/AN1SGSN02,2G-3G-4G,NON,HELIOS,JIRAMA,2008,140705,GREENFIELD,MCBSC10/MGMCRNC/AN1SGSN02
194,AIRTEL_4766,Ankazondandy,AIRTEL,ANALAMANGA,MANJAKANDRIANA,AMBOHITRONY,48.0,-18.72464,47.77015,TRUE,TRUE,TRUE,FALSE,2G-3G-4G//ASBSC_TANA/ASRNC_TANA/AN1SGSN02,2G-3G-4G,NON,HELIOS,GE,2008,111310,GREENFIELD,ASBSC_TANA/ASRNC_TANA/AN1SGSN02
195,AIRTEL_5373,Ankerana,AIRTEL,ANALAMANGA,ANTANANARIVO_V,CU ANTANANARIVO (Arr.V),16.0,-18.890478,47.557277,TRUE,TRUE,TRUE,FALSE,2G-3G-4G//ASBSC_TANA/ASRNC_TANA/AN1SGSN02,2G-3G-4G,NON,HELIOS,JIRAMA,2017,111101,ROOFTOP,ASBSC_TANA/ASRNC_TANA/AN1SGSN02
196,AIRTEL_5089,Ankililoaky,AIRTEL,ATSIMO ANDREFANA,TOLIARY II,ANKILILOAKA,48.71,-22.773136,43.614611,TRUE,TRUE,FALSE,FALSE,2G-3G//ASBSC_IHOSY/MGMCRNC/,2G-3G,NON,HELIOS,GE,2012,630907,GREENFIELD,ASBSC_IHOSY/MGMCRNC/
197,AIRTEL_4709,Ankilizato,AIRTEL,MENABE,MAHABO,ANKILIZATO,45.0,-20.37655278,44.96931944,TRUE,TRUE,FALSE,FALSE,2G-3G//MCBSC10/MGMCRNC/,2G-3G,NON,HELIOS,GE,2008,630106,GREENFIELD,MCBSC10/MGMCRNC/
198,AIRTEL_4762,Ankingabe,AIRTEL,DIANA,AMBANJA,ANTSAKOAMANONDRO,28.0,-13.49813889,48.53001111,TRUE,TRUE,FALSE,FALSE,2G-3G//NBSC6/MGMCRNC/,2G-3G,NON,HELIOS,GE,2008,210113,GREENFIELD,NBSC6/MGMCRNC/
199,AIRTEL_4743,Ankiranomena,AIRTEL,MENABE,MIANDRIVAZO,DABOLAVA,45.0,-19.60822222,45.61747222,TRUE,TRUE,FALSE,FALSE,2G-3G//MCBSC10/MGMCRNC/,2G-3G,OUI,HELIOS,GE,2008,640409,GREENFIELD,MCBSC10/MGMCRNC/
200,AIRTEL_1005,Ankirihiry,AIRTEL,ATSINANANA,TOAMASINA I,CU TOAMASINA arr. ANKIRIHIRY,23.0,-18.143013,49.394453,TRUE,TRUE,TRUE,FALSE,2G-3G-4G//ASBSC_FARA/ASRNC_FARA/AN1SGSN02,2G-3G-4G,NON,HELIOS,JIRAMA,2006,530503,ROOFTOP,ASBSC_FARA/ASRNC_FARA/AN1SGSN02
201,AIRTEL_4803,Anosibe,AIRTEL,ANALAMANGA,ANTANANARIVO_IV,CU ANTANANARIVO (Arr.IV),16.0,-18.924219,47.514706,TRUE,TRUE,TRUE,FALSE,2G-3G-4G//ASBSC_TANA/ASRNC_TANA/AN1SGSN02,2G-3G-4G,NON,HELIOS,JIRAMA,2009,111001,ROOFTOP,ASBSC_TANA/ASRNC_TANA/AN1SGSN02
202,AIRTEL_1473,Anosimanjaka,AIRTEL,ANALAMANGA,AMBOHIDRATRIMO,AMBOHITRIMANJAKA,38.0,-18.86218,47.41831,TRUE,TRUE,FALSE,FALSE,2G-3G//ASBSC_TANA/ASRNC_TANA/,2G-3G,OUI,HELIOS,JIRAMA,2011,110106,GREENFIELD,ASBSC_TANA/ASRNC_TANA/
203,AIRTEL_1180,Anosimasina,AIRTEL,ANALAMANGA,ANTANANARIVO ATSIMONDRANO,BEMASOANDRO,21.0,-18.91294,47.48534,TRUE,TRUE,TRUE,FALSE,2G-3G-4G//ASBSC_TANA/ASRNC_TANA/AN1SGSN02,2G-3G-4G,NON,HELIOS,JIRAMA,2006,110518,ROOFTOP,ASBSC_TANA/ASRNC_TANA/AN1SGSN02
204,AIRTEL_5063,Anosipatrana,AIRTEL,ANALAMANGA,ANTANANARIVO_IV,CU ANTANANARIVO (Arr.IV),35.0,-18.9209,47.503556,TRUE,TRUE,TRUE,FALSE,2G-3G-4G//ASBSC_TANA/ASRNC_TANA/AN1SGSN02,2G-3G-4G,OUI,HELIOS,JIRAMA,2012,111001,GREENFIELD,ASBSC_TANA/ASRNC_TANA/AN1SGSN02
205,AIRTEL_1154,Anosivavaka,AIRTEL,ANALAMANGA,ANTANANARIVO_VI,CU ANTANANARIVO (ARR.VI ),16.5,-18.88107,47.50692,TRUE,TRUE,TRUE,FALSE,2G-3G-4G//ASBSC_TANA/ASRNC_TANA/AN1SGSN02,2G-3G-4G,NON,HELIOS,JIRAMA,2002,111201,GREENFIELD,ASBSC_TANA/ASRNC_TANA/AN1SGSN02
206,AIRTEL_1523,Anosizato_Est,AIRTEL,ANALAMANGA,ANTANANARIVO_IV,CU ANTANANARIVO (Arr.IV),27.0,-18.93832,47.50475,TRUE,TRUE,TRUE,FALSE,2G-3G-4G//ASBSC_TANA/ASRNC_TANA/AN1SGSN02,2G-3G-4G,OUI,HELIOS,JIRAMA,2011,111001,ROOFTOP,ASBSC_TANA/ASRNC_TANA/AN1SGSN02
207,AIRTEL_1152,Anosy,AIRTEL,ANALAMANGA,ANTANANARIVO_IV,CU ANTANANARIVO (Arr.IV),19.0,-18.92249,47.52056,TRUE,TRUE,TRUE,FALSE,2G-3G-4G//ASBSC_TANA/ASRNC_TANA/AN1SGSN02,2G-3G-4G,NON,HELIOS,JIRAMA,2004,111001,ROOFTOP,ASBSC_TANA/ASRNC_TANA/AN1SGSN02
208,AIRTEL_5064,Anosy_Avaratra,AIRTEL,ANALAMANGA,ANTANANARIVO AVARADRANO,AMBOHIMANGA ROVA,38.0,-18.80708,47.57473,TRUE,TRUE,TRUE,FALSE,2G-3G-4G//ASBSC_TANA/ASRNC_TANA/AN1SGSN02,2G-3G-4G,OUI,HELIOS,JIRAMA,2011,110604,GREENFIELD,ASBSC_TANA/ASRNC_TANA/AN1SGSN02
209,AIRTEL_1019,Antalaha,AIRTEL,SAVA,ANTALAHA,ANTALAHA,48.0,-14.90741667,50.27422222,TRUE,TRUE,TRUE,FALSE,2G-3G-4G//NBSC6/MGMCRNC/AN1SGSN02,2G-3G-4G,OUI,HELIOS,JIRAMA,2007,220208,GREENFIELD,NBSC6/MGMCRNC/AN1SGSN02
210,AIRTEL_1401,Antanandava,AIRTEL,ATSINANANA,TOAMASINA II,AMBODITANDROHO,67.45,-18.20833,49.36316,TRUE,TRUE,TRUE,FALSE,2G-3G-4G//ASBSC_FARA/ASRNC_FARA/AN1SGSN02,2G-3G-4G,NON,HELIOS,GE,2010,530603,GREENFIELD,ASBSC_FARA/ASRNC_FARA/AN1SGSN02
211,AIRTEL_1315,Antanavony,AIRTEL,VAKINANKARATRA,FARATSIHO,MIANDRARIVO,48.71,-19.424444,46.726083,TRUE,TRUE,FALSE,FALSE,2G-3G//ASBSC_TANA/MGMCRNC/,2G-3G,OUI,HELIOS,GE,2007,120214,GREENFIELD,ASBSC_TANA/MGMCRNC/
212,AIRTEL_2039,Antanifotsy,AIRTEL,VAKINANKARATRA,ANTANIFOTSY,ANTANIFOTSY,27.0,-19.649749,47.329192,TRUE,TRUE,FALSE,FALSE,2G-3G//ASBSC_TANA/MGMCRNC/,2G-3G,NON,HELIOS,JIRAMA,2007,140209,GREENFIELD,ASBSC_TANA/MGMCRNC/
213,AIRTEL_2720,Antanimbary,AIRTEL,BETSIBOKA,MAEVATANANA,ANTANIMBARY,46.0,-17.18451,46.85201,TRUE,TRUE,TRUE,FALSE,2G-3G-4G//NBSC3/MGMCRNC/AN1SGSN02,2G-3G-4G,NON,HELIOS,GE,2007,410204,GREENFIELD,NBSC3/MGMCRNC/AN1SGSN02
214,AIRTEL_5569,Antanimikodohy,AIRTEL,ATSIMO ANDREFANA,TOLIARY II,BETSINJAKA,null,-23.36724,43.70882,TRUE,TRUE,TRUE,FALSE,2G-3G-4G//ASBSC_IHOSY/MGMCRNC/AN1SGSN02,2G-3G-4G,NON,HELIOS,JIRAMA,2021,630913,GREENFIELD,ASBSC_IHOSY/MGMCRNC/AN1SGSN02
215,AIRTEL_4710,Antanimora_Sud,AIRTEL,ANDROY,AMBOVOMBE ANDROY,ANTANIMORA SUD,47.0,-24.81946,45.65792,TRUE,TRUE,FALSE,FALSE,2G-3G//ASBSC_IHOSY/MGMCRNC/,2G-3G,OUI,HELIOS,GE,2008,610111,GREENFIELD,ASBSC_IHOSY/MGMCRNC/
216,AIRTEL_1310,Antanjombolamena,AIRTEL,VAKINANKARATRA,ANTANIFOTSY,AMBOHITOMPOINA,48.71,-19.7633,47.5896,TRUE,TRUE,TRUE,FALSE,2G-3G-4G//ASBSC_TANA/MGMCRNC/AN1SGSN02,2G-3G-4G,OUI,HELIOS,GE,2007,140206,GREENFIELD,ASBSC_TANA/MGMCRNC/AN1SGSN02
217,AIRTEL_1526,Antarandolo,AIRTEL,MATSIATRA AMBONY,FIANARANTSOA,CU FIANARANTSOA,22.0,-21.442139,47.091961,TRUE,TRUE,TRUE,FALSE,2G-3G-4G//NBSC1/MGMCRNC/AN1SGSN02,2G-3G-4G,NON,HELIOS,JIRAMA,2011,330301,ROOFTOP,NBSC1/MGMCRNC/AN1SGSN02
218,AIRTEL_2107,Antaviambo,AIRTEL,ATSINANANA,TOAMASINA II,AMPASIMADINIKA,68.0,-18.44747222,49.18072222,TRUE,TRUE,FALSE,FALSE,2G-3G//ASBSC_FARA/ASRNC_FARA/,2G-3G,NON,HELIOS,GE,2007,530604,GREENFIELD,ASBSC_FARA/ASRNC_FARA/
219,AIRTEL_1421,Antohomadinika,AIRTEL,ANALAMANGA,ANTANANARIVO_I,CU ANTANANARIVO (Arr.I),16.0,-18.90103,47.51128,TRUE,TRUE,TRUE,FALSE,2G-3G-4G//ASBSC_TANA/ASRNC_TANA/AN1SGSN02,2G-3G-4G,NON,HELIOS,JIRAMA,2011,110701,ROOFTOP,ASBSC_TANA/ASRNC_TANA/AN1SGSN02
220,AIRTEL_1172,Antsahabe,AIRTEL,ANALAMANGA,ANTANANARIVO_I,CU ANTANANARIVO (Arr.I),10.0,-18.91422,47.53263,TRUE,TRUE,TRUE,FALSE,2G-3G-4G//ASBSC_TANA/ASRNC_TANA/AN1SGSN02,2G-3G-4G,NON,HELIOS,JIRAMA,2004,110701,ROOFTOP,ASBSC_TANA/ASRNC_TANA/AN1SGSN02
221,AIRTEL_5257,Antsahavary,AIRTEL,VAKINANKARATRA,ANTSIRABE I,ANTSIRABE,48.0,-13.83717,48.18919,TRUE,TRUE,FALSE,FALSE,2G-3G//NBSC6/MGMCRNC/,2G-3G,NON,HELIOS,GE,2014,140301,GREENFIELD,NBSC6/MGMCRNC/
222,AIRTEL_5239,Antsalova,AIRTEL,MELAKY,ANTSALOVA,ANTSALOVA,53.5,-18.66209,44.59606,TRUE,FALSE,FALSE,FALSE,2G Only//MCBSC10/NA/,2G,NON,TOA PICOM 1&2,SOLDIES,2015,430201,GREENFIELD,MCBSC10/NA/
223,AIRTEL_5448,Antsampandrano,AIRTEL,ANALAMANGA,ANTANANARIVO AVARADRANO,SABOTSY NAMEHANA,null,-18.838134,47.575981,TRUE,TRUE,TRUE,FALSE,2G-3G-4G//ASBSC_TANA/ASRNC_TANA/AN1SGSN02,2G-3G-4G,OUI,TOA,GE,2020,110612,GREENFIELD,ASBSC_TANA/ASRNC_TANA/AN1SGSN02
224,AIRTEL_3700,Antsapanana,AIRTEL,ATSINANANA,BRICKAVILLE,MAHATSARA,45.96,-18.98195833,48.93918611,TRUE,TRUE,TRUE,FALSE,2G-3G-4G//ASBSC_FARA/ASRNC_FARA/AN1SGSN02,2G-3G-4G,NON,HELIOS,GE,2008,530213,GREENFIELD,ASBSC_FARA/ASRNC_FARA/AN1SGSN02
225,AIRTEL_1415,Antsenakely,AIRTEL,VAKINANKARATRA,ANTSIRABE I,ANTSIRABE,9.0,-19.87380556,47.033,TRUE,TRUE,TRUE,FALSE,2G-3G-4G//MCBSC10/MGMCRNC/AN1SGSN02,2G-3G-4G,NON,HELIOS,JIRAMA,2011,140301,ROOFTOP,MCBSC10/MGMCRNC/AN1SGSN02
226,AIRTEL_5187,Antsiafabositra,AIRTEL,BETSIBOKA,MAEVATANANA,ANTSIAFABOSITRA,48.0,-17.30501,46.93958,TRUE,TRUE,FALSE,FALSE,2G-3G//NBSC3/MGMCRNC/,2G-3G,NON,HELIOS,GE,2015,410205,GREENFIELD,NBSC3/MGMCRNC/
227,AIRTEL_1222,Antsikidy,AIRTEL,SAVA,SAMBAVA,AMBODIAMPANA,48.71,-14.619222,48.712139,TRUE,TRUE,FALSE,FALSE,2G-3G//NBSC6/MGMCRNC/,2G-3G,NON,HELIOS,GE,2007,220303,GREENFIELD,NBSC6/MGMCRNC/
228,AIRTEL_1308,Antsikirity,AIRTEL,BONGOLAVA,TSIROANOMANDIDY,AMBALANIRANA,48.71,-18.714261,46.483264,TRUE,TRUE,FALSE,FALSE,2G-3G//ASBSC_TANA/MGMCRNC/,2G-3G,NON,HELIOS,GE,2007,120201,GREENFIELD,ASBSC_TANA/MGMCRNC/
229,AIRTEL_4711,Antsirabato,AIRTEL,SAVA,ANTALAHA,AMPOHIBE,48.71,-15.01388889,50.31055556,TRUE,TRUE,FALSE,FALSE,2G-3G//NBSC6/MGMCRNC/,2G-3G,OUI,HELIOS,GE,2008,220206,GREENFIELD,NBSC6/MGMCRNC/
230,AIRTEL_2040,Antsirabe_III,AIRTEL,VAKINANKARATRA,ANTSIRABE II,ANDRANOMANELATRA,48.71,-19.78694444,47.11168611,TRUE,TRUE,TRUE,FALSE,2G-3G-4G//MCBSC10/MGMCRNC/AN1SGSN02,2G-3G-4G,NON,HELIOS,JIRAMA,2007,140409,GREENFIELD,MCBSC10/MGMCRNC/AN1SGSN02
231,AIRTEL_4715,Antsirabe_Nord,AIRTEL,SAVA,VOHEMAR,ANTSIRABE NORD,48.71,-14.00357,49.963791,TRUE,TRUE,FALSE,FALSE,2G-3G//NBSC6/MGMCRNC/,2G-3G,NON,HELIOS,GE,2008,220410,GREENFIELD,NBSC6/MGMCRNC/
232,AIRTEL_1008,Antsirabe1,AIRTEL,VAKINANKARATRA,ANTSIRABE I,ANTSIRABE,37.0,-19.87955,47.008002,TRUE,TRUE,TRUE,FALSE,2G-3G-4G//MCBSC10/MGMCRNC/AN1SGSN02,2G-3G-4G,NON,HELIOS,JIRAMA,1997,140301,GREENFIELD,MCBSC10/MGMCRNC/AN1SGSN02
233,AIRTEL_1335,Antsirabe4,AIRTEL,VAKINANKARATRA,ANTSIRABE I,ANTSIRABE,46.0,-19.84169,47.03894,TRUE,TRUE,TRUE,FALSE,2G-3G-4G//MCBSC10/MGMCRNC/AN1SGSN02,2G-3G-4G,OUI,HELIOS,JIRAMA,2007,140301,GREENFIELD,MCBSC10/MGMCRNC/AN1SGSN02
234,AIRTEL_2000,Antsohihy,AIRTEL,SOFIA,ANTSOHIHY,ANTSOHIHY,57.0,-14.87890833,47.98863056,TRUE,TRUE,TRUE,FALSE,2G-3G-4G//NBSC6/MGMCRNC/AN1SGSN02,2G-3G-4G,NON,HELIOS,JIRAMA,2007,440211,GREENFIELD,NBSC6/MGMCRNC/AN1SGSN02
235,AIRTEL_5369,Antsohihy2,AIRTEL,SOFIA,ANTSOHIHY,ANTSOHIHY,24.0,-14.885606,47.995557,TRUE,TRUE,FALSE,FALSE,2G-3G//NBSC6/MGMCRNC/,2G-3G,OUI,TOA,MIXTE,2017,440211,GREENFIELD,NBSC6/MGMCRNC/
236,AIRTEL_5280,AOfficeIBS,AIRTEL,ANALAMANGA,ANTANANARIVO_V,CU ANTANANARIVO (Arr.V),0.0,-18.874079,47.517517,TRUE,TRUE,TRUE,FALSE,2G-3G-4G//ASBSC_TANA/ASRNC_TANA/AN1SGSN02,2G-3G-4G,NON,SOMAPIM,JIRAMA,2023,111101,IBs,ASBSC_TANA/ASRNC_TANA/AN1SGSN02
237,AIRTEL_1102,Arivonimamo,AIRTEL,ITASY,ARIVONIMAMO,ARIVONIMAMO II,9.0,-19.0182,47.22888,TRUE,TRUE,FALSE,FALSE,2G-3G//ASBSC_TANA/MGMCRNC/,2G-3G,NON,ORTM,JIRAMA,2004,130114,GREENFIELD,ASBSC_TANA/MGMCRNC/
238,AIRTEL_1408,Arivonimamo2,AIRTEL,ITASY,ARIVONIMAMO,ARIVONIMAMO,38.0,-19.008556,47.182139,TRUE,TRUE,TRUE,FALSE,2G-3G-4G//ASBSC_TANA/MGMCRNC/AN1SGSN02,2G-3G-4G,NON,HELIOS,JIRAMA,2011,130113,GREENFIELD,ASBSC_TANA/MGMCRNC/AN1SGSN02
239,AIRTEL_1528,Arrachard,AIRTEL,DIANA,ANTSIRANANA II,ANTANAMITARANA,37.0,-12.33124,49.296977,TRUE,TRUE,FALSE,FALSE,2G-3G//NBSC6/MGMCRNC/,2G-3G,NON,HELIOS,JIRAMA,2011,210408,GREENFIELD,NBSC6/MGMCRNC/
240,AIRTEL_1405,Asabotsy,AIRTEL,VAKINANKARATRA,ANTSIRABE I,ANTSIRABE,28.0,-19.86849,47.02686,TRUE,TRUE,TRUE,FALSE,2G-3G-4G//MCBSC10/MGMCRNC/AN1SGSN02,2G-3G-4G,NON,TOA,MIXTE,2011,140301,GREENFIELD,MCBSC10/MGMCRNC/AN1SGSN02
241,AIRTEL_4914,Avaradrova_Ambato,AIRTEL,ALAOTRA MANGORO,AMBATONDRAZAKA,AMBATONDRAZAKA,22.0,-17.828722,48.429667,TRUE,TRUE,FALSE,FALSE,2G-3G//ASBSC_FARA/ASRNC_FARA/,2G-3G,OUI,TOA,MIXTE,2011,510102,GREENFIELD,ASBSC_FARA/ASRNC_FARA/
242,AIRTEL_5193,Barikadimy,AIRTEL,ATSINANANA,TOAMASINA I,CU TOAMASINA arr. ANKIRIHIRY,38.0,-18.13095,49.38656,TRUE,TRUE,FALSE,FALSE,2G-3G//ASBSC_FARA/ASRNC_FARA/,2G-3G,NON,HELIOS,JIRAMA,2015,530503,GREENFIELD,ASBSC_FARA/ASRNC_FARA/
243,AIRTEL_1223,Bealanana,AIRTEL,SOFIA,BEALANANA,BEALALANA,48.71,-14.541638,48.748167,TRUE,TRUE,TRUE,FALSE,2G-3G-4G//NBSC6/MGMCRNC/AN1SGSN02,2G-3G-4G,NON,HELIOS,JIRAMA,2007,440315,GREENFIELD,NBSC6/MGMCRNC/AN1SGSN02
244,AIRTEL_2007,Befamata,AIRTEL,ATSIMO ANDREFANA,AMPANIHY OUEST,ANKILIABO,47.0,-24.60361944,44.68113056,TRUE,TRUE,FALSE,FALSE,2G-3G//ASBSC_IHOSY/MGMCRNC/,2G-3G,NON,HELIOS,GE,2007,630104,GREENFIELD,ASBSC_IHOSY/MGMCRNC/
245,AIRTEL_1225,Befandriana_Nord,AIRTEL,SOFIA,BEFANDRIANA NORD,BEFANDRIANA NORD,47.0,-15.252225,48.543358,TRUE,TRUE,TRUE,FALSE,2G-3G-4G//NBSC6/MGMCRNC/AN1SGSN02,2G-3G-4G,NON,HELIOS,GE,2007,440407,GREENFIELD,NBSC6/MGMCRNC/AN1SGSN02
246,AIRTEL_5240,Befandriana_Sud,AIRTEL,ATSIMO ANDREFANA,MOROMBE,BEFANDRIANA SUD,38.0,-22.096861,43.890833,TRUE,FALSE,FALSE,FALSE,2G Only//ASBSC_IHOSY/NA/,2G,NON,TOA PICOM 1&2,SOLDIES,2014,630606,GREENFIELD,ASBSC_IHOSY/NA/
247,AIRTEL_2729,Befety,AIRTEL,ATSIMO ANDREFANA,TOLIARY II,ANDRANOHINALY,68.0,-23.35618,43.8543,TRUE,TRUE,FALSE,FALSE,2G-3G//ASBSC_IHOSY/MGMCRNC/,2G-3G,NON,HELIOS,GE,2008,630905,GREENFIELD,ASBSC_IHOSY/MGMCRNC/
248,AIRTEL_4758,Befotaka,AIRTEL,SOFIA,ANALALAVA,BEFOTAKA NORD,47.0,-14.50583333,48.02055556,TRUE,TRUE,TRUE,FALSE,2G-3G-4G//NBSC6/MGMCRNC/AN1SGSN02,2G-3G-4G,NON,HELIOS,GE,2008,440109,GREENFIELD,NBSC6/MGMCRNC/AN1SGSN02
249,AIRTEL_5575,Behenjy_Relocation,AIRTEL,ANALAMANGA,ANDRAMASINA,ANDRAMASINA,null,-19.207167,47.508972,TRUE,TRUE,TRUE,FALSE,2G-3G-4G//ASBSC_TANA/MGMCRNC/AN1SGSN02,2G-3G-4G,NON,ORANGE,GE,2011,110205,GREENFIELD,ASBSC_TANA/MGMCRNC/AN1SGSN02
250,AIRTEL_1168,Behoririka,AIRTEL,ANALAMANGA,ANTANANARIVO_III,CU ANTANANARIVO (Arr.III),15.0,-18.90208,47.52835,TRUE,TRUE,TRUE,FALSE,2G-3G-4G//ASBSC_TANA/ASRNC_TANA/AN1SGSN02,2G-3G-4G,NON,HELIOS,JIRAMA,2006,110901,ROOFTOP,ASBSC_TANA/ASRNC_TANA/AN1SGSN02
251,AIRTEL_2009,Bekily,AIRTEL,ANDROY,BEKILY,BEKILY CENTRALE,47.0,-24.22084167,45.32105556,TRUE,TRUE,TRUE,FALSE,2G-3G-4G//ASBSC_IHOSY/MGMCRNC/AN1SGSN02,2G-3G-4G,OUI,HELIOS,JIRAMA,2007,610215,GREENFIELD,ASBSC_IHOSY/MGMCRNC/AN1SGSN02
252,AIRTEL_5025,Bekitro,AIRTEL,ANDROY,BEKILY,BEKITRO,48.0,-24.4903192,45.3058137,TRUE,TRUE,FALSE,FALSE,2G-3G//ASBSC_IHOSY/MGMCRNC/,2G-3G,OUI,HELIOS,GE,2007,610207,GREENFIELD,ASBSC_IHOSY/MGMCRNC/
253,AIRTEL_5207,Bekitro2,AIRTEL,ANDROY,BEKILY,BEKITRO,29.0,-24.558222,45.303472,TRUE,TRUE,FALSE,FALSE,2G-3G//ASBSC_IHOSY/MGMCRNC/,2G-3G,NON,TOA,ENERGIE SOLAIRE,2015,610207,GREENFIELD,ASBSC_IHOSY/MGMCRNC/
254,AIRTEL_4718,Bekopaka,AIRTEL,MELAKY,ANTSALOVA,BEKOPAKA,27.0,-19.13778056,44.79779167,TRUE,TRUE,FALSE,FALSE,2G-3G//MCBSC10/MGMCRNC/,2G-3G,NON,HELIOS,GE,2008,430202,GREENFIELD,MCBSC10/MGMCRNC/
255,AIRTEL_2733,Bekoratsaka,AIRTEL,BOENY,AMBATO BOENI,ANDRANOFASIKA,47.0,-16.3709,46.93393,TRUE,TRUE,FALSE,FALSE,2G-3G//NBSC3/MGMCRNC/,2G-3G,NON,HELIOS,GE,2007,420103,GREENFIELD,NBSC3/MGMCRNC/
256,AIRTEL_4750,Belo_Sur_Mer,AIRTEL,MENABE,MORONDAVA,BELO SUR MER,78.71,-20.738048,44.002748,TRUE,TRUE,FALSE,FALSE,2G-3G//MCBSC10/MGMCRNC/,2G-3G,OUI,HELIOS,GE,2008,640503,GREENFIELD,MCBSC10/MGMCRNC/
257,AIRTEL_4712,Belo_Sur_Tsiribihina,AIRTEL,MENABE,BELO SUR TSIRIBIHINA,BELO SUR TSIRIBIHINA,48.0,-19.692156,44.543717,TRUE,TRUE,FALSE,FALSE,2G-3G//MCBSC10/MGMCRNC/,2G-3G,NON,HELIOS,GE,2008,640108,GREENFIELD,MCBSC10/MGMCRNC/
258,AIRTEL_1424,Belobaka,AIRTEL,BOENY,MAHAJANGA I,MAHAJANGA,48.0,-15.71197,46.37032,TRUE,TRUE,FALSE,FALSE,2G-3G//NBSC3/MGMCRNC/,2G-3G,OUI,HELIOS,JIRAMA,2011,420201,GREENFIELD,NBSC3/MGMCRNC/
259,AIRTEL_5214,Belobaka_Tsididy,AIRTEL,BONGOLAVA,TSIROANOMANDIDY,BELOBAKA,48.0,-18.995609,45.6939,TRUE,TRUE,FALSE,FALSE,2G-3G//ASBSC_TANA/MGMCRNC/,2G-3G,NON,HELIOS,GE,2015,120207,GREENFIELD,ASBSC_TANA/MGMCRNC/
260,AIRTEL_2006,Beloha,AIRTEL,ANDROY,BELOHA ANDROY,BELOHA ANDROY,77.0,-25.17390556,45.05686111,TRUE,TRUE,TRUE,FALSE,2G-3G-4G//ASBSC_IHOSY/MGMCRNC/AN1SGSN02,2G-3G-4G,NON,HELIOS,JIRAMA,2007,610302,GREENFIELD,ASBSC_IHOSY/MGMCRNC/AN1SGSN02
261,AIRTEL_4713,Beraketa,AIRTEL,ANDROY,BEKILY,BERAKETA,47.0,-24.17936,45.6736,TRUE,TRUE,FALSE,FALSE,2G-3G//ASBSC_IHOSY/MGMCRNC/,2G-3G,NON,HELIOS,GE,2008,610209,GREENFIELD,ASBSC_IHOSY/MGMCRNC/
262,AIRTEL_4764,Beramanja,AIRTEL,DIANA,AMBILOBE,BERAMANJA,48.71,-13.3522,48.8728,TRUE,TRUE,FALSE,FALSE,2G-3G//NBSC6/MGMCRNC/,2G-3G,NON,HELIOS,GE,2008,210211,GREENFIELD,NBSC6/MGMCRNC/
263,AIRTEL_4714,Berenty,AIRTEL,ANOSY,AMBOASARY SUD,BEHARA,47.5,-24.99508,46.29221,TRUE,TRUE,FALSE,FALSE,2G-3G//ASBSC_IHOSY/MGMCRNC/,2G-3G,NON,HELIOS,GE,2008,620102,GREENFIELD,ASBSC_IHOSY/MGMCRNC/
264,AIRTEL_1199,Berivotra5/5,AIRTEL,BETSIBOKA,MAEVATANANA,AMBALANJANAKOMBY,48.0,-16.76065,47.04742,TRUE,TRUE,TRUE,FALSE,2G-3G-4G//NBSC3/MGMCRNC/AN1SGSN02,2G-3G-4G,OUI,HELIOS,GE,2007,410202,GREENFIELD,NBSC3/MGMCRNC/AN1SGSN02
265,AIRTEL_4749,Beroboka,AIRTEL,MENABE,BELO SUR TSIRIBIHINA,BEROBOKA,46.0,-19.953689,44.587162,TRUE,TRUE,FALSE,FALSE,2G-3G//MCBSC10/MGMCRNC/,2G-3G,OUI,HELIOS,GE,2008,640111,GREENFIELD,MCBSC10/MGMCRNC/
266,AIRTEL_2736,Besalampy,AIRTEL,MELAKY,BESALAMPY,BESALAMPY,48.71,-16.74768333,44.48604722,TRUE,FALSE,FALSE,FALSE,2G Only//NBSC3/NA/,2G,NON,HELIOS,GE,2008,430305,GREENFIELD,NBSC3/NA/
267,AIRTEL_1174,Besarety,AIRTEL,ANALAMANGA,ANTANANARIVO_III,CU ANTANANARIVO (Arr.III),22.0,-18.900394,47.53555,TRUE,TRUE,TRUE,FALSE,2G-3G-4G//ASBSC_TANA/ASRNC_TANA/AN1SGSN02,2G-3G-4G,NON,HELIOS,JIRAMA,2006,110901,ROOFTOP,ASBSC_TANA/ASRNC_TANA/AN1SGSN02
306,AIRTEL_5103,Fenoarivobe,AIRTEL,BONGOLAVA,FENOARIVOBE,FENOARIVOBE,46.0,-18.452785,46.562472,TRUE,TRUE,FALSE,FALSE,2G-3G//ASBSC_TANA/MGMCRNC/,2G-3G,NON,HELIOS,GE,2014,120103,GREENFIELD,ASBSC_TANA/MGMCRNC/
268,AIRTEL_2041,Betafo,AIRTEL,VAKINANKARATRA,BETAFO,ALAKAMISY ANATIVATO,48.0,-19.850279,46.890277,TRUE,TRUE,TRUE,FALSE,2G-3G-4G//MCBSC10/MGMCRNC/AN1SGSN02,2G-3G-4G,NON,HELIOS,JIRAMA,2007,140501,GREENFIELD,MCBSC10/MGMCRNC/AN1SGSN02
269,AIRTEL_5065,Betampona,AIRTEL,ANALAMANGA,MANJAKANDRIANA,NANDIHIZANA CARION,48.0,-18.91399,47.70011,TRUE,TRUE,TRUE,FALSE,2G-3G-4G//ASBSC_TANA/ASRNC_TANA/AN1SGSN02,2G-3G-4G,OUI,HELIOS,GE,2011,111321,GREENFIELD,ASBSC_TANA/ASRNC_TANA/AN1SGSN02
270,AIRTEL_4906,Betania,AIRTEL,ATSIMO ANDREFANA,TOLIARA I,TOLIARA I,48.0,-23.33973,43.68335,TRUE,TRUE,TRUE,FALSE,2G-3G-4G//ASBSC_IHOSY/MGMCRNC/AN1SGSN02,2G-3G-4G,OUI,HELIOS,JIRAMA,2011,630801,GREENFIELD,ASBSC_IHOSY/MGMCRNC/AN1SGSN02
271,AIRTEL_3011,Betioky,AIRTEL,ATSIMO ANDREFANA,BETIOKY SUD,BETIOKY SUD,67.0,-23.72335278,44.37888889,TRUE,TRUE,TRUE,FALSE,2G-3G-4G//ASBSC_IHOSY/MGMCRNC/AN1SGSN02,2G-3G-4G,NON,HELIOS,JIRAMA,2007,630511,GREENFIELD,ASBSC_IHOSY/MGMCRNC/AN1SGSN02
272,AIRTEL_1148,Beton_France,AIRTEL,ANALAMANGA,AMBOHIDRATRIMO,TALATAMATY,22.0,-18.83981,47.45268,TRUE,TRUE,TRUE,FALSE,2G-3G-4G//ASBSC_TANA/ASRNC_TANA/AN1SGSN02,2G-3G-4G,NON,HELIOS,JIRAMA,2006,110125,ROOFTOP,ASBSC_TANA/ASRNC_TANA/AN1SGSN02
273,AIRTEL_2055,Betroka,AIRTEL,ANOSY,BETROKA,BETROKA,47.0,-23.27028333,46.10389444,TRUE,TRUE,TRUE,FALSE,2G-3G-4G//ASBSC_IHOSY/MGMCRNC/AN1SGSN02,2G-3G-4G,NON,HELIOS,JIRAMA,2007,620209,GREENFIELD,ASBSC_IHOSY/MGMCRNC/AN1SGSN02
274,AIRTEL_4754,Betsiaka,AIRTEL,DIANA,AMBILOBE,BETSIAKA,27.0,-13.11361111,49.35805556,TRUE,TRUE,FALSE,FALSE,2G-3G//NBSC6/MGMCRNC/,2G-3G,NON,HELIOS,GE,2008,210212,GREENFIELD,NBSC6/MGMCRNC/
275,AIRTEL_5206,Betsiaka2,AIRTEL,DIANA,AMBILOBE,BETSIAKA,34.0,-13.174611,49.228417,TRUE,TRUE,FALSE,FALSE,2G-3G//NBSC6/MGMCRNC/,2G-3G,OUI,TOA,ENERGIE SOLAIRE,2015,210212,GREENFIELD,NBSC6/MGMCRNC/
276,AIRTEL_2731,Bezaha,AIRTEL,ATSIMO ANDREFANA,BETIOKY SUD,BEZAHA,47.0,-23.48811,44.49783,TRUE,TRUE,TRUE,FALSE,2G-3G-4G//ASBSC_IHOSY/MGMCRNC/AN1SGSN02,2G-3G-4G,NON,HELIOS,GE,2008,630512,GREENFIELD,ASBSC_IHOSY/MGMCRNC/AN1SGSN02
277,AIRTEL_1132,Bibilava,AIRTEL,ANALAMANGA,ANTANANARIVO_II,CU ANTANANARIVO (Arr.II),12.0,-18.91917,47.56806,TRUE,TRUE,TRUE,FALSE,2G-3G-4G//ASBSC_TANA/ASRNC_TANA/AN1SGSN02,2G-3G-4G,NON,HELIOS,JIRAMA,2001,110801,ROOFTOP,ASBSC_TANA/ASRNC_TANA/AN1SGSN02
278,AIRTEL_1419,Bloc_Admin,AIRTEL,ANOSY,TAOLANARO,TOLAGNARO,18.0,-25.029123,46.99647,TRUE,TRUE,FALSE,FALSE,2G-3G//ASBSC_IHOSY/MGMCRNC/,2G-3G,NON,HELIOS,JIRAMA,2011,620327,ROOFTOP,ASBSC_IHOSY/MGMCRNC/
279,AIRTEL_4783,Boanamary,AIRTEL,BOENY,MAROVOAY,ANTANAMBAO ANDRANOLAVA,48.71,-15.91408,46.60774,TRUE,TRUE,FALSE,FALSE,2G-3G//NBSC3/MGMCRNC/,2G-3G,NON,HELIOS,GE,2008,420405,GREENFIELD,NBSC3/MGMCRNC/
280,AIRTEL_1028,Bongatsara,AIRTEL,ANALAMANGA,ANTANANARIVO ATSIMONDRANO,TSIAFAHY,25.5,-19.035894,47.558414,TRUE,TRUE,TRUE,FALSE,2G-3G-4G//ASBSC_TANA/ASRNC_TANA/AN1SGSN02,2G-3G-4G,NON,HELIOS,JIRAMA,2003,110526,GREENFIELD,ASBSC_TANA/ASRNC_TANA/AN1SGSN02
281,AIRTEL_2602,Brickaville,AIRTEL,ATSINANANA,BRICKAVILLE,BRICKAVILLE,68.0,-18.812141,49.080893,TRUE,TRUE,TRUE,FALSE,2G-3G-4G//ASBSC_FARA/ASRNC_FARA/AN1SGSN02,2G-3G-4G,NON,HELIOS,JIRAMA,2005,530209,GREENFIELD,ASBSC_FARA/ASRNC_FARA/AN1SGSN02
282,AIRTEL_4790,Camp_Robin,AIRTEL,MATSIATRA AMBONY,AMBOHIMAHASOA,SAHATONA,37.0,-20.95667,47.13614,TRUE,TRUE,FALSE,FALSE,2G-3G//MCBSC10/MGMCRNC/,2G-3G,NON,HELIOS,GE,2008,330215,GREENFIELD,MCBSC10/MGMCRNC/
283,AIRTEL_1149,Conforama,AIRTEL,ANALAMANGA,ANTANANARIVO_I,CU ANTANANARIVO (Arr.I),22.0,-18.90724,47.521137,TRUE,TRUE,TRUE,FALSE,2G-3G-4G//ASBSC_TANA/ASRNC_TANA/AN1SGSN02,2G-3G-4G,NON,HELIOS,JIRAMA,2003,110701,ROOFTOP,ASBSC_TANA/ASRNC_TANA/AN1SGSN02
284,AIRTEL_4716,Daraina,AIRTEL,SAVA,VOHEMAR,NOSIBE,26.0,-13.210012,49.76336,TRUE,TRUE,FALSE,FALSE,2G-3G//NBSC6/MGMCRNC/,2G-3G,NON,HELIOS,GE,2008,220417,GREENFIELD,NBSC6/MGMCRNC/
285,AIRTEL_4751,Didy,AIRTEL,ALAOTRA MANGORO,AMBATONDRAZAKA,DIDY,48.71,-18.109953,48.50425,TRUE,TRUE,FALSE,FALSE,2G-3G//ASBSC_FARA/ASRNC_FARA/,2G-3G,NON,HELIOS,GE,2008,510113,GREENFIELD,ASBSC_FARA/ASRNC_FARA/
286,AIRTEL_1010,Diego1,AIRTEL,DIANA,ANTSIRANANA I,ANTSIRANANA,58.5,-12.278228,49.29097,TRUE,TRUE,TRUE,FALSE,2G-3G-4G//NBSC6/MGMCRNC/AN1SGSN02,2G-3G-4G,OUI,HELIOS,JIRAMA,1999,210301,GREENFIELD,NBSC6/MGMCRNC/AN1SGSN02
287,AIRTEL_1330,Diego3,AIRTEL,DIANA,ANTSIRANANA II,RAMENA,45.0,-12.3195,49.32821,TRUE,TRUE,TRUE,FALSE,2G-3G-4G//NBSC6/MGMCRNC/AN1SGSN02,2G-3G-4G,OUI,HELIOS,GE,2007,210419,GREENFIELD,NBSC6/MGMCRNC/AN1SGSN02
288,AIRTEL_1326,Digue,AIRTEL,ANALAMANGA,ANTANANARIVO ATSIMONDRANO,AMBOHIDRAPETO,38.0,-18.89763,47.47288,TRUE,TRUE,TRUE,FALSE,2G-3G-4G//ASBSC_TANA/ASRNC_TANA/AN1SGSN02,2G-3G-4G,NON,HELIOS,JIRAMA,2007,110506,GREENFIELD,ASBSC_TANA/ASRNC_TANA/AN1SGSN02
289,AIRTEL_2908,Don_Bosco,AIRTEL,ATSIMO ANDREFANA,TOLIARA I,TOLIARA I,22.0,-23.363492,43.680886,TRUE,TRUE,FALSE,FALSE,2G-3G//ASBSC_IHOSY/MGMCRNC/,2G-3G,NON,RADIO DON BOSCO,JIRAMA,2009,630801,GREENFIELD,ASBSC_IHOSY/MGMCRNC/
290,AIRTEL_1196,Drogemad,AIRTEL,ANALAMANGA,ANTANANARIVO_IV,CU ANTANANARIVO (Arr.IV),16.0,-18.930694,47.519067,TRUE,TRUE,TRUE,FALSE,2G-3G-4G//ASBSC_TANA/ASRNC_TANA/AN1SGSN02,2G-3G-4G,NON,HELIOS,JIRAMA,2006,111001,ROOFTOP,ASBSC_TANA/ASRNC_TANA/AN1SGSN02
291,AIRTEL_1034,Dzamanjary,AIRTEL,DIANA,NOSY-BE,CU NOSY-BE,47.0,-13.3688,48.1908,TRUE,TRUE,FALSE,FALSE,2G-3G//NBSC6/MGMCRNC/,2G-3G,OUI,HELIOS,JIRAMA,2004,210501,GREENFIELD,NBSC6/MGMCRNC/
292,AIRTEL_2010,Ejeda,AIRTEL,ATSIMO ANDREFANA,AMPANIHY OUEST,EJEDA,48.0,-24.346049,44.51551,TRUE,TRUE,TRUE,FALSE,2G-3G-4G//ASBSC_IHOSY/MGMCRNC/AN1SGSN02,2G-3G-4G,NON,HELIOS,GE,2007,630111,GREENFIELD,ASBSC_IHOSY/MGMCRNC/AN1SGSN02
293,AIRTEL_1201,Fanambana,AIRTEL,SAVA,VOHEMAR,FANAMBANA,68.0,-13.583912,49.987722,TRUE,TRUE,FALSE,FALSE,2G-3G//NBSC6/MGMCRNC/,2G-3G,OUI,HELIOS,GE,2007,220414,GREENFIELD,NBSC6/MGMCRNC/
294,AIRTEL_1197,Fandriana,AIRTEL,AMORON'I MANIA,FANDRIANA,SAHAMADIO FISAKANA,17.0,-20.309805555555556,47.41163888888889,TRUE,TRUE,TRUE,FALSE,2G-3G-4G//MCBSC10/MGMCRNC/,2G-3G-4G,NON,ORTM,GE,2004,310310,GREENFIELD,MCBSC10/MGMCRNC/
295,AIRTEL_1198,Fandriana2,AIRTEL,AMORON'I MANIA,FANDRIANA,FANDRIANA,28.71,-20.23744444,47.37688889,TRUE,TRUE,TRUE,FALSE,2G-3G-4G//MCBSC10/MGMCRNC/,2G-3G-4G,NON,HELIOS,JIRAMA,2007,310304,GREENFIELD,MCBSC10/MGMCRNC/
296,AIRTEL_2060,Farafangana,AIRTEL,ATSIMO ATSINANANA,FARAFANGANA,FARAFANGANA,47.0,-22.817496,47.834134,TRUE,TRUE,FALSE,FALSE,2G-3G//NBSC1/MGMCRNC/,2G-3G,NON,HELIOS,JIRAMA,2007,320215,GREENFIELD,NBSC1/MGMCRNC/
297,AIRTEL_1007,Farafaty,AIRTEL,ATSINANANA,TOAMASINA II,TOAMASINA SUBURBAINE,58.0,-18.13638,49.35773,TRUE,TRUE,TRUE,FALSE,2G-3G-4G//ASBSC_FARA/ASRNC_FARA/AN1SGSN02,2G-3G-4G,OUI,MONSIEUR ANDRIANARIJAONA GUY CHARLOT,MIXTE,2007,530617,GREENFIELD,ASBSC_FARA/ASRNC_FARA/AN1SGSN02
298,AIRTEL_1207,Farahalana,AIRTEL,SAVA,SAMBAVA,FARAHALANA,48.71,-14.422535,50.157186,TRUE,TRUE,FALSE,FALSE,2G-3G//NBSC6/MGMCRNC/,2G-3G,NON,HELIOS,GE,2007,220319,GREENFIELD,NBSC6/MGMCRNC/
299,AIRTEL_1302,Faratsiho,AIRTEL,VAKINANKARATRA,FARATSIHO,FARATSIHO,48.71,-19.45558,46.98075,TRUE,TRUE,FALSE,FALSE,2G-3G//ASBSC_TANA/MGMCRNC/,2G-3G,NON,HELIOS,GE,2007,140604,GREENFIELD,ASBSC_TANA/MGMCRNC/
300,AIRTEL_1407,Faratsiho2,AIRTEL,VAKINANKARATRA,FARATSIHO,FARATSIHO,22.0,-19.40838,46.95068,TRUE,TRUE,FALSE,FALSE,2G-3G//ASBSC_TANA/MGMCRNC/,2G-3G,NON,TOA,MIXTE,2011,140604,GREENFIELD,ASBSC_TANA/MGMCRNC/
301,AIRTEL_3707,Faravohitra,AIRTEL,ANALAMANGA,ANTANANARIVO_I,CU ANTANANARIVO (Arr.I),16.0,-18.90645,47.52818,TRUE,TRUE,TRUE,FALSE,2G-3G-4G//ASBSC_TANA/ASRNC_TANA/AN1SGSN02,2G-3G-4G,NON,HELIOS,JIRAMA,2008,110701,ROOFTOP,ASBSC_TANA/ASRNC_TANA/AN1SGSN02
302,AIRTEL_1404,Faravohitra2,AIRTEL,ANALAMANGA,ANTANANARIVO_I,CU ANTANANARIVO (Arr.I),45.0,-18.91068,47.53191,TRUE,TRUE,TRUE,FALSE,2G-3G-4G//ASBSC_TANA/ASRNC_TANA/AN1SGSN02,2G-3G-4G,OUI,HELIOS,JIRAMA,2012,110701,GREENFIELD,ASBSC_TANA/ASRNC_TANA/AN1SGSN02
303,AIRTEL_1457,Fenerive_Est2,AIRTEL,ANALANJIROFO,FENERIVE EST,FENERIVE VILLE,22.0,-17.381972,49.411472,TRUE,TRUE,FALSE,FALSE,2G-3G//ASBSC_FARA/ASRNC_FARA/,2G-3G,NON,TOA,MIXTE,2011,520106,GREENFIELD,ASBSC_FARA/ASRNC_FARA/
304,AIRTEL_5294,Fenerive_Est3,AIRTEL,ANALANJIROFO,FENERIVE EST,FENERIVE VILLE,28.0,-17.37381,49.40356,TRUE,TRUE,TRUE,FALSE,2G-3G-4G//ASBSC_FARA/ASRNC_FARA/AN1SGSN02,2G-3G-4G,OUI,HELIOS,JIRAMA,2017,520106,GREENFIELD,ASBSC_FARA/ASRNC_FARA/AN1SGSN02
305,AIRTEL_1101,Fenoarivo,AIRTEL,ANALAMANGA,ANTANANARIVO ATSIMONDRANO,ALAKAMISY FENOARIVO,27.0,-18.93991,47.42379,TRUE,TRUE,TRUE,FALSE,2G-3G-4G//ASBSC_TANA/ASRNC_TANA/AN1SGSN02,2G-3G-4G,NON,HELIOS,JIRAMA,2004,110501,GREENFIELD,ASBSC_TANA/ASRNC_TANA/AN1SGSN02
70,GULFSAT_T45,Antsonjombe,GULFSAT,ANALAMANGA,ANTANANARIVO_V,CU ANTANANARIVO (Arr.V),null,-18.871930555555554,47.54428055555555,FALSE,TRUE,TRUE,FALSE,null,3G-4G,null,null,null,2020,111101,null,null
307,AIRTEL_1013,Fianarantsoa,AIRTEL,MATSIATRA AMBONY,FIANARANTSOA,CU FIANARANTSOA,48.0,-21.44733,47.07505,TRUE,TRUE,TRUE,FALSE,2G-3G-4G//NBSC1/MGMCRNC/AN1SGSN02,2G-3G-4G,OUI,HELIOS,JIRAMA,2003,330301,GREENFIELD,NBSC1/MGMCRNC/AN1SGSN02
308,AIRTEL_2226,Fianarantsoa2,AIRTEL,MATSIATRA AMBONY,FIANARANTSOA,CU FIANARANTSOA,49.0,-21.43016,47.11654,TRUE,TRUE,TRUE,FALSE,2G-3G-4G//NBSC1/MGMCRNC/AN1SGSN02,2G-3G-4G,NON,HELIOS,JIRAMA,2007,330301,GREENFIELD,NBSC1/MGMCRNC/AN1SGSN02
309,AIRTEL_5066,Forello,AIRTEL,ANALAMANGA,ANTANANARIVO ATSIMONDRANO,TANJOMBATO,14.0,-18.95425,47.52303,TRUE,TRUE,TRUE,FALSE,2G-3G-4G//ASBSC_TANA/ASRNC_TANA/AN1SGSN02,2G-3G-4G,OUI,TOA,MIXTE,2011,110525,GREENFIELD,ASBSC_TANA/ASRNC_TANA/AN1SGSN02
310,AIRTEL_1194,Fort_Dauphin,AIRTEL,ANOSY,TAOLANARO,TOLAGNARO,38.0,-25.02861111,46.98944444,TRUE,TRUE,TRUE,FALSE,2G-3G-4G//ASBSC_IHOSY/MGMCRNC/AN1SGSN02,2G-3G-4G,NON,HELIOS,JIRAMA,2004,620327,GREENFIELD,ASBSC_IHOSY/MGMCRNC/AN1SGSN02
311,AIRTEL_2065,Fort_dauphin_QMM,AIRTEL,ANOSY,TAOLANARO,TOLAGNARO,47.0,-25.02639444,46.95334444,TRUE,TRUE,FALSE,FALSE,2G-3G//ASBSC_IHOSY/MGMCRNC/,2G-3G,NON,HELIOS,GE,2007,620327,GREENFIELD,ASBSC_IHOSY/MGMCRNC/
312,AIRTEL_1159,Fort_Duchesne,AIRTEL,ANALAMANGA,ANTANANARIVO_III,CU ANTANANARIVO (Arr.III),15.0,-18.910222,47.545972,TRUE,TRUE,TRUE,FALSE,2G-3G-4G//ASBSC_TANA/ASRNC_TANA/AN1SGSN02,2G-3G-4G,NON,ORANGE,JIRAMA,2004,110901,GREENFIELD,ASBSC_TANA/ASRNC_TANA/AN1SGSN02
313,AIRTEL_4717,Fotadrevo,AIRTEL,ATSIMO ANDREFANA,AMPANIHY OUEST,FOTADREVO,48.71,-24.0553,45.01806,TRUE,TRUE,FALSE,FALSE,2G-3G//ASBSC_IHOSY/MGMCRNC/,2G-3G,NON,HELIOS,GE,2008,630112,GREENFIELD,ASBSC_IHOSY/MGMCRNC/
314,AIRTEL_1080,Foulpointe2,AIRTEL,ATSINANANA,TOAMASINA II,FOULPOINTE,68.0,-17.67591667,49.51430556,TRUE,TRUE,TRUE,FALSE,2G-3G-4G//ASBSC_FARA/ASRNC_FARA/AN1SGSN02,2G-3G-4G,NON,HELIOS,JIRAMA,2007,530614,GREENFIELD,ASBSC_FARA/ASRNC_FARA/AN1SGSN02
315,AIRTEL_2110,Gendarmerie_FE,AIRTEL,ANALANJIROFO,FENERIVE EST,FENERIVE VILLE,47.8,-17.3940889,49.4271,TRUE,TRUE,TRUE,FALSE,2G-3G-4G//ASBSC_FARA/ASRNC_FARA/AN1SGSN02,2G-3G-4G,NON,HELIOS,JIRAMA,2007,520106,GREENFIELD,ASBSC_FARA/ASRNC_FARA/AN1SGSN02
316,AIRTEL_1161,Goldenrama,AIRTEL,ANALAMANGA,ANTANANARIVO_I,CU ANTANANARIVO (Arr.I),24.0,-18.90761,47.52568,TRUE,TRUE,TRUE,FALSE,2G-3G-4G//ASBSC_TANA/ASRNC_TANA/AN1SGSN02,2G-3G-4G,NON,HELIOS,JIRAMA,2002,110701,ROOFTOP,ASBSC_TANA/ASRNC_TANA/AN1SGSN02
317,AIRTEL_2907,Hasina_Hotel,AIRTEL,VAKINANKARATRA,ANTSIRABE I,ANTSIRABE,16.0,-19.86812,47.03497,TRUE,TRUE,TRUE,FALSE,2G-3G-4G//MCBSC10/MGMCRNC/AN1SGSN02,2G-3G-4G,NON,HELIOS,JIRAMA,2022,140301,ROOFTOP,MCBSC10/MGMCRNC/AN1SGSN02
318,AIRTEL_5078,Hub_Abitakandronana,AIRTEL,FITOVINANY,MANAKARA,MIZILO GARE,68.23,-21.901587,47.910692,TRUE,TRUE,FALSE,FALSE,2G-3G//NBSC1/MGMCRNC/,2G-3G,NON,HELIOS,GE,2012,350229,GREENFIELD,NBSC1/MGMCRNC/
319,AIRTEL_5113,Hub_Ambatoriha,AIRTEL,SOFIA,BEALANANA,AMBATORIHA EST,38.0,-14.466778,48.908378,TRUE,TRUE,FALSE,FALSE,2G-3G//NBSC6/MGMCRNC/,2G-3G,NON,HELIOS,GE,2012,440304,GREENFIELD,NBSC6/MGMCRNC/
320,AIRTEL_5090,Hub_Amboahangibe,AIRTEL,SAVA,SAMBAVA,MAROGAONA,48.0,-14.180006,49.855981,TRUE,TRUE,FALSE,FALSE,2G-3G//NBSC6/MGMCRNC/,2G-3G,OUI,HELIOS,GE,2012,220321,GREENFIELD,NBSC6/MGMCRNC/
321,AIRTEL_5073,Hub_Ambodiatafana,AIRTEL,ATSINANANA,TOAMASINA II,FOULPOINTE,68.28,-17.773175,49.488647,TRUE,TRUE,FALSE,FALSE,2G-3G//ASBSC_FARA/ASRNC_FARA/,2G-3G,NON,HELIOS,GE,2012,530614,GREENFIELD,ASBSC_FARA/ASRNC_FARA/
322,AIRTEL_5117,Hub_Andiolava,AIRTEL,IHOROMBE,IHOSY,AMBATOLAHY,60.0,-22.477611,45.772833,TRUE,TRUE,FALSE,FALSE,2G-3G//ASBSC_IHOSY/MGMCRNC/,2G-3G,NON,HELIOS,GE,2011,140201,GREENFIELD,ASBSC_IHOSY/MGMCRNC/
323,AIRTEL_5052,Hub_Ankazoabo,AIRTEL,ATSIMO ANDREFANA,ANKAZOABO SUD,FOTIVOLO,48.71,-22.41695,44.7299,TRUE,TRUE,FALSE,FALSE,2G-3G//ASBSC_IHOSY/MGMCRNC/,2G-3G,OUI,HELIOS,GE,2012,630204,GREENFIELD,ASBSC_IHOSY/MGMCRNC/
324,AIRTEL_5088,Hub_Ankililoaky,AIRTEL,ATSIMO ANDREFANA,TOLIARY II,ANKILIMALINIKA,48.71,-22.94270806,43.5734988,TRUE,TRUE,FALSE,FALSE,2G-3G//ASBSC_IHOSY/MGMCRNC/,2G-3G,NON,HELIOS,GE,2012,630908,GREENFIELD,ASBSC_IHOSY/MGMCRNC/
325,AIRTEL_5051,Hub_Antaviambo,AIRTEL,ATSINANANA,BRICKAVILLE,AMBALARONDRA,36.28,-18.59086111,49.07025,TRUE,TRUE,FALSE,FALSE,2G-3G//ASBSC_FARA/ASRNC_FARA/,2G-3G,NON,HELIOS,GE,2010,530201,GREENFIELD,ASBSC_FARA/ASRNC_FARA/
326,AIRTEL_5102,Hub_Fenoarivobe,AIRTEL,BONGOLAVA,FENOARIVOBE,FENOARIVOBE,38.71,-18.466272,46.523983,TRUE,TRUE,FALSE,FALSE,2G-3G//ASBSC_TANA/MGMCRNC/,2G-3G,NON,HELIOS,GE,2012,120103,GREENFIELD,ASBSC_TANA/MGMCRNC/
327,AIRTEL_5118,Hub_Isoanala,AIRTEL,ANOSY,BETROKA,ISOANALA,36.0,-23.9165906,45.6361342,TRUE,FALSE,FALSE,FALSE,2G Only//ASBSC_IHOSY/NA/,2G,NON,HELIOS,GE,2011,620213,GREENFIELD,ASBSC_IHOSY/NA/
328,AIRTEL_5107,Hub_Mahasoabe,AIRTEL,MATSIATRA AMBONY,VOHIBATO,MAHASOABE,48.71,-21.582664,47.237775,TRUE,TRUE,FALSE,FALSE,2G-3G//NBSC1/MGMCRNC/,2G-3G,NON,HELIOS,GE,2012,330605,GREENFIELD,NBSC1/MGMCRNC/
329,AIRTEL_5098,Hub_Mangamila,AIRTEL,ANALAMANGA,ANJOZOROBE,MANGAMILA,48.71,-18.53887,47.86356,TRUE,TRUE,FALSE,FALSE,2G-3G//ASBSC_TANA/ASRNC_TANA/,2G-3G,NON,HELIOS,GE,2011,110316,GREENFIELD,ASBSC_TANA/ASRNC_TANA/
330,AIRTEL_1228,Hub_Nosy_Varika,AIRTEL,VATOVAVY,NOSY VARIKA,VOHITRANDRIANA,67.0,-20.760113,48.267694,TRUE,TRUE,FALSE,FALSE,2G-3G//NBSC1/MGMCRNC/,2G-3G,NON,HELIOS,GE,2008,360318,GREENFIELD,NBSC1/MGMCRNC/
331,AIRTEL_5079,Hub_Sambaina,AIRTEL,VAKINANKARATRA,ANTANIFOTSY,ANTSAHALAVA,48.71,-19.554119,47.4499,TRUE,TRUE,TRUE,FALSE,2G-3G-4G//ASBSC_TANA/MGMCRNC/AN1SGSN02,2G-3G-4G,NON,HELIOS,GE,2012,120219,GREENFIELD,ASBSC_TANA/MGMCRNC/AN1SGSN02
332,AIRTEL_5110,Hub_Soavina,AIRTEL,AMORON'I MANIA,MANANDRIANA,ANDAKATANY,38.71,-20.5271,46.98763,TRUE,TRUE,FALSE,FALSE,2G-3G//MCBSC10/MGMCRNC/,2G-3G,NON,HELIOS,GE,2012,310406,GREENFIELD,MCBSC10/MGMCRNC/
333,AIRTEL_1600,Ialatsara,AIRTEL,MATSIATRA AMBONY,AMBOHIMAHASOA,VOHIPOSA,28.0,-21.074893,47.219078,TRUE,TRUE,FALSE,FALSE,2G-3G//MCBSC10/MGMCRNC/,2G-3G,NON,HELIOS,GE,2007,330217,GREENFIELD,MCBSC10/MGMCRNC/
334,AIRTEL_4738,Ianambinda,AIRTEL,ANOSY,BETROKA,IANABINDA,47.0,-23.51347,45.94206,TRUE,TRUE,FALSE,FALSE,2G-3G//ASBSC_IHOSY/MGMCRNC/,2G-3G,NON,HELIOS,GE,2008,620211,GREENFIELD,ASBSC_IHOSY/MGMCRNC/
335,AIRTEL_4784,Iankana,AIRTEL,VATOVAVY,MANANJARY,MAROSANGY,68.0,-20.95361,48.23472,TRUE,TRUE,FALSE,FALSE,2G-3G//NBSC1/MGMCRNC/,2G-3G,NON,HELIOS,GE,2008,360222,GREENFIELD,NBSC1/MGMCRNC/
336,AIRTEL_1044,Iavoloha,AIRTEL,ANALAMANGA,ANTANANARIVO ATSIMONDRANO,BONGATSARA,15.0,-19.00321,47.5306,TRUE,TRUE,FALSE,FALSE,2G-3G//ASBSC_TANA/ASRNC_TANA/,2G-3G,NON,HELIOS,JIRAMA,2003,110519,ROOFTOP,ASBSC_TANA/ASRNC_TANA/
337,AIRTEL_5198,Iavoloha2,AIRTEL,ANALAMANGA,ANTANANARIVO ATSIMONDRANO,BONGATSARA,28.0,-19.01187,47.53865,TRUE,TRUE,FALSE,FALSE,2G-3G//ASBSC_TANA/ASRNC_TANA/,2G-3G,NON,HELIOS,GE,2015,110519,GREENFIELD,ASBSC_TANA/ASRNC_TANA/
338,AIRTEL_5174,IBS_Ivandry,AIRTEL,ANALAMANGA,ANTANANARIVO_V,CU ANTANANARIVO (Arr.V),15.0,-18.875072,47.51916,TRUE,TRUE,FALSE,FALSE,2G-3G//ASBSC_TANA/ASRNC_TANA/,2G-3G,NON,IDF LA CITY,JIRAMA,2014,111101,IBS,ASBSC_TANA/ASRNC_TANA/
339,AIRTEL_2916,Ifaliarivo,AIRTEL,ANALAMANGA,ANTANANARIVO ATSIMONDRANO,AMPITATAFIKA,14.0,-18.94745,47.46236,TRUE,TRUE,TRUE,FALSE,2G-3G-4G//ASBSC_TANA/ASRNC_TANA/AN1SGSN02,2G-3G-4G,NON,HELIOS,JIRAMA,2009,110510,ROOFTOP,ASBSC_TANA/ASRNC_TANA/AN1SGSN02
340,AIRTEL_2706,Ifanadiana,AIRTEL,VATOVAVY,IFANADIANA,IFANADIANA,47.0,-21.30485,47.63151,TRUE,TRUE,TRUE,FALSE,2G-3G-4G//NBSC1/MGMCRNC/AN1SGSN02,2G-3G-4G,NON,HELIOS,GE,2008,360108,GREENFIELD,NBSC1/MGMCRNC/AN1SGSN02
341,AIRTEL_4719,Ifaty,AIRTEL,ATSIMO ANDREFANA,TOLIARY II,BELALANDA,47.0,-23.185111,43.62186,TRUE,TRUE,FALSE,FALSE,2G-3G//ASBSC_IHOSY/MGMCRNC/,2G-3G,NON,HELIOS,JIRAMA,2008,630912,GREENFIELD,ASBSC_IHOSY/MGMCRNC/
342,AIRTEL_5208,Ifaty2,AIRTEL,ATSIMO ANDREFANA,TOLIARY II,BELALANDA,38.0,-23.132944,43.61775,TRUE,TRUE,FALSE,FALSE,2G-3G//ASBSC_IHOSY/MGMCRNC/,2G-3G,OUI,TOA,SOLDIES,2015,630912,GREENFIELD,ASBSC_IHOSY/MGMCRNC/
343,AIRTEL_2045,Ihosy,AIRTEL,IHOROMBE,IHOSY,IHOSY,48.0,-22.4,46.12611389,TRUE,TRUE,TRUE,FALSE,2G-3G-4G//ASBSC_IHOSY/MGMCRNC/AN1SGSN02,2G-3G-4G,NON,HELIOS,JIRAMA,2007,340208,GREENFIELD,ASBSC_IHOSY/MGMCRNC/AN1SGSN02
344,AIRTEL_5192,Ihosy2,AIRTEL,IHOROMBE,IHOSY,IHOSY,38.0,-22.4011,46.14822,TRUE,TRUE,TRUE,FALSE,2G-3G-4G//ASBSC_IHOSY/MGMCRNC/AN1SGSN02,2G-3G-4G,NON,HELIOS,GE,2015,340208,GREENFIELD,ASBSC_IHOSY/MGMCRNC/AN1SGSN02
345,AIRTEL_2114,Ikalamainty,AIRTEL,IHOROMBE,IHOSY,ANKILY,58.0,-22.414203,46.041268,TRUE,TRUE,FALSE,FALSE,2G-3G//ASBSC_IHOSY/MGMCRNC/,2G-3G,NON,HELIOS,GE,2007,340206,GREENFIELD,ASBSC_IHOSY/MGMCRNC/
346,AIRTEL_4720,Ikalamavony,AIRTEL,MATSIATRA AMBONY,IKALAMAVONY,IKALAMAVONY,48.71,-21.14251,46.64862,TRUE,TRUE,FALSE,FALSE,2G-3G//NBSC1/MGMCRNC/,2G-3G,NON,HELIOS,GE,2008,330503,GREENFIELD,NBSC1/MGMCRNC/
347,AIRTEL_1529,Ikalamavony2,AIRTEL,MATSIATRA AMBONY,IKALAMAVONY,IKALAMAVONY,15.0,-21.16937,46.59938,TRUE,TRUE,FALSE,FALSE,2G-3G//NBSC1/MGMCRNC/,2G-3G,NON,TOA,MIXTE,2011,330503,GREENFIELD,NBSC1/MGMCRNC/
348,AIRTEL_5277,Ikongo,AIRTEL,FITOVINANY,IKONGO,IKONGO,65.0,-21.9054,47.41504,TRUE,TRUE,FALSE,FALSE,2G-3G//NBSC1/MGMCRNC/,2G-3G,NON,TOA FORFAIT,SOLDIES,2015,350109,GREENFIELD,NBSC1/MGMCRNC/
349,AIRTEL_1129,Ilafy,AIRTEL,ANALAMANGA,ANTANANARIVO AVARADRANO,ANKADIKELY ILAFY,27.0,-18.85615,47.54821,TRUE,TRUE,TRUE,FALSE,2G-3G-4G//ASBSC_TANA/ASRNC_TANA/AN1SGSN02,2G-3G-4G,NON,DIGITEL,GE,2003,110607,GREENFIELD,ASBSC_TANA/ASRNC_TANA/AN1SGSN02
350,AIRTEL_3306,Ilafy2,AIRTEL,ANALAMANGA,ANTANANARIVO AVARADRANO,ANKADIKELY ILAFY,24.0,-18.85121,47.55811,TRUE,TRUE,TRUE,FALSE,2G-3G-4G//ASBSC_TANA/ASRNC_TANA/AN1SGSN02,2G-3G-4G,OUI,TOA,MIXTE,2011,110607,GREENFIELD,ASBSC_TANA/ASRNC_TANA/AN1SGSN02
351,AIRTEL_1230,Ilaka_Est,AIRTEL,ATSINANANA,VATOMANDRY,ILAKA EST,48.0,-19.537301,48.85097,TRUE,TRUE,FALSE,FALSE,2G-3G//ASBSC_FARA/ASRNC_FARA/,2G-3G,NON,HELIOS,GE,2007,530711,GREENFIELD,ASBSC_FARA/ASRNC_FARA/
352,AIRTEL_1071,Ilakaka,AIRTEL,IHOROMBE,IHOSY,RANOHIRA,13.0,-22.68377778,45.2455,TRUE,TRUE,TRUE,FALSE,2G-3G-4G//ASBSC_IHOSY/MGMCRNC/AN1SGSN02,2G-3G-4G,NON,HELIOS,GE,2003,340213,GREENFIELD,ASBSC_IHOSY/MGMCRNC/AN1SGSN02
353,AIRTEL_5189,Ilakaka2,AIRTEL,IHOROMBE,IHOSY,RANOHIRA,38.0,-22.70011,45.21787,TRUE,TRUE,TRUE,FALSE,2G-3G-4G//ASBSC_IHOSY/MGMCRNC/AN1SGSN02,2G-3G-4G,NON,HELIOS,GE,2015,340213,GREENFIELD,ASBSC_IHOSY/MGMCRNC/AN1SGSN02
354,AIRTEL_4721,Ilanàna,AIRTEL,ANOSY,BETROKA,AMBALASOA,27.0,-22.91501,46.1353,TRUE,TRUE,FALSE,FALSE,2G-3G//ASBSC_IHOSY/MGMCRNC/,2G-3G,NON,HELIOS,GE,2008,620201,GREENFIELD,ASBSC_IHOSY/MGMCRNC/
355,AIRTEL_4785,Imbasy,AIRTEL,ATSINANANA,TOAMASINA II,AMPOROFORO,46.0,-22.5864,47.7953,TRUE,TRUE,FALSE,FALSE,2G-3G//NBSC1/MGMCRNC/,2G-3G,NON,HELIOS,GE,2008,320206,GREENFIELD,NBSC1/MGMCRNC/
356,AIRTEL_4722,Imerimandroso,AIRTEL,ALAOTRA MANGORO,AMBATONDRAZAKA,IMERIMANDROSO,67.0,-17.42779167,48.59283333,TRUE,TRUE,FALSE,FALSE,2G-3G//ASBSC_FARA/ASRNC_FARA/,2G-3G,NON,HELIOS,GE,2008,510116,GREENFIELD,ASBSC_FARA/ASRNC_FARA/
357,AIRTEL_1327,Imerintsiatosika,AIRTEL,ITASY,ARIVONIMAMO,IMERINTSIATOSIKA,38.0,-18.95986,47.33121,TRUE,TRUE,TRUE,FALSE,2G-3G-4G//ASBSC_TANA/MGMCRNC/AN1SGSN02,2G-3G-4G,NON,HELIOS,GE,2007,130115,GREENFIELD,ASBSC_TANA/MGMCRNC/AN1SGSN02
358,AIRTEL_2708,Irondro,AIRTEL,VATOVAVY,MANANJARY,ANTSENAVOLO,47.87,-21.390751,48.05041,TRUE,TRUE,FALSE,FALSE,2G-3G//NBSC1/MGMCRNC/,2G-3G,NON,HELIOS,GE,2008,360212,GREENFIELD,NBSC1/MGMCRNC/
359,AIRTEL_4723,Isoanala,AIRTEL,ANOSY,BETROKA,ISOANALA,48.0,-23.84113,45.69503,TRUE,TRUE,FALSE,FALSE,2G-3G//ASBSC_IHOSY/MGMCRNC/,2G-3G,NON,HELIOS,GE,2008,620213,GREENFIELD,ASBSC_IHOSY/MGMCRNC/
360,AIRTEL_5154,Isorana,AIRTEL,MATSIATRA AMBONY,ISANDRA,ISORANA,48.0,-21.329407,46.949658,TRUE,TRUE,FALSE,FALSE,2G-3G//NBSC1/MGMCRNC/,2G-3G,NON,HELIOS,GE,2013,330408,GREENFIELD,NBSC1/MGMCRNC/
361,AIRTEL_1171,Isotry,AIRTEL,ANALAMANGA,ANTANANARIVO_I,CU ANTANANARIVO (Arr.I),29.0,-18.912,47.51131,TRUE,TRUE,TRUE,FALSE,2G-3G-4G//ASBSC_TANA/ASRNC_TANA/AN1SGSN02,2G-3G-4G,NON,HELIOS,JIRAMA,2006,110701,ROOFTOP,ASBSC_TANA/ASRNC_TANA/AN1SGSN02
362,AIRTEL_1100,Itaosy,AIRTEL,ANALAMANGA,ANTANANARIVO ATSIMONDRANO,ANDRANONAHOATRA,22.0,-18.91414,47.47106,TRUE,TRUE,TRUE,FALSE,2G-3G-4G//ASBSC_TANA/ASRNC_TANA/AN1SGSN02,2G-3G-4G,NON,HELIOS,JIRAMA,2000,110512,ROOFTOP,ASBSC_TANA/ASRNC_TANA/AN1SGSN02
363,AIRTEL_5284,Itaosy_Cité,AIRTEL,ANALAMANGA,ANTANANARIVO ATSIMONDRANO,AMBOHIDRAPETO,19.0,-18.90877,47.47533,TRUE,TRUE,TRUE,FALSE,2G-3G-4G//ASBSC_TANA/ASRNC_TANA/AN1SGSN02,2G-3G-4G,NON,TOA,MIXTE,2023,110506,ROOFTOP,ASBSC_TANA/ASRNC_TANA/AN1SGSN02
364,AIRTEL_1126,Ivandry,AIRTEL,ANALAMANGA,ANTANANARIVO_V,CU ANTANANARIVO (Arr.V),29.0,-18.86363,47.51945,TRUE,TRUE,TRUE,FALSE,2G-3G-4G//ASBSC_TANA/ASRNC_TANA/AN1SGSN02,2G-3G-4G,NON,HELIOS,JIRAMA,2000,111101,ROOFTOP,ASBSC_TANA/ASRNC_TANA/AN1SGSN02
365,AIRTEL_1120,Ivato,AIRTEL,ANALAMANGA,AMBOHIDRATRIMO,IVATO,38.0,-18.80631,47.47422,TRUE,TRUE,TRUE,FALSE,2G-3G-4G//ASBSC_TANA/ASRNC_TANA/AN1SGSN02,2G-3G-4G,NON,HELIOS,JIRAMA,2000,110118,GREENFIELD,ASBSC_TANA/ASRNC_TANA/AN1SGSN02
366,AIRTEL_1121,Ivato_Bani,AIRTEL,ANALAMANGA,AMBOHIDRATRIMO,IVATO,49.0,-18.80343,47.48008,TRUE,TRUE,TRUE,FALSE,2G-3G-4G//ASBSC_TANA/ASRNC_TANA/AN1SGSN02,2G-3G-4G,NON,HELIOS,JIRAMA,2003,110118,ROOFTOP,ASBSC_TANA/ASRNC_TANA/AN1SGSN02
367,AIRTEL_2705,Ivato_Ville,AIRTEL,AMORON'I MANIA,AMBOSITRA,IVATO CENTRE,47.0,-20.614865,47.17501,TRUE,TRUE,TRUE,FALSE,2G-3G-4G//MCBSC10/MGMCRNC/AN1SGSN02,2G-3G-4G,OUI,HELIOS,GE,2007,310216,GREENFIELD,MCBSC10/MGMCRNC/AN1SGSN02
368,AIRTEL_5268,Jardin_de_la_Mer,AIRTEL,ATSIMO ANDREFANA,TOLIARA I,TOLIARA I,20.0,-23.355741,43.66667,TRUE,TRUE,TRUE,FALSE,2G-3G-4G//ASBSC_IHOSY/MGMCRNC/AN1SGSN02,2G-3G-4G,NON,ORANGE,JIRAMA,2016,630801,GREENFIELD,ASBSC_IHOSY/MGMCRNC/AN1SGSN02
369,AIRTEL_3704,Joffre_Ville,AIRTEL,DIANA,ANTSIRANANA II,JOFFRE-VILLE,45.0,-12.50879,49.190536,TRUE,TRUE,FALSE,FALSE,2G-3G//NBSC6/MGMCRNC/,2G-3G,NON,HELIOS,GE,2008,210414,GREENFIELD,NBSC6/MGMCRNC/
370,AIRTEL_5216,Kiranomena,AIRTEL,BONGOLAVA,FENOARIVOBE,KIRANOMENA,38.0,-18.26575,46.09611,TRUE,TRUE,FALSE,FALSE,2G-3G//ASBSC_TANA/MGMCRNC/,2G-3G,NON,HELIOS,GE,2015,120105,GREENFIELD,ASBSC_TANA/MGMCRNC/
371,AIRTEL_1413,Kisomby,AIRTEL,VAKINANKARATRA,ANTSIRABE I,ANTSIRABE,48.71,-19.86655,47.03761,TRUE,TRUE,TRUE,FALSE,2G-3G-4G//MCBSC10/MGMCRNC/AN1SGSN02,2G-3G-4G,NON,HELIOS,JIRAMA,2012,140301,GREENFIELD,MCBSC10/MGMCRNC/AN1SGSN02
372,AIRTEL_5219,La_Cratere,AIRTEL,DIANA,NOSY-BE,CU NOSY-BE,21.0,-13.399744,48.211025,TRUE,TRUE,FALSE,FALSE,2G-3G//NBSC6/MGMCRNC/,2G-3G,NON,ORANGE,JIRAMA,2015,210501,GREENFIELD,NBSC6/MGMCRNC/
373,AIRTEL_1432,Lazaret,AIRTEL,DIANA,ANTSIRANANA I,ANTSIRANANA,21.0,-12.283083,49.298083,TRUE,TRUE,FALSE,FALSE,2G-3G//NBSC6/MGMCRNC/,2G-3G,NON,TOA,MIXTE,2011,210301,GREENFIELD,NBSC6/MGMCRNC/
374,AIRTEL_1205,Madirovalo,AIRTEL,BOENY,AMBATO BOENI,MADIROVALO,47.3,-16.440835,46.545056,TRUE,TRUE,TRUE,FALSE,2G-3G-4G//NBSC3/MGMCRNC/AN1SGSN02,2G-3G-4G,OUI,HELIOS,GE,2007,420108,GREENFIELD,NBSC3/MGMCRNC/AN1SGSN02
375,AIRTEL_1057,Maevatanana,AIRTEL,BETSIBOKA,MAEVATANANA,MAEVATANANA I,28.71,-16.953333,46.831389,TRUE,TRUE,TRUE,FALSE,2G-3G-4G//NBSC3/MGMCRNC/AN1SGSN02,2G-3G-4G,OUI,HELIOS,JIRAMA,2006,410209,GREENFIELD,NBSC3/MGMCRNC/AN1SGSN02
376,AIRTEL_4901,Mahabibo,AIRTEL,BOENY,MAHAJANGA I,MAHAJANGA,24.0,-15.7201,46.32468,TRUE,TRUE,TRUE,FALSE,2G-3G-4G//NBSC3/MGMCRNC/AN1SGSN02,2G-3G-4G,NON,HELIOS,JIRAMA,2011,420201,ROOFTOP,NBSC3/MGMCRNC/AN1SGSN02
377,AIRTEL_4724,Mahabo,AIRTEL,ANALAMANGA,AMBOHIDRATRIMO,MAHABO,48.0,-20.38084444,44.670225,TRUE,TRUE,FALSE,FALSE,2G-3G//MCBSC10/MGMCRNC/,2G-3G,NON,HELIOS,JIRAMA,2008,110119,GREENFIELD,MCBSC10/MGMCRNC/
378,AIRTEL_1487,Mahaibahoaka,AIRTEL,ANALAMANGA,AMBOHIDRATRIMO,ANTEHIROKA,18.0,-18.83279,47.46859,TRUE,TRUE,TRUE,FALSE,2G-3G-4G//ASBSC_TANA/ASRNC_TANA/AN1SGSN02,2G-3G-4G,OUI,TOA,MIXTE,2011,110112,GREENFIELD,ASBSC_TANA/ASRNC_TANA/AN1SGSN02
379,AIRTEL_5232,Mahajamba,AIRTEL,BOENY,MAHAJANGA II,MAHAJAMBA USINE,30.0,-15.670917,47.0635,TRUE,FALSE,FALSE,FALSE,2G Only//NBSC3/NA/,2G,NON,ORANGE,GE,2016,420308,GREENFIELD,NBSC3/NA/
380,AIRTEL_2027,Mahambo,AIRTEL,ANALANJIROFO,FENERIVE EST,MAHAMBO,48.0,-17.4874111,49.4514389,TRUE,TRUE,FALSE,FALSE,2G-3G//ASBSC_FARA/ASRNC_FARA/,2G-3G,NON,HELIOS,GE,2007,520107,GREENFIELD,ASBSC_FARA/ASRNC_FARA/
381,AIRTEL_1061,Mahanoro,AIRTEL,ANALANJIROFO,FENERIVE EST,MAHANORO,47.64,-19.905815,48.81614,TRUE,TRUE,FALSE,FALSE,2G-3G//ASBSC_FARA/ASRNC_FARA/AN1SGSN02,2G-3G,NON,HELIOS,JIRAMA,2007,520108,GREENFIELD,ASBSC_FARA/ASRNC_FARA/AN1SGSN02
382,AIRTEL_5108,Mahasoabe,AIRTEL,MATSIATRA AMBONY,VOHIBATO,MAHASOABE,48.71,-21.589139,47.213472,TRUE,TRUE,FALSE,FALSE,2G-3G//NBSC1/MGMCRNC/,2G-3G,NON,HELIOS,JIRAMA,2012,330605,GREENFIELD,NBSC1/MGMCRNC/
383,AIRTEL_1406,Mahasolo,AIRTEL,BONGOLAVA,TSIROANOMANDIDY,MAHASOLO,48.71,-19.117722,46.364639,TRUE,TRUE,FALSE,FALSE,2G-3G//ASBSC_TANA/MGMCRNC/,2G-3G,NON,HELIOS,GE,2011,120211,GREENFIELD,ASBSC_TANA/MGMCRNC/
384,AIRTEL_2718,Mahatsinjo_north,AIRTEL,ATSIMO ATSINANANA,VONDROZO,MAHATSINJO,46.0,-17.84271,47.02625,TRUE,TRUE,FALSE,FALSE,2G-3G//ASBSC_TANA/MGMCRNC/,2G-3G,NON,HELIOS,GE,2007,320508,GREENFIELD,ASBSC_TANA/MGMCRNC/
183,ORANGE_ATS_VAT_0001,Vatomandry,ORANGE,ATSINANANA,VATOMANDRY,VATOMANDRY,null,-19.3299217224121,48.9782676696777,TRUE,TRUE,FALSE,FALSE,2G-3G,2G-3G,NON,ORANGE,JIRAMA + GE,2008,530719,GREENFIELD,null
385,AIRTEL_1307,Mahatsinjo_South,AIRTEL,VAKINANKARATRA,MANDOTO,ANJOMA RAMARTINA,47.0,-19.64153,46.02097,TRUE,TRUE,FALSE,FALSE,2G-3G//MCBSC10/MGMCRNC/,2G-3G,NON,HELIOS,GE,2007,140707,GREENFIELD,MCBSC10/MGMCRNC/
386,AIRTEL_5577,Mahatsinjo2,AIRTEL,ATSIMO ATSINANANA,VONDROZO,MAHATSINJO,null,-17.755778,46.994917,TRUE,TRUE,FALSE,FALSE,2G-3G//ASBSC_TANA/MGMCRNC/,2G-3G,NON,HELIOS,GE,2015,320508,GREENFIELD,ASBSC_TANA/MGMCRNC/
387,AIRTEL_3705,Mahavanona,AIRTEL,DIANA,ANTSIRANANA II,ANDRAFIABE,44.0,-12.52948,49.40003,TRUE,TRUE,FALSE,FALSE,2G-3G//NBSC6/MGMCRNC/,2G-3G,NON,HELIOS,GE,2008,210402,GREENFIELD,NBSC6/MGMCRNC/
388,AIRTEL_5156,Mahavelona,AIRTEL,ANALAMANGA,ANKAZOBE,AMBOHITROMBY,28.0,-18.452386,47.160328,TRUE,TRUE,FALSE,FALSE,2G-3G//ASBSC_TANA/ASRNC_TANA/,2G-3G,NON,ORANGE,GE,2013,110401,GREENFIELD,ASBSC_TANA/ASRNC_TANA/
389,AIRTEL_1130,Mahazo,AIRTEL,ANALAMANGA,ANTANANARIVO_V,CU ANTANANARIVO (Arr.V),15.0,-18.8959,47.56017,TRUE,TRUE,TRUE,FALSE,2G-3G-4G//ASBSC_TANA/ASRNC_TANA/AN1SGSN02,2G-3G-4G,NON,HELIOS,JIRAMA,2003,111101,ROOFTOP,ASBSC_TANA/ASRNC_TANA/AN1SGSN02
390,AIRTEL_1414,Mahazoarivo,AIRTEL,VAKINANKARATRA,ANTSIRABE I,ANTSIRABE,28.0,-19.85475,47.02891667,TRUE,TRUE,TRUE,FALSE,2G-3G-4G//MCBSC10/MGMCRNC/AN1SGSN02,2G-3G-4G,OUI,HELIOS,JIRAMA,2012,140301,GREENFIELD,MCBSC10/MGMCRNC/AN1SGSN02
391,AIRTEL_1001,Mahitsy,AIRTEL,ANALAMANGA,AMBOHIDRATRIMO,ANTANETIBE MAHAZAZA,18.0,-18.703616,47.345556,TRUE,TRUE,FALSE,FALSE,2G-3G//ASBSC_TANA/ASRNC_TANA/,2G-3G,NON,HELIOS,JIRAMA,2006,110111,GREENFIELD,ASBSC_TANA/ASRNC_TANA/
392,AIRTEL_5177,Mahitsy2,AIRTEL,ANALAMANGA,AMBOHIDRATRIMO,MAHITSY,27.0,-18.750217,47.346614,TRUE,TRUE,TRUE,FALSE,2G-3G-4G//ASBSC_TANA/ASRNC_TANA/AN1SGSN02,2G-3G-4G,OUI,TOA,MIXTE,2014,110121,GREENFIELD,ASBSC_TANA/ASRNC_TANA/AN1SGSN02
393,AIRTEL_2735,Maintirano,AIRTEL,MELAKY,MAINTIRANO,MAINTIRANO,48.71,-18.062859,44.021722,TRUE,TRUE,FALSE,FALSE,2G-3G//MCBSC10/MGMCRNC/,2G-3G,OUI,HELIOS,JIRAMA,2008,430413,GREENFIELD,MCBSC10/MGMCRNC/
394,AIRTEL_1011,Majunga1,AIRTEL,BOENY,MAHAJANGA I,MAHAJANGA,24.0,-15.71297,46.31298,TRUE,TRUE,TRUE,FALSE,2G-3G-4G//NBSC3/MGMCRNC/AN1SGSN02,2G-3G-4G,OUI,HELIOS,JIRAMA,1999,420201,ROOFTOP,NBSC3/MGMCRNC/AN1SGSN02
395,AIRTEL_1054,Majunga2,AIRTEL,BOENY,MAHAJANGA I,MAHAJANGA,16.0,-15.7245,46.31104,TRUE,TRUE,TRUE,FALSE,2G-3G-4G//NBSC3/MGMCRNC/AN1SGSN02,2G-3G-4G,NON,HELIOS,JIRAMA,2004,420201,ROOFTOP,NBSC3/MGMCRNC/AN1SGSN02
396,AIRTEL_1055,Majunga3,AIRTEL,BOENY,MAHAJANGA I,MAHAJANGA,25.0,-15.714083,46.351475,TRUE,TRUE,TRUE,FALSE,2G-3G-4G//NBSC3/MGMCRNC/AN1SGSN02,2G-3G-4G,NON,ORANGE,JIRAMA,2003,420201,GREENFIELD,NBSC3/MGMCRNC/AN1SGSN02
397,AIRTEL_1332,Majunga4,AIRTEL,BOENY,MAHAJANGA I,MAHAJANGA,38.71,-15.67437,46.34422,TRUE,TRUE,TRUE,FALSE,2G-3G-4G//NBSC3/MGMCRNC/AN1SGSN02,2G-3G-4G,NON,HELIOS,JIRAMA,2007,420201,GREENFIELD,NBSC3/MGMCRNC/AN1SGSN02
398,AIRTEL_1015,Majunga5,AIRTEL,BOENY,MAHAJANGA I,MAHAJANGA,23.0,-15.7155,46.300917,TRUE,TRUE,FALSE,FALSE,2G-3G//NBSC3/MGMCRNC/,2G-3G,NON,ORANGE,JIRAMA,2007,420201,GREENFIELD,NBSC3/MGMCRNC/
399,AIRTEL_4725,Malaimbandy,AIRTEL,MENABE,MAHABO,MALAIMBANDY,79.0,-20.33805833,45.57473889,TRUE,TRUE,FALSE,FALSE,2G-3G//MCBSC10/MGMCRNC/,2G-3G,NON,HELIOS,GE,2008,640209,GREENFIELD,MCBSC10/MGMCRNC/
400,AIRTEL_4745,Malaimbandy2,AIRTEL,MENABE,MAHABO,MALAIMBANDY,47.5,-20.44521944,45.35508056,TRUE,TRUE,FALSE,FALSE,2G-3G//MCBSC10/MGMCRNC/,2G-3G,NON,HELIOS,GE,2003,640209,GREENFIELD,MCBSC10/MGMCRNC/
401,AIRTEL_1220,Mampikony,AIRTEL,SOFIA,MAMPIKONY,MAMPIKONY,46.0,-16.082365,47.653417,TRUE,TRUE,TRUE,FALSE,2G-3G-4G//NBSC3/MGMCRNC/AN1SGSN02,2G-3G-4G,NON,HELIOS,JIRAMA,2007,440509,GREENFIELD,NBSC3/MGMCRNC/AN1SGSN02
402,AIRTEL_1116,Manakambahiny,AIRTEL,ANALAMANGA,ANTANANARIVO_IV,CU ANTANANARIVO (Arr.IV),16.0,-18.93364,47.53492,TRUE,TRUE,TRUE,FALSE,2G-3G-4G//ASBSC_TANA/ASRNC_TANA/AN1SGSN02,2G-3G-4G,NON,HELIOS,JIRAMA,2005,111001,ROOFTOP,ASBSC_TANA/ASRNC_TANA/AN1SGSN02
403,AIRTEL_1530,manakara,AIRTEL,FITOVINANY,MANAKARA,MANAKARA,25.0,-22.12466667,48.02086111,TRUE,TRUE,FALSE,FALSE,2G-3G//NBSC1/MGMCRNC/,2G-3G,NON,HELIOS,GE,2011,350224,GREENFIELD,NBSC1/MGMCRNC/
404,AIRTEL_1189,Manakara2,AIRTEL,FITOVINANY,MANAKARA,MANAKARA,76.65,-22.151115,48.001516,TRUE,TRUE,TRUE,FALSE,2G-3G-4G//NBSC1/MGMCRNC/AN1SGSN02,2G-3G-4G,NON,HELIOS,JIRAMA,2008,350224,GREENFIELD,NBSC1/MGMCRNC/AN1SGSN02
405,AIRTEL_1306,Manalalondo,AIRTEL,ITASY,ARIVONIMAMO,MANALALONDO,48.71,-19.258222,47.107639,TRUE,TRUE,FALSE,FALSE,2G-3G//ASBSC_TANA/MGMCRNC/,2G-3G,NON,HELIOS,GE,2007,130117,GREENFIELD,ASBSC_TANA/MGMCRNC/
406,AIRTEL_5197,Manampatrana,AIRTEL,FITOVINANY,MANAKARA,AMPASIMBORAKA,60.0,-21.66448,47.59657,TRUE,TRUE,FALSE,FALSE,2G-3G//NBSC1/MGMCRNC/,2G-3G,NON,TOA FORFAIT,SOLDIES,2015,350212,GREENFIELD,NBSC1/MGMCRNC/
407,AIRTEL_1110,Mananara,AIRTEL,ANALANJIROFO,MANANARA-NORD,MANANARA NORD,33.0,-16.173489,49.770196,TRUE,TRUE,TRUE,FALSE,2G-3G-4G//ASBSC_FARA/ASRNC_FARA/AN1SGSN02,2G-3G-4G,NON,HELIOS,JIRAMA,2005,520210,GREENFIELD,ASBSC_FARA/ASRNC_FARA/AN1SGSN02
408,AIRTEL_5317,Mananara2,AIRTEL,ANALANJIROFO,MANANARA-NORD,MANANARA NORD,48.0,-16.17144,49.76241,TRUE,TRUE,TRUE,FALSE,2G-3G-4G//ASBSC_FARA/ASRNC_FARA/AN1SGSN02,2G-3G-4G,OUI,HELIOS,JIRAMA,2017,520210,GREENFIELD,ASBSC_FARA/ASRNC_FARA/AN1SGSN02
409,AIRTEL_2701,Manandona,AIRTEL,VAKINANKARATRA,ANTSIRABE II,MANANDONA,48.0,-20.02562,47.06966,TRUE,TRUE,FALSE,FALSE,2G-3G//MCBSC10/MGMCRNC/,2G-3G,NON,HELIOS,GE,2007,140414,GREENFIELD,MCBSC10/MGMCRNC/
410,AIRTEL_5199,Manandriana,AIRTEL,AMORON'I MANIA,MANANDRIANA,AMBOVOMBE CENTRE,48.0,-20.77087,47.10652,TRUE,TRUE,FALSE,FALSE,2G-3G//MCBSC10/MGMCRNC/,2G-3G,NON,HELIOS,GE,2015,310405,GREENFIELD,MCBSC10/MGMCRNC/
411,AIRTEL_1403,Manangareza,AIRTEL,ATSINANANA,TOAMASINA I,CU TOAMASINA arr. ANJOMA,47.0,-18.17554,49.39173,TRUE,TRUE,FALSE,FALSE,2G-3G//ASBSC_FARA/ASRNC_FARA/,2G-3G,OUI,HELIOS,JIRAMA,2011,530502,GREENFIELD,ASBSC_FARA/ASRNC_FARA/
412,AIRTEL_2054,Mananjary,AIRTEL,VATOVAVY,MANANJARY,MANANJARY,47.88,-21.235575,48.34751111,TRUE,TRUE,TRUE,FALSE,2G-3G-4G//NBSC1/MGMCRNC/AN1SGSN02,2G-3G-4G,NON,HELIOS,JIRAMA,2007,360219,GREENFIELD,NBSC1/MGMCRNC/AN1SGSN02
413,AIRTEL_5243,Mananjary2,AIRTEL,VATOVAVY,MANANJARY,MANANJARY,35.0,-21.225694,48.34,TRUE,TRUE,TRUE,FALSE,2G-3G-4G//NBSC1/MGMCRNC/AN1SGSN02,2G-3G-4G,NON,ORANGE,JIRAMA,2015,360219,GREENFIELD,NBSC1/MGMCRNC/AN1SGSN02
414,AIRTEL_4786,Manankoliva,AIRTEL,ANDROY,BEKILY,BERAKETA,68.0,-24.084321,45.548366,TRUE,TRUE,FALSE,FALSE,2G-3G//ASBSC_IHOSY/MGMCRNC/,2G-3G,NON,HELIOS,GE,2008,610209,GREENFIELD,ASBSC_IHOSY/MGMCRNC/
415,AIRTEL_4739,Mananovy_Ankirobo,AIRTEL,ANOSY,BETROKA,NANARENA BESAKOA,48.71,-23.63923,45.8323,TRUE,TRUE,FALSE,FALSE,2G-3G//ASBSC_IHOSY/MGMCRNC/,2G-3G,NON,HELIOS,GE,2008,620218,GREENFIELD,ASBSC_IHOSY/MGMCRNC/
416,AIRTEL_5173,Manantsatrana,AIRTEL,ANALANJIROFO,FENERIVE EST,AMPASIMBE MANANTSANTRANA,27.0,-17.087944,49.480278,TRUE,TRUE,FALSE,FALSE,2G-3G//ASBSC_FARA/ASRNC_FARA/,2G-3G,OUI,TOA,ENERGIE SOLAIRE,2013,520103,GREENFIELD,ASBSC_FARA/ASRNC_FARA/
417,AIRTEL_5238,Manaratsandry,AIRTEL,BOENY,MAROVOAY,MANARATSANDRY,38.0,-16.183015,46.504331,TRUE,TRUE,FALSE,FALSE,2G-3G//NBSC3/MGMCRNC/,2G-3G,NON,HELIOS,GE,2016,420408,GREENFIELD,NBSC3/MGMCRNC/
418,AIRTEL_1219,Manariambo,AIRTEL,SOFIA,MAMPIKONY,BEKORATSAKA,45.0,-16.105972,47.468997,TRUE,TRUE,FALSE,FALSE,2G-3G//NBSC3/MGMCRNC/,2G-3G,NON,HELIOS,GE,2007,440505,GREENFIELD,NBSC3/MGMCRNC/
419,AIRTEL_1208,Manasamody,AIRTEL,SOFIA,ANTSOHIHY,ANJIAMANGIRANA,48.0,-15.202272,47.759861,TRUE,TRUE,FALSE,FALSE,2G-3G//NBSC3/MGMCRNC/,2G-3G,NON,HELIOS,GE,2007,440208,GREENFIELD,NBSC3/MGMCRNC/
420,AIRTEL_5267,Mandabe,AIRTEL,MENABE,MAHABO,MANDABE,33.0,-21.0487,44.93556,TRUE,FALSE,FALSE,FALSE,2G Only//ASBSC_IHOSY/NA/,2G,NON,TOA PICOM 1&2,SOLDIES,2014,640210,GREENFIELD,ASBSC_IHOSY/NA/
421,AIRTEL_2035,Mandalahy,AIRTEL,MATSIATRA AMBONY,LALANGINA,ALAKAMISY AMBOHIMAHA,68.16,-21.28168,47.24434,TRUE,TRUE,TRUE,FALSE,2G-3G-4G//NBSC1/MGMCRNC/AN1SGSN02,2G-3G-4G,NON,HELIOS,JIRAMA,2007,330701,GREENFIELD,NBSC1/MGMCRNC/AN1SGSN02
422,AIRTEL_4727,Mandena,AIRTEL,ANOSY,TAOLANARO,MANDROMODROMOTRA,48.0,-24.93724167,47.05027778,TRUE,TRUE,FALSE,FALSE,2G-3G//ASBSC_IHOSY/MGMCRNC/,2G-3G,NON,HELIOS,GE,2008,620321,GREENFIELD,ASBSC_IHOSY/MGMCRNC/
423,AIRTEL_4907,Mandoto,AIRTEL,VAKINANKARATRA,MANDOTO,MANDOTO,48.0,-19.578833,46.292694,TRUE,TRUE,FALSE,FALSE,2G-3G//MCBSC10/MGMCRNC/,2G-3G,NON,HELIOS,GE,2011,140701,GREENFIELD,MCBSC10/MGMCRNC/
424,AIRTEL_5182,Mandrangobato,AIRTEL,ANALAMANGA,ANTANANARIVO_IV,CU ANTANANARIVO (Arr.IV),20.0,-18.92844,47.50776,TRUE,TRUE,TRUE,FALSE,2G-3G-4G//ASBSC_TANA/ASRNC_TANA/AN1SGSN02,2G-3G-4G,null,null,null,2015,111001,ROOFTOP,ASBSC_TANA/ASRNC_TANA/AN1SGSN02
425,AIRTEL_2003,Mandritsara,AIRTEL,VAKINANKARATRA,BETAFO,MANDRITSARA,27.0,-15.844172,48.828636,TRUE,TRUE,TRUE,FALSE,2G-3G-4G//NBSC6/MGMCRNC/AN1SGSN02,2G-3G-4G,NON,HELIOS,JIRAMA,2006,140510,GREENFIELD,NBSC6/MGMCRNC/AN1SGSN02
426,AIRTEL_5231,Mandritsara2,AIRTEL,VAKINANKARATRA,BETAFO,MANDRITSARA,68.0,-15.84059,48.80345,TRUE,TRUE,TRUE,FALSE,2G-3G-4G//NBSC6/MGMCRNC/AN1SGSN02,2G-3G-4G,NON,HELIOS,GE,2015,140510,GREENFIELD,NBSC6/MGMCRNC/AN1SGSN02
427,AIRTEL_5299,Mandritsara3,AIRTEL,VAKINANKARATRA,BETAFO,MANDRITSARA,48.0,-15.83405,48.84048,TRUE,TRUE,FALSE,FALSE,2G-3G//NBSC6/MGMCRNC/,2G-3G,NON,HELIOS,GE,2018,140510,GREENFIELD,NBSC6/MGMCRNC/
428,AIRTEL_4760,Mandrorohabe,AIRTEL,DIANA,AMBANJA,ANKINGAMELOKA,47.0,-13.8685,48.2603,TRUE,TRUE,FALSE,FALSE,2G-3G//NBSC6/MGMCRNC/,2G-3G,NON,HELIOS,GE,2008,210109,GREENFIELD,NBSC6/MGMCRNC/
429,AIRTEL_1114,Mandroseza,AIRTEL,ANALAMANGA,ANTANANARIVO_II,CU ANTANANARIVO (Arr.II),22.0,-18.93176,47.54398,TRUE,TRUE,TRUE,FALSE,2G-3G-4G//ASBSC_TANA/ASRNC_TANA/AN1SGSN02,2G-3G-4G,NON,HELIOS,JIRAMA,2003,110801,ROOFTOP,ASBSC_TANA/ASRNC_TANA/AN1SGSN02
430,AIRTEL_1134,Mandrosoa,AIRTEL,ANALAMANGA,AMBOHIDRATRIMO,TALATAMATY,14.0,-18.82059,47.4659,TRUE,TRUE,TRUE,FALSE,2G-3G-4G//ASBSC_TANA/ASRNC_TANA/AN1SGSN02,2G-3G-4G,NON,HELIOS,JIRAMA,2003,110125,ROOFTOP,ASBSC_TANA/ASRNC_TANA/AN1SGSN02
431,AIRTEL_2717,Manerinerina,AIRTEL,ANALAMANGA,ANKAZOBE,TSARAMASOANDRO,65.0,-18.0081,47.15333,TRUE,TRUE,FALSE,FALSE,2G-3G//ASBSC_TANA/ASRNC_TANA/,2G-3G,NON,HELIOS,GE,2007,110413,GREENFIELD,ASBSC_TANA/ASRNC_TANA/
432,AIRTEL_5099,Mangamila,AIRTEL,ANALAMANGA,ANJOZOROBE,MANGAMILA,48.71,-18.568112,47.864403,TRUE,TRUE,TRUE,FALSE,2G-3G-4G//ASBSC_TANA/ASRNC_TANA/AN1SGSN02,2G-3G-4G,OUI,HELIOS,GE,2011,110316,GREENFIELD,ASBSC_TANA/ASRNC_TANA/AN1SGSN02
433,AIRTEL_2903,Mangarano,AIRTEL,ATSINANANA,TOAMASINA I,CU TOAMASINA arr. ANKIRIHIRY,14.0,-18.1419,49.38296,TRUE,TRUE,TRUE,FALSE,2G-3G-4G//ASBSC_FARA/ASRNC_FARA/AN1SGSN02,2G-3G-4G,NON,HELIOS,JIRAMA,2009,530503,ROOFTOP,ASBSC_FARA/ASRNC_FARA/AN1SGSN02
434,AIRTEL_5191,Manja,AIRTEL,MENABE,MANJA,MANJA,30.0,-21.436249,44.335645,TRUE,FALSE,FALSE,FALSE,2G Only//ASBSC_IHOSY/NA/,2G,NON,ORANGE,GE,2015,640305,GREENFIELD,ASBSC_IHOSY/NA/
435,AIRTEL_1049,Manjakandriana,AIRTEL,ANALAMANGA,MANJAKANDRIANA,MANJAKANDRIANA,15.0,-18.9103,47.804317,TRUE,TRUE,FALSE,FALSE,2G-3G//ASBSC_TANA/ASRNC_TANA/,2G-3G,NON,HELIOS,JIRAMA,2003,111317,ROOFTOP,ASBSC_TANA/ASRNC_TANA/
436,AIRTEL_1173,Manjakaray,AIRTEL,ANALAMANGA,ANTANANARIVO_V,CU ANTANANARIVO (Arr.V),21.0,-18.89028,47.53247,TRUE,TRUE,TRUE,FALSE,2G-3G-4G//ASBSC_TANA/ASRNC_TANA/AN1SGSN02,2G-3G-4G,NON,HELIOS,JIRAMA,2006,111101,ROOFTOP,ASBSC_TANA/ASRNC_TANA/AN1SGSN02
437,AIRTEL_2024,Manombo,AIRTEL,ATSIMO ATSINANANA,FARAFANGANA,ANKARANA MIRAIHINA,47.5,-23.08327,47.63127,TRUE,TRUE,FALSE,FALSE,2G-3G//NBSC1/MGMCRNC/,2G-3G,NON,HELIOS,GE,2007,320207,GREENFIELD,NBSC1/MGMCRNC/
438,AIRTEL_4746,Manometimay,AIRTEL,MENABE,MORONDAVA,BELO SUR MER,78.71,-20.466671,44.2,TRUE,TRUE,FALSE,FALSE,2G-3G//MCBSC10/MGMCRNC/,2G-3G,NON,HELIOS,GE,2008,640503,GREENFIELD,MCBSC10/MGMCRNC/
439,AIRTEL_4776,Manompana,AIRTEL,ANALANJIROFO,SOANIERANA IVONGO,MANOMPANA,27.0,-16.66764,49.748636,TRUE,TRUE,TRUE,FALSE,2G-3G-4G//ASBSC_FARA/ASRNC_FARA/AN1SGSN02,2G-3G-4G,NON,HELIOS,GE,2008,520507,GREENFIELD,ASBSC_FARA/ASRNC_FARA/AN1SGSN02
440,AIRTEL_5247,Mantasoa,AIRTEL,ANALAMANGA,MANJAKANDRIANA,MANTASOA,30.0,-19.000938,47.835189,TRUE,TRUE,FALSE,FALSE,2G-3G//ASBSC_TANA/ASRNC_TANA/,2G-3G,OUI,TOA,ENERGIE SOLAIRE,2015,111318,GREENFIELD,ASBSC_TANA/ASRNC_TANA/
441,AIRTEL_5255,Maroambihy,AIRTEL,SAVA,ANDAPA,ANDRAKATA,68.0,-14.648636,49.67782,TRUE,TRUE,FALSE,FALSE,2G-3G//NBSC6/MGMCRNC/,2G-3G,NON,HELIOS,GE,2015,220105,GREENFIELD,NBSC6/MGMCRNC/
442,AIRTEL_1109,Maroantsetra,AIRTEL,ANALANJIROFO,MAROANTSETRA,MAROANTSETRA,67.0,-15.422,49.7369,TRUE,TRUE,FALSE,FALSE,2G-3G//ASBSC_FARA/ASRNC_FARA/,2G-3G,OUI,HELIOS,JIRAMA,2007,520315,GREENFIELD,ASBSC_FARA/ASRNC_FARA/
443,AIRTEL_4748,Marofandilia,AIRTEL,MENABE,MORONDAVA,BEMANONGA,64.0,-20.13403889,44.55063056,TRUE,TRUE,FALSE,FALSE,2G-3G//MCBSC10/MGMCRNC/,2G-3G,OUI,HELIOS,GE,2008,640504,GREENFIELD,MCBSC10/MGMCRNC/
444,AIRTEL_3802,Marofody,AIRTEL,ATSINANANA,BRICKAVILLE,AMBINANINONY,8.95,-18.54322,49.12039,TRUE,TRUE,FALSE,FALSE,2G-3G//ASBSC_FARA/ASRNC_FARA/,2G-3G,NON,HELIOS,GE,2008,530202,GREENFIELD,ASBSC_FARA/ASRNC_FARA/
445,AIRTEL_5229,Marolampy,AIRTEL,SOFIA,BEFANDRIANA NORD,AMBODIMOTSO SUD,48.0,-15.34724,48.53301,TRUE,TRUE,FALSE,FALSE,2G-3G//NBSC6/MGMCRNC/,2G-3G,NON,HELIOS,GE,2015,440402,GREENFIELD,NBSC6/MGMCRNC/
446,AIRTEL_1211,Maromandia,AIRTEL,SOFIA,ANALALAVA,MAROMANDIA,28.0,-14.275934,48.06409,TRUE,TRUE,FALSE,FALSE,2G-3G//NBSC6/MGMCRNC/,2G-3G,NON,HELIOS,GE,2007,440111,GREENFIELD,NBSC6/MGMCRNC/
447,AIRTEL_2104,Maromiza,AIRTEL,ANALANJIROFO,VAVATENINA,ANDASIBE,67.4,-18.94389,48.455708,TRUE,TRUE,FALSE,FALSE,2G-3G//ASBSC_FARA/ASRNC_FARA/,2G-3G,NON,HELIOS,GE,2007,410102,GREENFIELD,ASBSC_FARA/ASRNC_FARA/
448,AIRTEL_5245,Marotandrano,AIRTEL,SOFIA,MANDRITSARA,MAROTANDRANO,33.0,-16.196519,48.841994,TRUE,TRUE,FALSE,FALSE,2G-3G//NBSC6/MGMCRNC/,2G-3G,NON,TOA,ENERGIE SOLAIRE,2016,440625,GREENFIELD,NBSC6/MGMCRNC/
449,AIRTEL_1012,Marovoay,AIRTEL,BOENY,MAROVOAY,MAROVOAY,22.0,-16.11506,46.6443333,TRUE,TRUE,FALSE,FALSE,2G-3G//NBSC3/MGMCRNC/,2G-3G,null,null,null,2003,420410,GREENFIELD,NBSC3/MGMCRNC/
450,AIRTEL_5184,Marovoay2,AIRTEL,BOENY,MAROVOAY,MAROVOAY,47.0,-16.108909,46.64116,TRUE,TRUE,FALSE,FALSE,2G-3G//NBSC3/MGMCRNC/,2G-3G,NON,HELIOS,JIRAMA,2015,420410,GREENFIELD,NBSC3/MGMCRNC/
451,AIRTEL_3701,Marozevo,AIRTEL,ALAOTRA MANGORO,MORAMANGA,SABOTSY ANJIRO,68.71,-18.93738889,47.94285833,TRUE,TRUE,TRUE,FALSE,2G-3G-4G//ASBSC_FARA/ASRNC_FARA/AN1SGSN02,2G-3G-4G,NON,HELIOS,GE,2008,510520,GREENFIELD,ASBSC_FARA/ASRNC_FARA/AN1SGSN02
452,AIRTEL_1305,Mbolatsitonga,AIRTEL,VAKINANKARATRA,ANTSIRABE II,SOANINDRARINY,47.5,-19.9148,47.2615,TRUE,TRUE,FALSE,FALSE,2G-3G//MCBSC10/MGMCRNC/,2G-3G,NON,HELIOS,GE,2007,140418,GREENFIELD,MCBSC10/MGMCRNC/
453,AIRTEL_1111,MBS,AIRTEL,ANALAMANGA,ANTANANARIVO_IV,CU ANTANANARIVO (Arr.IV),17.0,-18.92977,47.49599,TRUE,TRUE,TRUE,FALSE,2G-3G-4G//ASBSC_TANA/ASRNC_TANA/AN1SGSN02,2G-3G-4G,OUI,MBS,JIRAMA,2003,111001,GREENFIELD,ASBSC_TANA/ASRNC_TANA/AN1SGSN02
454,AIRTEL_4729,Miandrivazo,AIRTEL,MENABE,MIANDRIVAZO,MIANDRIVAZO,50.0,-19.54628333,45.45484722,TRUE,TRUE,TRUE,FALSE,2G-3G-4G//MCBSC10/MGMCRNC/AN1SGSN02,2G-3G-4G,NON,HELIOS,GE,2008,640414,GREENFIELD,MCBSC10/MGMCRNC/AN1SGSN02
455,AIRTEL_1103,Miarinarivo1,AIRTEL,ITASY,MIARINARIVO,MANAZARY,27.0,-19.00386,46.8635833,TRUE,TRUE,FALSE,FALSE,2G-3G//ASBSC_TANA/MGMCRNC/,2G-3G,NON,HELIOS,GE,2004,130207,GREENFIELD,ASBSC_TANA/MGMCRNC/
456,AIRTEL_1104,Miarinarivo2,AIRTEL,ITASY,MIARINARIVO,MIARINARIVO,17.0,-18.97213888888889,46.90397222222222,TRUE,TRUE,TRUE,FALSE,2G-3G-4G//ASBSC_TANA/MGMCRNC/AN1SGSN02,2G-3G-4G,NON,ORTM,JIRAMA,2005,130209,GREENFIELD,ASBSC_TANA/MGMCRNC/AN1SGSN02
457,AIRTEL_1177,Min_Priv,AIRTEL,ANALAMANGA,ANTANANARIVO_I,CU ANTANANARIVO (Arr.I),39.0,-18.9188,47.52026,TRUE,TRUE,TRUE,FALSE,2G-3G-4G//ASBSC_TANA/ASRNC_TANA/AN1SGSN02,2G-3G-4G,NON,HELIOS,JIRAMA,2006,110701,ROOFTOP,ASBSC_TANA/ASRNC_TANA/AN1SGSN02
458,AIRTEL_1855,Mitsinjo,AIRTEL,BOENY,MITSINJO,MITSINJO,48.71,-15.96637,45.88508,TRUE,FALSE,FALSE,FALSE,2G Only//NBSC3/NA/,2G,NON,HELIOS,GE,2008,420507,GREENFIELD,NBSC3/NA/
459,AIRTEL_5185,Mitsinjo2,AIRTEL,BOENY,MITSINJO,MITSINJO,46.0,-16.00854,45.87033,TRUE,FALSE,FALSE,FALSE,2G Only//NBSC3/NA/,2G,NON,TOA PICOM 1&2,SOLDIES,2015,420507,GREENFIELD,NBSC3/NA/
460,AIRTEL_1218,Morafeno,AIRTEL,BOENY,AMBATO BOENI,MANERINERINA,48.71,-16.303928,47.317875,TRUE,TRUE,TRUE,FALSE,2G-3G-4G//NBSC3/MGMCRNC/AN1SGSN02,2G-3G-4G,NON,HELIOS,GE,2007,420109,GREENFIELD,NBSC3/MGMCRNC/AN1SGSN02
461,AIRTEL_2901,Morafeno_Est,AIRTEL,ATSINANANA,TOAMASINA I,CU TOAMASINA arr. ANKIRIHIRY,16.0,-18.13719,49.40621,TRUE,TRUE,FALSE,FALSE,2G-3G//ASBSC_FARA/ASRNC_FARA/,2G-3G,NON,HELIOS,JIRAMA,2009,530503,ROOFTOP,ASBSC_FARA/ASRNC_FARA/
462,AIRTEL_1018,Moramanga,AIRTEL,ALAOTRA MANGORO,MORAMANGA,MORAMANGA,65.0,-18.921819,48.245611,TRUE,TRUE,TRUE,FALSE,2G-3G-4G//ASBSC_FARA/ASRNC_FARA/AN1SGSN02,2G-3G-4G,NON,HELIOS,JIRAMA,2003,510518,GREENFIELD,ASBSC_FARA/ASRNC_FARA/AN1SGSN02
463,AIRTEL_1069,Moramanga2,AIRTEL,ALAOTRA MANGORO,MORAMANGA,MORAMANGA,22.0,-18.94636111,48.22919444,TRUE,TRUE,TRUE,FALSE,2G-3G-4G//ASBSC_FARA/ASRNC_FARA/AN1SGSN02,2G-3G-4G,OUI,HELIOS,JIRAMA,2003,510518,ROOFTOP,ASBSC_FARA/ASRNC_FARA/AN1SGSN02
71,GULFSAT_T47,Mandrosoa 2,GULFSAT,ANALAMANGA,AMBOHIDRATRIMO,IVATO,null,-18.82633611111111,47.471044444444445,FALSE,TRUE,FALSE,FALSE,null,3G,null,null,null,2020,110118,null,null
464,AIRTEL_4730,Morarano,AIRTEL,ALAOTRA MANGORO,MORAMANGA,MORARANO GARE,46.67,-18.64433333,48.28091667,TRUE,TRUE,FALSE,FALSE,2G-3G//ASBSC_FARA/ASRNC_FARA/,2G-3G,OUI,HELIOS,GE,2008,510519,GREENFIELD,ASBSC_FARA/ASRNC_FARA/
465,AIRTEL_4731,Morombe,AIRTEL,ATSIMO ANDREFANA,MOROMBE,MOROMBE,48.71,-21.74553,43.35414,TRUE,TRUE,FALSE,FALSE,2G-3G//ASBSC_IHOSY/MGMCRNC/,2G-3G,NON,HELIOS,JIRAMA,2008,630607,GREENFIELD,ASBSC_IHOSY/MGMCRNC/
466,AIRTEL_2722,Morondava,AIRTEL,MENABE,MORONDAVA,MORONDAVA,48.0,-20.29404,44.2812,TRUE,TRUE,TRUE,FALSE,2G-3G-4G//MCBSC10/MGMCRNC/AN1SGSN02,2G-3G-4G,NON,HELIOS,JIRAMA,2007,640505,GREENFIELD,MCBSC10/MGMCRNC/AN1SGSN02
467,AIRTEL_4908,Morondava2,AIRTEL,MENABE,MORONDAVA,MORONDAVA,20.0,-20.29485,44.30052,TRUE,TRUE,TRUE,FALSE,2G-3G-4G//MCBSC10/MGMCRNC/,2G-3G-4G,OUI,TOA,MIXTE,2011,640505,GREENFIELD,MCBSC10/MGMCRNC/
468,AIRTEL_5186,Namakia,AIRTEL,BOENY,MITSINJO,MATSAKABANJA,38.0,-15.91934,45.8368,TRUE,FALSE,FALSE,FALSE,2G Only//NBSC3/NA/,2G,NON,HELIOS,GE,2015,420506,GREENFIELD,NBSC3/NA/
469,AIRTEL_1033,Nord_vigie,AIRTEL,DIANA,NOSY-BE,CU NOSY-BE,26.0,-13.4,48.2545,TRUE,TRUE,FALSE,FALSE,2G-3G//NBSC6/MGMCRNC/,2G-3G,OUI,HELIOS,JIRAMA,2003,210501,GREENFIELD,NBSC6/MGMCRNC/
470,AIRTEL_5194,Nosibe_Ifanja,AIRTEL,ITASY,MIARINARIVO,ANOSIBE-IFANJA,38.0,-18.87509,46.7289,TRUE,TRUE,FALSE,FALSE,2G-3G//ASBSC_TANA/MGMCRNC/,2G-3G,NON,HELIOS,GE,2015,130205,GREENFIELD,ASBSC_TANA/MGMCRNC/
471,AIRTEL_1329,Nosy_Be5,AIRTEL,DIANA,NOSY-BE,CU NOSY-BE,47.5,-13.322083,48.228583,TRUE,TRUE,FALSE,FALSE,2G-3G//NBSC6/MGMCRNC/,2G-3G,OUI,HELIOS,GE,2007,210501,GREENFIELD,NBSC6/MGMCRNC/
472,AIRTEL_1336,Nosy_Be6,AIRTEL,DIANA,NOSY-BE,CU NOSY-BE,47.0,-13.393881,48.268811,TRUE,TRUE,TRUE,FALSE,2G-3G-4G//NBSC6/MGMCRNC/AN1SGSN02,2G-3G-4G,OUI,HELIOS,JIRAMA,2008,210501,GREENFIELD,NBSC6/MGMCRNC/AN1SGSN02
473,AIRTEL_1229,Nosy_Varika,AIRTEL,VATOVAVY,NOSY VARIKA,NOSY VARIKA,47.5,-20.58908,48.534924,TRUE,TRUE,FALSE,FALSE,2G-3G//NBSC1/MGMCRNC/,2G-3G,NON,HELIOS,GE,2008,360313,GREENFIELD,NBSC1/MGMCRNC/
474,AIRTEL_1124,OTV,AIRTEL,ANALAMANGA,ANTANANARIVO_VI,CU ANTANANARIVO (ARR.VI ),28.0,-18.85419,47.4847,TRUE,TRUE,TRUE,FALSE,2G-3G-4G//ASBSC_TANA/ASRNC_TANA/AN1SGSN02,2G-3G-4G,NON,HELIOS,JIRAMA,2003,111201,GREENFIELD,ASBSC_TANA/ASRNC_TANA/AN1SGSN02
475,AIRTEL_1209,Port_Berge,AIRTEL,SOFIA,PORT-BERGE,PORT-BERGE,47.0,-15.568697,47.621278,TRUE,TRUE,TRUE,FALSE,2G-3G-4G//NBSC3/MGMCRNC/AN1SGSN02,2G-3G-4G,NON,HELIOS,JIRAMA,2007,440711,GREENFIELD,NBSC3/MGMCRNC/AN1SGSN02
476,AIRTEL_5070,Pradon,AIRTEL,ANALAMANGA,ANTANANARIVO_III,CU ANTANANARIVO (Arr.III),25.0,-18.897628,47.522872,TRUE,TRUE,TRUE,FALSE,2G-3G-4G//ASBSC_TANA/ASRNC_TANA/AN1SGSN02,2G-3G-4G,NON,HELIOS,JIRAMA,2012,110901,ROOFTOP,ASBSC_TANA/ASRNC_TANA/AN1SGSN02
477,AIRTEL_1410,PullMan,AIRTEL,ANALAMANGA,ANTANANARIVO_V,CU ANTANANARIVO (Arr.V),22.0,-18.87011,47.52427,TRUE,TRUE,TRUE,FALSE,2G-3G-4G//ASBSC_TANA/ASRNC_TANA/AN1SGSN02,2G-3G-4G,OUI,HELIOS,JIRAMA,2012,111101,ROOFTOP,ASBSC_TANA/ASRNC_TANA/AN1SGSN02
478,AIRTEL_5281,Ramena,AIRTEL,DIANA,ANTSIRANANA II,RAMENA,38.0,-12.266583,49.351111,TRUE,TRUE,FALSE,FALSE,2G-3G//NBSC6/MGMCRNC/,2G-3G,OUI,TOA,SOLDIES,2016,210419,GREENFIELD,NBSC6/MGMCRNC/
479,AIRTEL_2046,Ranohira,AIRTEL,IHOROMBE,IHOSY,RANOHIRA,28.0,-22.55556389,45.41556944,TRUE,TRUE,FALSE,FALSE,2G-3G//ASBSC_IHOSY/MGMCRNC/,2G-3G,NON,HELIOS,GE,2007,340213,GREENFIELD,ASBSC_IHOSY/MGMCRNC/
480,AIRTEL_2709,Ranomafana,AIRTEL,VATOVAVY,IFANADIANA,RANOMAFANA,27.0,-21.26036,47.463275,TRUE,TRUE,TRUE,FALSE,2G-3G-4G//NBSC1/MGMCRNC/AN1SGSN02,2G-3G-4G,NON,HELIOS,GE,2007,360112,GREENFIELD,NBSC1/MGMCRNC/AN1SGSN02
481,AIRTEL_3702,Ranomafana_Est,AIRTEL,ATSINANANA,BRICKAVILLE,RANOMAFANA EST,27.57,-18.95908333,48.857175,TRUE,TRUE,TRUE,FALSE,2G-3G-4G//ASBSC_FARA/ASRNC_FARA/AN1SGSN02,2G-3G-4G,NON,HELIOS,GE,2008,530215,GREENFIELD,ASBSC_FARA/ASRNC_FARA/AN1SGSN02
482,AIRTEL_1806,Ranopiso,AIRTEL,ANOSY,TAOLANARO,RANOPISO,68.71,-25.042,46.6512,TRUE,TRUE,FALSE,FALSE,2G-3G//ASBSC_IHOSY/MGMCRNC/,2G-3G,NON,HELIOS,GE,2008,620323,GREENFIELD,ASBSC_IHOSY/MGMCRNC/
483,AIRTEL_5226,Rantabe,AIRTEL,ANALANJIROFO,MAROANTSETRA,RANTABE,38.0,-15.70791,49.64496,TRUE,TRUE,FALSE,FALSE,2G-3G//ASBSC_FARA/ASRNC_FARA/,2G-3G,NON,HELIOS,GE,2016,520317,GREENFIELD,ASBSC_FARA/ASRNC_FARA/
484,AIRTEL_2714,Relais_de_la_Reine1,AIRTEL,IHOROMBE,IHOSY,ILAKAKA-BE,47.5,-22.674789,45.331606,TRUE,TRUE,FALSE,FALSE,2G-3G//ASBSC_IHOSY/MGMCRNC/,2G-3G,OUI,HELIOS,GE,2007,340209,GREENFIELD,ASBSC_IHOSY/MGMCRNC/
485,AIRTEL_1135,Sab_Nam,AIRTEL,ANALAMANGA,ANTANANARIVO AVARADRANO,SABOTSY NAMEHANA,16.0,-18.83631,47.55528,TRUE,TRUE,TRUE,FALSE,2G-3G-4G//ASBSC_TANA/ASRNC_TANA/AN1SGSN02,2G-3G-4G,NON,HELIOS,JIRAMA,2006,110612,ROOFTOP,ASBSC_TANA/ASRNC_TANA/AN1SGSN02
486,AIRTEL_5576,Sainte_Marie1,AIRTEL,ANALANJIROFO,SAINTE MARIE,SAINTE MARIE,null,-16.998694,49.85342,TRUE,TRUE,TRUE,FALSE,2G-3G-4G//ASBSC_FARA/ASRNC_FARA/AN1SGSN02,2G-3G-4G,NON,ORANGE,JIRAMA,2005,520401,GREENFIELD,ASBSC_FARA/ASRNC_FARA/AN1SGSN02
487,AIRTEL_1029,Sainte_Marie2,AIRTEL,ANALANJIROFO,SAINTE MARIE,SAINTE MARIE,28.71,-16.9471,49.85693,TRUE,TRUE,TRUE,FALSE,2G-3G-4G//ASBSC_FARA/ASRNC_FARA/AN1SGSN02,2G-3G-4G,NON,HELIOS,JIRAMA,2006,520401,GREENFIELD,ASBSC_FARA/ASRNC_FARA/AN1SGSN02
488,AIRTEL_2070,Sainte_Marie3,AIRTEL,ANALANJIROFO,SAINTE MARIE,SAINTE MARIE,28.71,-17.0504,49.82652,TRUE,TRUE,FALSE,FALSE,2G-3G//ASBSC_FARA/ASRNC_FARA/,2G-3G,NON,HELIOS,JIRAMA,2007,520401,GREENFIELD,ASBSC_FARA/ASRNC_FARA/
489,AIRTEL_5196,Sakalalina,AIRTEL,IHOROMBE,IHOSY,SAKALALINA,30.0,-22.320444,46.453861,TRUE,TRUE,FALSE,FALSE,2G-3G//NBSC1/MGMCRNC/,2G-3G,NON,TOA FORFAIT,SOLDIES,2014,340215,GREENFIELD,NBSC1/MGMCRNC/
490,AIRTEL_1105,Sakaraha,AIRTEL,ATSIMO ANDREFANA,SAKARAHA,SAKARAHA,48.71,-22.909436,44.526478,TRUE,TRUE,TRUE,FALSE,2G-3G-4G//ASBSC_IHOSY/MGMCRNC/AN1SGSN02,2G-3G-4G,NON,HELIOS,JIRAMA,2008,630712,GREENFIELD,ASBSC_IHOSY/MGMCRNC/AN1SGSN02
491,AIRTEL_2033,Sambaina,AIRTEL,VAKINANKARATRA,ANTANIFOTSY,ANTANIFOTSY,68.0,-19.625053,47.192825,TRUE,TRUE,TRUE,FALSE,2G-3G-4G//ASBSC_TANA/MGMCRNC/AN1SGSN02,2G-3G-4G,NON,HELIOS,GE,2006,140209,GREENFIELD,ASBSC_TANA/MGMCRNC/AN1SGSN02
492,AIRTEL_1037,Sambava,AIRTEL,SAVA,SAMBAVA,FARAHALANA,58.0,-14.286256,50.158611,TRUE,TRUE,TRUE,FALSE,2G-3G-4G//NBSC6/MGMCRNC/AN1SGSN02,2G-3G-4G,OUI,HELIOS,JIRAMA,2007,220319,GREENFIELD,NBSC6/MGMCRNC/AN1SGSN02
493,AIRTEL_4780,Sambava2,AIRTEL,SAVA,SAMBAVA,SAMBAVA,13.0,-14.2595,50.144,TRUE,TRUE,FALSE,FALSE,2G-3G//NBSC6/MGMCRNC/,2G-3G,NON,HELIOS,JIRAMA,2008,220325,ROOFTOP,NBSC6/MGMCRNC/
494,AIRTEL_1610,sambava3,AIRTEL,SAVA,SAMBAVA,SAMBAVA,48.71,-14.25522,50.15705,TRUE,TRUE,FALSE,FALSE,2G-3G//NBSC6/MGMCRNC/,2G-3G,OUI,HELIOS,JIRAMA,2011,220325,GREENFIELD,NBSC6/MGMCRNC/
495,AIRTEL_5335,Sandrakatsy2,AIRTEL,ANALANJIROFO,MANANARA-NORD,SANDRAKATSY,53.0,-16.341056,49.641306,TRUE,TRUE,FALSE,FALSE,2G-3G//ASBSC_FARA/ASRNC_FARA/,2G-3G,NON,ORANGE,GE,2018,520211,GREENFIELD,ASBSC_FARA/ASRNC_FARA/
496,AIRTEL_5223,Ravoraha,AIRTEL,ANALANJIROFO,SAINTE MARIE,SAINTE MARIE,28.0,-17.0884,49.82101,TRUE,TRUE,FALSE,FALSE,2G-3G//ASBSC_FARA/ASRNC_FARA/,2G-3G,NON,TOA FORFAIT,ENERGIE SOLAIRE,2023,520401,GREENFIELD,ASBSC_FARA/ASRNC_FARA/
497,AIRTEL_1524,SANS_FIL,AIRTEL,ATSIMO ANDREFANA,TOLIARA I,TOLIARA I,48.71,-23.36185,43.68648,TRUE,TRUE,TRUE,FALSE,2G-3G-4G//ASBSC_IHOSY/MGMCRNC/AN1SGSN02,2G-3G-4G,NON,HELIOS,JIRAMA,2013,630801,GREENFIELD,ASBSC_IHOSY/MGMCRNC/AN1SGSN02
498,AIRTEL_3703,Secren,AIRTEL,DIANA,ANTSIRANANA I,ANTSIRANANA,27.0,-12.28046111,49.279925,TRUE,TRUE,FALSE,FALSE,2G-3G//NBSC6/MGMCRNC/,2G-3G,OUI,HELIOS,JIRAMA,2008,210301,GREENFIELD,NBSC6/MGMCRNC/
499,AIRTEL_4769,Seranambe,AIRTEL,ANALANJIROFO,MANANARA-NORD,IMORONA,68.0,-16.2271,49.84946,TRUE,TRUE,TRUE,FALSE,2G-3G-4G//ASBSC_FARA/ASRNC_FARA/AN1SGSN02,2G-3G-4G,NON,HELIOS,GE,2008,520208,GREENFIELD,ASBSC_FARA/ASRNC_FARA/AN1SGSN02
500,AIRTEL_1525,Sherritt,AIRTEL,ATSINANANA,TOAMASINA II,AMBODITANDROHO,68.71,-18.198889,49.351639,TRUE,TRUE,TRUE,FALSE,2G-3G-4G//ASBSC_FARA/ASRNC_FARA/AN1SGSN02,2G-3G-4G,OUI,HELIOS,GE,2012,530603,GREENFIELD,ASBSC_FARA/ASRNC_FARA/AN1SGSN02
501,AIRTEL_1802,Soalala,AIRTEL,BOENY,SOALALA,SOALALA,48.71,-16.09818,45.33071,TRUE,FALSE,FALSE,FALSE,2G Only//NBSC3/NA/,2G,NON,HELIOS,GE,2008,420603,GREENFIELD,NBSC3/NA/
502,AIRTEL_1117,Soanierana,AIRTEL,ANALAMANGA,ANTANANARIVO_IV,CU ANTANANARIVO (Arr.IV),16.0,-18.936333,47.524694,TRUE,TRUE,TRUE,FALSE,2G-3G-4G//ASBSC_TANA/ASRNC_TANA/AN1SGSN02,2G-3G-4G,NON,HELIOS,JIRAMA,2005,111001,ROOFTOP,ASBSC_TANA/ASRNC_TANA/AN1SGSN02
503,AIRTEL_4014,Soanierana_Ivongo,AIRTEL,ANALANJIROFO,SOANIERANA IVONGO,SOANIERANA IVONGO,48.36,-16.91855,49.5859194,TRUE,TRUE,TRUE,FALSE,2G-3G-4G//ASBSC_FARA/ASRNC_FARA/AN1SGSN02,2G-3G-4G,OUI,HELIOS,JIRAMA,2007,520508,GREENFIELD,ASBSC_FARA/ASRNC_FARA/AN1SGSN02
504,AIRTEL_1534,Soatalily,AIRTEL,ATSIMO ANDREFANA,TOLIARA I,TOLIARA I,48.0,-23.356512,43.674155,TRUE,TRUE,TRUE,FALSE,2G-3G-4G//ASBSC_IHOSY/MGMCRNC/AN1SGSN02,2G-3G-4G,OUI,HELIOS,JIRAMA,2011,630801,GREENFIELD,ASBSC_IHOSY/MGMCRNC/AN1SGSN02
505,AIRTEL_1911,Soatsihadino,AIRTEL,MATSIATRA AMBONY,FIANARANTSOA,CU FIANARANTSOA,14.0,-21.45477,47.096444,TRUE,TRUE,TRUE,FALSE,2G-3G-4G//NBSC1/MGMCRNC/AN1SGSN02,2G-3G-4G,NON,HELIOS,JIRAMA,2009,330301,ROOFTOP,NBSC1/MGMCRNC/AN1SGSN02
506,AIRTEL_5326,Soavimbahoaka,AIRTEL,ANALAMANGA,ANTANANARIVO_V,CU ANTANANARIVO (Arr.V),14.5,-18.892752,47.540097,TRUE,TRUE,TRUE,FALSE,2G-3G-4G//ASBSC_TANA/ASRNC_TANA/AN1SGSN02,2G-3G-4G,NON,HELIOS,JIRAMA,2017,111101,ROOFTOP,ASBSC_TANA/ASRNC_TANA/AN1SGSN02
507,AIRTEL_4742,Soavina,AIRTEL,ANALAMANGA,ANTANANARIVO ATSIMONDRANO,SOAVINA,48.0,-19.806656,46.726148,TRUE,TRUE,FALSE,FALSE,2G-3G//MCBSC10/MGMCRNC/,2G-3G,NON,HELIOS,GE,2008,110524,GREENFIELD,MCBSC10/MGMCRNC/
508,AIRTEL_5111,Soavina_Fianara,AIRTEL,ANALAMANGA,ANTANANARIVO ATSIMONDRANO,SOAVINA,37.0,-20.378699,46.928188,TRUE,TRUE,TRUE,FALSE,2G-3G-4G//MCBSC10/MGMCRNC/,2G-3G-4G,OUI,HELIOS,GE,2012,110524,GREENFIELD,MCBSC10/MGMCRNC/
509,AIRTEL_4802,Soavina_Forello,AIRTEL,ANALAMANGA,ANTANANARIVO ATSIMONDRANO,SOAVINA,14.0,-18.960969,47.503883,TRUE,TRUE,TRUE,FALSE,2G-3G-4G//ASBSC_TANA/ASRNC_TANA/AN1SGSN02,2G-3G-4G,NON,HELIOS,JIRAMA,2009,110524,ROOFTOP,ASBSC_TANA/ASRNC_TANA/AN1SGSN02
510,AIRTEL_1303,Soavinandriana,AIRTEL,ITASY,SOAVINANDRIANA,SOAVINANDRIANA,68.71,-19.165983,46.743636,TRUE,TRUE,TRUE,FALSE,2G-3G-4G//ASBSC_TANA/MGMCRNC/AN1SGSN02,2G-3G-4G,NON,HELIOS,JIRAMA,2007,111325,GREENFIELD,ASBSC_TANA/MGMCRNC/AN1SGSN02
511,AIRTEL_1157,Solima,AIRTEL,ANALAMANGA,ANTANANARIVO_I,CU ANTANANARIVO (Arr.I),39.0,-18.91064,47.52286,TRUE,TRUE,TRUE,FALSE,2G-3G-4G//ASBSC_TANA/ASRNC_TANA/AN1SGSN02,2G-3G-4G,NON,HELIOS,JIRAMA,1997,110701,ROOFTOP,ASBSC_TANA/ASRNC_TANA/AN1SGSN02
512,AIRTEL_5327,Talata_Ampano,AIRTEL,MATSIATRA AMBONY,VOHIBATO,TALATA AMPANO,33.0,-21.592889,47.039167,TRUE,TRUE,FALSE,FALSE,2G-3G//NBSC1/MGMCRNC/,2G-3G,OUI,TOA,ENERGIE SOLAIRE,2016,330608,GREENFIELD,NBSC1/MGMCRNC/
513,AIRTEL_5086,Talata_volonondry,AIRTEL,ANALAMANGA,ANTANANARIVO AVARADRANO,TALATA VOLONONDRY,32.0,-18.749556,47.64475,TRUE,TRUE,TRUE,FALSE,2G-3G-4G//ASBSC_TANA/ASRNC_TANA/AN1SGSN02,2G-3G-4G,NON,ORANGE,JIRAMA,2011,110613,GREENFIELD,ASBSC_TANA/ASRNC_TANA/AN1SGSN02
514,AIRTEL_1122,Talatamaty,AIRTEL,ANALAMANGA,AMBOHIDRATRIMO,TALATAMATY,28.0,-18.84068,47.46156,TRUE,TRUE,TRUE,FALSE,2G-3G-4G//ASBSC_TANA/ASRNC_TANA/AN1SGSN02,2G-3G-4G,NON,HELIOS,JIRAMA,1997,110125,ROOFTOP,ASBSC_TANA/ASRNC_TANA/AN1SGSN02
515,AIRTEL_1006,Tamatave1,AIRTEL,ATSINANANA,TOAMASINA I,CU TOAMASINA,42.0,-18.15414,49.41346,TRUE,TRUE,TRUE,FALSE,2G-3G-4G//ASBSC_FARA/ASRNC_FARA/AN1SGSN02,2G-3G-4G,OUI,TOA,MIXTE,2003,530501,GREENFIELD,ASBSC_FARA/ASRNC_FARA/AN1SGSN02
516,AIRTEL_1045,Tamatave2,AIRTEL,ATSINANANA,TOAMASINA I,CU TOAMASINA arr. ANKIRIHIRY,18.5,-18.12563,49.40018,TRUE,TRUE,TRUE,FALSE,2G-3G-4G//ASBSC_FARA/ASRNC_FARA/AN1SGSN02,2G-3G-4G,NON,HELIOS,JIRAMA,2002,530503,GREENFIELD,ASBSC_FARA/ASRNC_FARA/AN1SGSN02
517,AIRTEL_1046,Tamatave3,AIRTEL,ATSINANANA,TOAMASINA I,CU TOAMASINA arr. ANJOMA,22.0,-18.15714,49.40154,TRUE,TRUE,TRUE,FALSE,2G-3G-4G//ASBSC_FARA/ASRNC_FARA/AN1SGSN02,2G-3G-4G,NON,HELIOS,JIRAMA,2003,530502,ROOFTOP,ASBSC_FARA/ASRNC_FARA/AN1SGSN02
518,AIRTEL_1331,Tamatave4,AIRTEL,ATSINANANA,TOAMASINA I,CU TOAMASINA arr. ANKIRIHIRY,38.0,-18.11963,49.40292,TRUE,TRUE,TRUE,FALSE,2G-3G-4G//ASBSC_FARA/ASRNC_FARA/AN1SGSN02,2G-3G-4G,OUI,HELIOS,JIRAMA,2007,530503,GREENFIELD,ASBSC_FARA/ASRNC_FARA/AN1SGSN02
519,AIRTEL_4816,Tamatave6,AIRTEL,ATSINANANA,TOAMASINA II,FANANDRANA,28.0,-18.19263,49.34245,TRUE,TRUE,TRUE,FALSE,2G-3G-4G//ASBSC_FARA/ASRNC_FARA/AN1SGSN02,2G-3G-4G,OUI,HELIOS,JIRAMA,2008,530612,GREENFIELD,ASBSC_FARA/ASRNC_FARA/AN1SGSN02
520,AIRTEL_1142,Tanahill,AIRTEL,ANALAMANGA,ANTANANARIVO_II,CU ANTANANARIVO (Arr.II),45.0,-18.92667,47.53178,TRUE,TRUE,TRUE,FALSE,2G-3G-4G//ASBSC_TANA/ASRNC_TANA/AN1SGSN02,2G-3G-4G,OUI,TOA,MIXTE,2023,110801,GREENFIELD,ASBSC_TANA/ASRNC_TANA/AN1SGSN02
521,AIRTEL_4925,Tanamakoa,AIRTEL,ATSINANANA,TOAMASINA I,CU TOAMASINA arr. TANAMBAO V,48.71,-18.14471,49.40966,TRUE,TRUE,TRUE,FALSE,2G-3G-4G//ASBSC_FARA/ASRNC_FARA/AN1SGSN02,2G-3G-4G,OUI,HELIOS,JIRAMA,2011,530505,GREENFIELD,ASBSC_FARA/ASRNC_FARA/AN1SGSN02
522,AIRTEL_5119,Tanambao1,AIRTEL,DIANA,ANTSIRANANA I,ANTSIRANANA,13.0,-12.288056,49.290639,TRUE,TRUE,TRUE,FALSE,2G-3G-4G//NBSC6/MGMCRNC/AN1SGSN02,2G-3G-4G,NON,HELIOS,JIRAMA,2011,210301,ROOFTOP,NBSC6/MGMCRNC/AN1SGSN02
523,AIRTEL_2032,Tanambe,AIRTEL,ALAOTRA MANGORO,AMPARAFARAVOLA,TANAMBE,47.71,-17.3853,48.45228889,TRUE,TRUE,FALSE,FALSE,2G-3G//ASBSC_FARA/ASRNC_FARA/,2G-3G,NON,HELIOS,JIRAMA,2007,510218,GREENFIELD,ASBSC_FARA/ASRNC_FARA/
524,AIRTEL_4768,Tanambe_Est,AIRTEL,ANALANJIROFO,MANANARA-NORD,ANTANAMBE,46.0,-16.463023,49.849947,TRUE,TRUE,FALSE,FALSE,2G-3G//ASBSC_FARA/ASRNC_FARA/,2G-3G,NON,HELIOS,GE,2008,520206,GREENFIELD,ASBSC_FARA/ASRNC_FARA/
525,AIRTEL_5138,Tangaina,AIRTEL,ANALAMANGA,ANTANANARIVO ATSIMONDRANO,AMPITATAFIKA,28.0,-18.947389,47.477356,TRUE,TRUE,TRUE,FALSE,2G-3G-4G//ASBSC_TANA/ASRNC_TANA/AN1SGSN02,2G-3G-4G,NON,HELIOS,JIRAMA,2012,110510,GREENFIELD,ASBSC_TANA/ASRNC_TANA/AN1SGSN02
526,AIRTEL_1112,Tanjombato,AIRTEL,ANALAMANGA,ANTANANARIVO ATSIMONDRANO,TANJOMBATO,21.0,-18.95866,47.52855,TRUE,TRUE,TRUE,FALSE,2G-3G-4G//ASBSC_TANA/ASRNC_TANA/AN1SGSN02,2G-3G-4G,OUI,HELIOS,JIRAMA,2003,110525,ROOFTOP,ASBSC_TANA/ASRNC_TANA/AN1SGSN02
527,AIRTEL_2700,Tanjona,AIRTEL,ANALANJIROFO,MANANARA-NORD,MANAMBOLOSY,68.0,-15.900144,49.715801,TRUE,TRUE,FALSE,FALSE,2G-3G//ASBSC_FARA/MGMCRNC/,2G-3G,NON,HELIOS,GE,2008,520209,GREENFIELD,ASBSC_FARA/MGMCRNC/
528,AIRTEL_2902,Tarzan,AIRTEL,ATSINANANA,TOAMASINA I,CU TOAMASINA arr. TANAMBAO V,13.0,-18.14807,49.40268,TRUE,TRUE,TRUE,FALSE,2G-3G-4G//ASBSC_FARA/ASRNC_FARA/AN1SGSN02,2G-3G-4G,NON,HELIOS,JIRAMA,2009,530505,ROOFTOP,ASBSC_FARA/ASRNC_FARA/AN1SGSN02
529,AIRTEL_5279,Tataho,AIRTEL,MATSIATRA AMBONY,LALANGINA,ALATSINAINY IALAMARINA,40.0,-21.53131,47.27949,TRUE,TRUE,FALSE,FALSE,2G-3G//NBSC1/MGMCRNC/,2G-3G,NON,TOA FORFAIT,SOLDIES,2015,330702,GREENFIELD,NBSC1/MGMCRNC/
530,AIRTEL_5290,Tombontsoa,AIRTEL,VAKINANKARATRA,ANTSIRABE II,AMBANO,17.0,-19.82819,47.042738,TRUE,TRUE,TRUE,FALSE,2G-3G-4G//MCBSC10/MGMCRNC/AN1SGSN02,2G-3G-4G,null,null,null,2016,140403,GREENFIELD,MCBSC10/MGMCRNC/AN1SGSN02
531,AIRTEL_2106,Tongombato,AIRTEL,ATSINANANA,BRICKAVILLE,RANOMAFANA EST,27.72,-18.97693889,48.74655,TRUE,TRUE,FALSE,FALSE,2G-3G//ASBSC_FARA/ASRNC_FARA/,2G-3G,NON,HELIOS,GE,2007,530215,GREENFIELD,ASBSC_FARA/ASRNC_FARA/
532,AIRTEL_4912,Top_Vinany,AIRTEL,AMORON'I MANIA,AMBOSITRA,AMBOSITRA,17.0,-20.53239,47.24572,TRUE,TRUE,TRUE,FALSE,2G-3G-4G//MCBSC10/MGMCRNC/AN1SGSN02,2G-3G-4G,NON,HELIOS,JIRAMA,2009,310207,ROOFTOP,MCBSC10/MGMCRNC/AN1SGSN02
533,AIRTEL_4732,Tranoroa,AIRTEL,ANDROY,BELOHA ANDROY,TRANOROA,47.0,-24.71564,45.05853,TRUE,TRUE,FALSE,FALSE,2G-3G//ASBSC_IHOSY/MGMCRNC/,2G-3G,NON,HELIOS,GE,2008,610305,GREENFIELD,ASBSC_IHOSY/MGMCRNC/
534,AIRTEL_4733,Tritrivo_Vohipolaky,AIRTEL,ANOSY,BETROKA,AMBALASOA,48.71,-23.16859,46.08334,TRUE,TRUE,FALSE,FALSE,2G-3G//ASBSC_IHOSY/MGMCRNC/,2G-3G,NON,HELIOS,GE,2008,620201,GREENFIELD,ASBSC_IHOSY/MGMCRNC/
535,AIRTEL_1200,Tsarahasina,AIRTEL,SOFIA,MAMPIKONY,ANKIRIRIKY,68.0,-15.805972,47.63912,TRUE,TRUE,FALSE,FALSE,2G-3G//NBSC3/MGMCRNC/,2G-3G,OUI,HELIOS,GE,2007,440504,GREENFIELD,NBSC3/MGMCRNC/
536,AIRTEL_5228,Tsarajomoka,AIRTEL,SOFIA,MANDRITSARA,TSARAJOMOKA,48.0,-15.80976,48.58282,TRUE,TRUE,FALSE,FALSE,2G-3G//NBSC6/MGMCRNC/,2G-3G,NON,HELIOS,GE,2015,440627,GREENFIELD,NBSC6/MGMCRNC/
537,AIRTEL_4902,Tsaramandroso,AIRTEL,MATSIATRA AMBONY,FIANARANTSOA,CU FIANARANTSOA,27.5,-21.47141667,47.0835,TRUE,TRUE,FALSE,FALSE,2G-3G//NBSC1/MGMCRNC/,2G-3G,NON,HELIOS,JIRAMA,2011,330301,GREENFIELD,NBSC1/MGMCRNC/
538,AIRTEL_1402,Tsararano,AIRTEL,BOENY,MAHAJANGA I,MAHAJANGA,48.0,-15.70086,46.33488,TRUE,TRUE,TRUE,FALSE,2G-3G-4G//NBSC3/MGMCRNC/AN1SGSN02,2G-3G-4G,OUI,HELIOS,JIRAMA,2011,420201,GREENFIELD,NBSC3/MGMCRNC/AN1SGSN02
539,AIRTEL_2702,Tsarasaotra,AIRTEL,AMORON'I MANIA,AMBOSITRA,TSARASAOTRA,48.0,-20.45582,47.21091,TRUE,TRUE,FALSE,FALSE,2G-3G//MCBSC10/MGMCRNC/,2G-3G,OUI,HELIOS,GE,2007,310222,GREENFIELD,MCBSC10/MGMCRNC/
540,AIRTEL_1181,Tsimbazaza,AIRTEL,ANALAMANGA,ANTANANARIVO_IV,CU ANTANANARIVO (Arr.IV),13.0,-18.932467,47.528597,TRUE,TRUE,TRUE,FALSE,2G-3G-4G//ASBSC_TANA/ASRNC_TANA/AN1SGSN02,2G-3G-4G,NON,HELIOS,JIRAMA,2007,111001,ROOFTOP,ASBSC_TANA/ASRNC_TANA/AN1SGSN02
541,AIRTEL_2053,Tsiombe,AIRTEL,ANDROY,TSIHOMBE,TSIHOMBE,47.0,-25.314644,45.489496,TRUE,TRUE,TRUE,FALSE,2G-3G-4G//ASBSC_IHOSY/MGMCRNC/AN1SGSN02,2G-3G-4G,NON,HELIOS,JIRAMA,2007,610407,GREENFIELD,ASBSC_IHOSY/MGMCRNC/AN1SGSN02
542,AIRTEL_1004,Tsiroanomandidy,AIRTEL,BONGOLAVA,TSIROANOMANDIDY,TSIROANOMANDIDY FIHAONANA,33.0,-18.76961,46.0559444,TRUE,TRUE,TRUE,FALSE,2G-3G-4G//ASBSC_TANA/MGMCRNC/AN1SGSN02,2G-3G-4G,NON,HELIOS,JIRAMA,2003,120217,ROOFTOP,ASBSC_TANA/MGMCRNC/AN1SGSN02
543,AIRTEL_5203,Tsiroanomandidy2,AIRTEL,BONGOLAVA,TSIROANOMANDIDY,TSIROANOMANDIDY FIHAONANA,58.0,-18.76802,46.04082,TRUE,TRUE,FALSE,FALSE,2G-3G//ASBSC_TANA/MGMCRNC/,2G-3G,NON,HELIOS,GE,2015,120217,GREENFIELD,ASBSC_TANA/MGMCRNC/
544,AIRTEL_1304,Tsitiasaraka,AIRTEL,VAKINANKARATRA,MANDOTO,MANDOTO,47.0,-19.641708,46.370335,TRUE,TRUE,FALSE,FALSE,2G-3G//MCBSC10/MGMCRNC/,2G-3G,NON,HELIOS,GE,2007,140701,GREENFIELD,MCBSC10/MGMCRNC/
545,AIRTEL_5233,Tsivory,AIRTEL,ANOSY,AMBOASARY SUD,TSIVORY,28.0,-24.100547,46.037019,TRUE,TRUE,FALSE,FALSE,2G-3G//ASBSC_IHOSY/MGMCRNC/,2G-3G,NON,TOA FORFAIT,SOLDIES,2016,620116,GREENFIELD,ASBSC_IHOSY/MGMCRNC/
546,AIRTEL_1913,Tulear_Centre,AIRTEL,ATSIMO ANDREFANA,TOLIARA I,TOLIARA I,25.0,-23.34995,43.66917,TRUE,TRUE,TRUE,FALSE,2G-3G-4G//ASBSC_IHOSY/MGMCRNC/AN1SGSN02,2G-3G-4G,NON,ORANGE,JIRAMA,2009,630801,GREENFIELD,ASBSC_IHOSY/MGMCRNC/AN1SGSN02
547,AIRTEL_1334,Tulear2,AIRTEL,ATSIMO ANDREFANA,TOLIARY II,BELALANDA,27.0,-23.296844,43.645966,TRUE,TRUE,FALSE,FALSE,2G-3G//ASBSC_IHOSY/MGMCRNC/,2G-3G,NON,HELIOS,GE,2007,630912,GREENFIELD,ASBSC_IHOSY/MGMCRNC/
548,AIRTEL_2059,Vangaindrano,AIRTEL,ATSIMO ATSINANANA,VANGAINDRANO,VANGAINDRANO,28.0,-23.34974167,47.60306111,TRUE,TRUE,FALSE,FALSE,2G-3G//NBSC1/MGMCRNC/,2G-3G,NON,HELIOS,JIRAMA,2007,320426,GREENFIELD,NBSC1/MGMCRNC/
549,AIRTEL_4900,Vasacoss,AIRTEL,ANALAMANGA,ANTANANARIVO_I,CU ANTANANARIVO (Arr.I),14.0,-18.904809,47.515902,TRUE,TRUE,TRUE,FALSE,2G-3G-4G//ASBSC_TANA/ASRNC_TANA/AN1SGSN02,2G-3G-4G,NON,GULFSAT,JIRAMA,2011,110701,GREENFIELD,ASBSC_TANA/ASRNC_TANA/AN1SGSN02
550,AIRTEL_2737,Vatoavo,AIRTEL,MATSIATRA AMBONY,AMBALAVAO,MANAMISOA,47.6,-21.733611111111113,46.959722222222226,TRUE,TRUE,FALSE,FALSE,2G-3G//NBSC1/MGMCRNC/,2G-3G,NON,HELIOS,GE,2007,330114,GREENFIELD,NBSC1/MGMCRNC/
551,AIRTEL_2730,Vatolatsaka,AIRTEL,ATSIMO ANDREFANA,BETIOKY SUD,VATOLATSAKA,48.0,-23.316155,44.282578,TRUE,TRUE,FALSE,FALSE,2G-3G//ASBSC_IHOSY/MGMCRNC/,2G-3G,NON,HELIOS,GE,2008,630527,GREENFIELD,ASBSC_IHOSY/MGMCRNC/
552,AIRTEL_1048,Vatomandry,AIRTEL,ATSINANANA,VATOMANDRY,VATOMANDRY,34.47,-19.321603,48.979256,TRUE,TRUE,TRUE,FALSE,2G-3G-4G//ASBSC_FARA/ASRNC_FARA/AN1SGSN02,2G-3G-4G,NON,HELIOS,JIRAMA,2006,530719,GREENFIELD,ASBSC_FARA/ASRNC_FARA/AN1SGSN02
553,AIRTEL_2026,Vavatenina,AIRTEL,ANALANJIROFO,VAVATENINA,VAVATENINA,27.0,-17.4645111,49.1989806,TRUE,TRUE,FALSE,FALSE,2G-3G//ASBSC_FARA/ASRNC_FARA/,2G-3G,NON,HELIOS,JIRAMA,2007,520610,GREENFIELD,ASBSC_FARA/ASRNC_FARA/
554,AIRTEL_4926,Verrerie,AIRTEL,ATSINANANA,TOAMASINA I,CU TOAMASINA arr. MORARANO,48.76,-18.1607,49.39003,TRUE,TRUE,TRUE,FALSE,2G-3G-4G//ASBSC_FARA/ASRNC_FARA/AN1SGSN02,2G-3G-4G,NON,HELIOS,JIRAMA,2011,530504,GREENFIELD,ASBSC_FARA/ASRNC_FARA/AN1SGSN02
555,AIRTEL_1138,Village,AIRTEL,ANALAMANGA,ANTANANARIVO_III,CU ANTANANARIVO (Arr.III),33.0,-18.8856,47.52154,TRUE,TRUE,TRUE,FALSE,2G-3G-4G//ASBSC_TANA/ASRNC_TANA/AN1SGSN02,2G-3G-4G,NON,AIRTEL,MIXTE,2003,110901,GREENFIELD,ASBSC_TANA/ASRNC_TANA/AN1SGSN02
556,AIRTEL_1301,Vinaninony,AIRTEL,VAKINANKARATRA,FARATSIHO,VINANINONY SUD,48.71,-19.537541,46.96262,TRUE,TRUE,FALSE,FALSE,2G-3G//ASBSC_TANA/MGMCRNC/,2G-3G,OUI,HELIOS,GE,2007,140609,GREENFIELD,ASBSC_TANA/MGMCRNC/
557,AIRTEL_1328,Vinany,AIRTEL,ANALAMANGA,ANTANANARIVO ATSIMONDRANO,AMBAVAHADITOKANA,25.5,-18.9269,47.47117,TRUE,TRUE,TRUE,FALSE,2G-3G-4G//ASBSC_TANA/ASRNC_TANA/AN1SGSN02,2G-3G-4G,OUI,HELIOS,JIRAMA,2007,110505,GREENFIELD,ASBSC_TANA/ASRNC_TANA/AN1SGSN02
558,AIRTEL_1202,Vohemar,AIRTEL,SAVA,VOHEMAR,VOHEMAR,48.71,-13.388785,49.996639,TRUE,TRUE,FALSE,FALSE,2G-3G//NBSC6/MGMCRNC/,2G-3G,NON,HELIOS,JIRAMA,2007,220419,GREENFIELD,NBSC6/MGMCRNC/
559,AIRTEL_5112,Vohemar2,AIRTEL,SAVA,VOHEMAR,VOHEMAR,28.71,-13.357558,50.008836,TRUE,TRUE,FALSE,FALSE,2G-3G//NBSC6/MGMCRNC/,2G-3G,NON,HELIOS,JIRAMA,2012,220419,GREENFIELD,NBSC6/MGMCRNC/
560,AIRTEL_4736,Vohidiala,AIRTEL,ALAOTRA MANGORO,AMBATONDRAZAKA,MANAKAMBAHINY OUEST,47.8,-17.87036111,48.29886111,TRUE,TRUE,FALSE,FALSE,2G-3G//ASBSC_FARA/ASRNC_FARA/,2G-3G,NON,HELIOS,GE,2008,510118,GREENFIELD,ASBSC_FARA/ASRNC_FARA/
561,AIRTEL_2109,Vohidrazana,AIRTEL,ANALANJIROFO,FENERIVE EST,MAHANORO,48.0,-17.362738,49.32893,TRUE,TRUE,FALSE,FALSE,2G-3G//ASBSC_FARA/ASRNC_FARA/,2G-3G,NON,HELIOS,GE,2007,520108,GREENFIELD,ASBSC_FARA/ASRNC_FARA/
562,AIRTEL_2710,Vohiparara,AIRTEL,VATOVAVY,IFANADIANA,RANOMAFANA,48.71,-21.251517,47.40733,TRUE,TRUE,FALSE,FALSE,2G-3G//NBSC1/MGMCRNC/,2G-3G,NON,HELIOS,GE,2008,360112,GREENFIELD,NBSC1/MGMCRNC/
563,AIRTEL_3912,Vohipeno2,AIRTEL,FITOVINANY,VOHIPENO,VOHIPENO,77.0,-22.338137,47.848558,TRUE,TRUE,FALSE,FALSE,2G-3G//NBSC1/MGMCRNC/,2G-3G,NON,HELIOS,GE,2008,350318,GREENFIELD,NBSC1/MGMCRNC/
564,AIRTEL_4737,Vohitraivo,AIRTEL,ALAOTRA MANGORO,AMPARAFARAVOLA,VOHIMENA,45.39,-17.303167,48.588222,TRUE,TRUE,FALSE,FALSE,2G-3G//ASBSC_FARA/ASRNC_FARA/,2G-3G,NON,HELIOS,GE,2008,510219,GREENFIELD,ASBSC_FARA/ASRNC_FARA/
565,AIRTEL_5230,Vohitrosy,AIRTEL,BETSIBOKA,MAEVATANANA,TSARARANO,48.0,-16.83217,46.98911,TRUE,TRUE,FALSE,FALSE,2G-3G//NBSC3/MGMCRNC/,2G-3G,NON,HELIOS,GE,2015,410217,GREENFIELD,NBSC3/MGMCRNC/
566,AIRTEL_5092,Vontovorona,AIRTEL,ANALAMANGA,ANTANANARIVO ATSIMONDRANO,ALAKAMISY FENOARIVO,28.71,-18.974148,47.428867,TRUE,TRUE,TRUE,FALSE,2G-3G-4G//ASBSC_TANA/ASRNC_TANA/AN1SGSN02,2G-3G-4G,NON,HELIOS,JIRAMA,2012,110501,GREENFIELD,ASBSC_TANA/ASRNC_TANA/AN1SGSN02
567,AIRTEL_1035,Voririka,AIRTEL,DIANA,NOSY-BE,CU NOSY-BE,20.71,-13.352437,48.284836,TRUE,TRUE,FALSE,FALSE,2G-3G//NBSC6/MGMCRNC/,2G-3G,OUI,HELIOS,JIRAMA,2003,210501,GREENFIELD,NBSC6/MGMCRNC/
568,AIRTEL_2711,Zazafotsy,AIRTEL,IHOROMBE,IHOSY,ZAZAFOTSY,48.0,-22.205049,46.370266,TRUE,TRUE,FALSE,FALSE,2G-3G//NBSC1/MGMCRNC/,2G-3G,NON,HELIOS,GE,2007,340219,GREENFIELD,NBSC1/MGMCRNC/
569,AIRTEL_5593,Anosizato,AIRTEL,ANALAMANGA,ANTANANARIVO ATSIMONDRANO,ANOSIZATO ANDREFANA,40.0,-18.937842,47.489626,TRUE,TRUE,TRUE,FALSE,2G-3G-4G//ASBSC_TANA/ASRNC_TANA/AN1SGSN02,2G-3G-4G,NON,HELIOS,JIRAMA,2022,110516,ROOFTOP,ASBSC_TANA/ASRNC_TANA/AN1SGSN02
570,AIRTEL_5607,Imerintsiatosika2,AIRTEL,ITASY,ARIVONIMAMO,IMERINTSIATOSIKA,38.0,-18.97671,47.326205,TRUE,TRUE,TRUE,FALSE,2G-3G-4G//ASBSC_TANA/MGMCRNC/AN1SGSN02,2G-3G-4G,NON,HELIOS,JIRAMA,2022,130115,GREENFIELD,ASBSC_TANA/MGMCRNC/AN1SGSN02
571,AIRTEL_5609,Ilakaka3,AIRTEL,IHOROMBE,IHOSY,RANOHIRA,38.0,-22.700124,45.213322,TRUE,TRUE,TRUE,FALSE,2G-3G-4G//ASBSC_IHOSY/MGMCRNC/,2G-3G-4G,NON,HELIOS,GE,2023,340213,GREENFIELD,ASBSC_IHOSY/MGMCRNC/
572,AIRTEL_5613,Sakay,AIRTEL,BONGOLAVA,TSIROANOMANDIDY,ANKADINONDRY SAKAY,38.0,-18.9907,46.472361,TRUE,TRUE,TRUE,FALSE,2G-3G-4G//ASBSC_TANA/MGMCRNC/AN1SGSN02,2G-3G-4G,NON,HELIOS,GE,2022,120204,GREENFIELD,ASBSC_TANA/MGMCRNC/AN1SGSN02
573,AIRTEL_5580,67Ha_nord,AIRTEL,ANALAMANGA,ANTANANARIVO_I,CU ANTANANARIVO (Arr.I),20.0,-18.90478,47.51217,TRUE,TRUE,TRUE,FALSE,2G-3G-4G//ASBSC_TANA/ASRNC_TANA/AN1SGSN02,2G-3G-4G,NON,HELIOS,JIRAMA,2023,110701,ROOFTOP,ASBSC_TANA/ASRNC_TANA/AN1SGSN02
574,AIRTEL_5581,Ambodifasina,AIRTEL,ANALAMANGA,AMBOHIDRATRIMO,AMBATOLAMPY,38.0,-18.7807,47.529,TRUE,TRUE,TRUE,FALSE,2G-3G-4G//ASBSC_TANA/ASRNC_TANA/,2G-3G-4G,NON,HELIOS,GE,2023,110102,GREENFIELD,ASBSC_TANA/ASRNC_TANA/
575,AIRTEL_5583,Anjomakely,AIRTEL,ANALAMANGA,AMBOHIDRATRIMO,ANOSIALA,38.0,-18.7684,47.4826,TRUE,TRUE,TRUE,FALSE,2G-3G-4G//ASBSC_TANA/ASRNC_TANA/AN1SGSN02,2G-3G-4G,OUI,HELIOS,GE,2023,110110,GREENFIELD,ASBSC_TANA/ASRNC_TANA/AN1SGSN02
576,AIRTEL_5585,Ambohijafy_tan,AIRTEL,ANALAMANGA,ANTANANARIVO ATSIMONDRANO,FENOARIVO,38.0,-18.909746,47.413804,TRUE,TRUE,TRUE,FALSE,2G-3G-4G//ASBSC_TANA/ASRNC_TANA/AN1SGSN02,2G-3G-4G,NON,HELIOS,GE,2022,110520,GREENFIELD,ASBSC_TANA/ASRNC_TANA/AN1SGSN02
577,AIRTEL_5587,Bevalala,AIRTEL,ANALAMANGA,ANTANANARIVO ATSIMONDRANO,AMPANEFY,38.0,-18.976808,47.516691,TRUE,TRUE,TRUE,FALSE,2G-3G-4G//ASBSC_TANA/ASRNC_TANA/AN1SGSN02,2G-3G-4G,NON,HELIOS,GE,2022,110509,GREENFIELD,ASBSC_TANA/ASRNC_TANA/AN1SGSN02
578,AIRTEL_5591,Itaosy_cite2,AIRTEL,ANALAMANGA,ANTANANARIVO ATSIMONDRANO,AMBOHIDRAPETO,20.0,-18.903331,47.476787,TRUE,TRUE,TRUE,FALSE,2G-3G-4G//ASBSC_TANA/ASRNC_TANA/AN1SGSN02,2G-3G-4G,NON,HELIOS,GE,2022,110506,ROOFTOP,ASBSC_TANA/ASRNC_TANA/AN1SGSN02
579,AIRTEL_5596,Namehana,AIRTEL,ANALAMANGA,ANTANANARIVO AVARADRANO,SABOTSY NAMEHANA,19.0,-18.828949,47.543728,TRUE,TRUE,TRUE,FALSE,2G-3G-4G//ASBSC_TANA/ASRNC_TANA/,2G-3G-4G,OUI,HELIOS,GE,2023,110612,ROOFTOP,ASBSC_TANA/ASRNC_TANA/
580,AIRTEL_5600,Ambanja3,AIRTEL,DIANA,AMBANJA,AMBANJA,38.0,-13.6546,48.4532,TRUE,TRUE,TRUE,FALSE,2G-3G-4G//NBSC6/MGMCRNC/,2G-3G-4G,null,null,null,2023,210103,GREENFIELD,NBSC6/MGMCRNC/
581,AIRTEL_5601,Ambohitrimanjaka2,AIRTEL,ANALAMANGA,AMBOHIDRATRIMO,AMBOHITRIMANJAKA,38.0,-18.8756,47.4441,TRUE,TRUE,TRUE,FALSE,2G-3G-4G//ASBSC_TANA/ASRNC_TANA/AN1SGSN02,2G-3G-4G,NON,HELIOS,GE,2022,110106,GREENFIELD,ASBSC_TANA/ASRNC_TANA/AN1SGSN02
582,AIRTEL_5610,Analamalotra,AIRTEL,ATSINANANA,TOAMASINA II,ANTETEZAMBARO,48.0,-18.067893,49.375152,TRUE,TRUE,TRUE,FALSE,2G-3G-4G//ASBSC_FARA/ASRNC_FARA/,2G-3G-4G,NON,HELIOS,GE,2023,530611,GREENFIELD,ASBSC_FARA/ASRNC_FARA/
583,AIRTEL_5614,Andakana2,AIRTEL,ANALAMANGA,AMBOHIDRATRIMO,ANOSIALA,28.0,-18.763278,47.409447,TRUE,TRUE,TRUE,FALSE,2G-3G-4G//ASBSC_TANA/ASRNC_TANA/AN1SGSN02,2G-3G-4G,NON,ORANGE,GE,2023,110110,GREENFIELD,ASBSC_TANA/ASRNC_TANA/AN1SGSN02
584,AIRTEL_5615,Lazaina,AIRTEL,ANALAMANGA,ANTANANARIVO AVARADRANO,SABOTSY NAMEHANA,38.0,-18.807167,47.561889,TRUE,TRUE,TRUE,FALSE,2G-3G-4G//ASBSC_TANA/ASRNC_TANA/AN1SGSN02,2G-3G-4G,OUI,HELIOS,GE,2022,110612,GREENFIELD,ASBSC_TANA/ASRNC_TANA/AN1SGSN02
585,AIRTEL_5582,Ambohibao3,AIRTEL,ANALAMANGA,AMBOHIDRATRIMO,ANTEHIROKA,17.0,-18.845445,47.473705,TRUE,TRUE,TRUE,FALSE,2G-3G-4G//ASBSC_TANA/ASRNC_TANA/AN1SGSN02,2G-3G-4G,NON,HELIOS,JIRAMA,2022,110112,ROOFTOP,ASBSC_TANA/ASRNC_TANA/AN1SGSN02
586,AIRTEL_5584,Morondava3,AIRTEL,MENABE,MORONDAVA,MORONDAVA,38.0,-20.288683,44.324618,TRUE,TRUE,TRUE,FALSE,2G-3G-4G//MCBSC10/MGMCRNC/,2G-3G-4G,NON,HELIOS,GE,2023,640505,GREENFIELD,MCBSC10/MGMCRNC/
587,AIRTEL_5588,Ankadindratompo,AIRTEL,ANALAMANGA,ANTANANARIVO AVARADRANO,ALASORA,38.0,-18.947807,47.558303,TRUE,TRUE,TRUE,FALSE,2G-3G-4G//ASBSC_TANA/ASRNC_TANA/AN1SGSN02,2G-3G-4G,null,null,null,2023,110601,GREENFIELD,ASBSC_TANA/ASRNC_TANA/AN1SGSN02
588,AIRTEL_5618,Manakara3,AIRTEL,FITOVINANY,MANAKARA,MANAKARA,48.0,-22.14233,48.02179,TRUE,TRUE,TRUE,FALSE,2G-3G-4G//NBSC1/MGMCRNC/,2G-3G-4G,NON,HELIOS,GE,2023,350224,GREENFIELD,NBSC1/MGMCRNC/
589,AIRTEL_5622,Soamanandray,AIRTEL,ANALAMANGA,AMBOHIDRATRIMO,ANOSIALA,48.0,-18.8119,47.4533,TRUE,TRUE,TRUE,FALSE,2G-3G-4G//ASBSC_TANA/ASRNC_TANA/AN1SGSN02,2G-3G-4G,NON,HELIOS,GE,2023,110110,GREENFIELD,ASBSC_TANA/ASRNC_TANA/AN1SGSN02
590,AIRTEL_5633,Ambohimanga,AIRTEL,ANALAMANGA,ANTANANARIVO AVARADRANO,AMBOHIMANGA ROVA,38.0,-18.760589,47.578088,TRUE,TRUE,TRUE,FALSE,2G-3G-4G//ASBSC_TANA/ASRNC_TANA/,2G-3G-4G,OUI,HELIOS,GE,2023,110604,GREENFIELD,ASBSC_TANA/ASRNC_TANA/
591,AIRTEL_5377,Antakasina,AIRTEL,VAKINANKARATRA,AMBATOLAMPY,ANTAKASINA,48.0,-19.495914,47.687471,TRUE,TRUE,FALSE,FALSE,2G-3G//ASBSC_TANA/MGMCRNC/,2G-3G,NON,HELIOS,GE,2022,140108,GREENFIELD,ASBSC_TANA/MGMCRNC/
592,AIRTEL_5378,Morarano_Ouest,AIRTEL,VAKINANKARATRA,AMBATOLAMPY,ANDRANOVELONA,48.0,-19.615871,47.572841,TRUE,TRUE,FALSE,FALSE,2G-3G//ASBSC_TANA/MGMCRNC/,2G-3G,null,null,null,2023,140105,GREENFIELD,ASBSC_TANA/MGMCRNC/
593,AIRTEL_5379,Ifotaka,AIRTEL,ANOSY,AMBOASARY SUD,IFOTAKA,48.0,-24.801743,46.181145,TRUE,TRUE,FALSE,FALSE,2G-3G//ASBSC_IHOSY/MGMCRNC/,2G-3G,OUI,HELIOS,GE,2023,620106,GREENFIELD,ASBSC_IHOSY/MGMCRNC/
594,AIRTEL_5380,Ambohitrinibe,AIRTEL,ANALAMANGA,AMBOHIDRATRIMO,AMBOHIMANJAKA,48.0,-18.6961,47.4307,TRUE,TRUE,FALSE,FALSE,2G-3G//ASBSC_TANA/ASRNC_TANA/,2G-3G,NON,HELIOS,GE,2023,110104,GREENFIELD,ASBSC_TANA/ASRNC_TANA/
595,AIRTEL_5381,Isaka,AIRTEL,MATSIATRA AMBONY,AMBOHIMAHASOA,ISAKA,35.0,-21.146939,47.072567,TRUE,TRUE,FALSE,FALSE,2G-3G//MCBSC10/MGMCRNC/,2G-3G,NON,TOA FORFAIT,SOLDIES,2023,330211,GREENFIELD,MCBSC10/MGMCRNC/
596,AIRTEL_5382,Kianjandrakefina,AIRTEL,AMORON'I MANIA,AMBOSITRA,ALAKAMISY AMBOHIJATO,48.0,-20.6172,47.3186,TRUE,TRUE,FALSE,FALSE,2G-3G//MCBSC10/MGMCRNC/,2G-3G,null,null,null,2023,310201,GREENFIELD,MCBSC10/MGMCRNC/
597,AIRTEL_5383,Vohitsova,AIRTEL,ANDROY,AMBOVOMBE ANDROY,ANTANIMORA SUD,48.0,-24.698892,45.796003,TRUE,TRUE,FALSE,FALSE,2G-3G//ASBSC_IHOSY/MGMCRNC/,2G-3G,NON,HELIOS,GE,2023,610111,GREENFIELD,ASBSC_IHOSY/MGMCRNC/
598,AIRTEL_5384,Imanombo,AIRTEL,ANDROY,AMBOVOMBE ANDROY,IMANOMBO,48.0,-24.441972,45.808088,TRUE,TRUE,FALSE,FALSE,2G-3G//ASBSC_IHOSY/MGMCRNC/,2G-3G,OUI,HELIOS,GE,2023,610113,GREENFIELD,ASBSC_IHOSY/MGMCRNC/
599,AIRTEL_5385,Andemby,AIRTEL,ANDROY,AMBOVOMBE ANDROY,IMANOMBO,48.0,-24.312,45.8502,TRUE,TRUE,FALSE,FALSE,2G-3G//ASBSC_IHOSY/MGMCRNC/,2G-3G,NON,HELIOS,GE,2023,610113,GREENFIELD,ASBSC_IHOSY/MGMCRNC/
600,AIRTEL_5386,Erada,AIRTEL,ANDROY,AMBOVOMBE ANDROY,ERADA,48.0,-25.285838,45.937817,TRUE,TRUE,FALSE,FALSE,2G-3G//ASBSC_IHOSY/MGMCRNC/,2G-3G,OUI,HELIOS,GE,2022,610112,GREENFIELD,ASBSC_IHOSY/MGMCRNC/
601,AIRTEL_5387,Beahitse,AIRTEL,ATSIMO ANDREFANA,AMPANIHY OUEST,BEAHITSE,48.0,-24.15628,44.44081,TRUE,TRUE,FALSE,FALSE,2G-3G//ASBSC_IHOSY/MGMCRNC/,2G-3G,NON,HELIOS,GE,2023,630108,GREENFIELD,ASBSC_IHOSY/MGMCRNC/
602,AIRTEL_5388,Gogogogo,AIRTEL,ATSIMO ANDREFANA,AMPANIHY OUEST,GOGOGOGO,48.0,-24.265772,44.804796,TRUE,TRUE,FALSE,FALSE,2G-3G//ASBSC_IHOSY/MGMCRNC/,2G-3G,NON,HELIOS,GE,2023,630113,GREENFIELD,ASBSC_IHOSY/MGMCRNC/
603,AIRTEL_5389,Beroy,AIRTEL,ATSIMO ANDREFANA,AMPANIHY OUEST,BEROY SUD,48.0,-23.9779,44.7015,TRUE,TRUE,FALSE,FALSE,2G-3G//ASBSC_IHOSY/MGMCRNC/,2G-3G,NON,HELIOS,GE,2023,630110,GREENFIELD,ASBSC_IHOSY/MGMCRNC/
604,AIRTEL_5390,Langaina,AIRTEL,ANALAMANGA,ANDRAMASINA,ANDRAMASINA,48.0,-19.191067,47.621879,TRUE,TRUE,FALSE,FALSE,2G-3G//ASBSC_TANA/MGMCRNC/,2G-3G,NON,HELIOS,GE,2023,110205,GREENFIELD,ASBSC_TANA/MGMCRNC/
605,AIRTEL_5391,Ambalahoraka,AIRTEL,ANALANJIROFO,MANANARA-NORD,ANTANAMBAOBE,34.0,-16.234,49.685583,TRUE,TRUE,FALSE,FALSE,2G-3G//ASBSC_FARA/ASRNC_FARA/,2G-3G,NON,TOA FORFAIT,SOLDIES,2023,520205,GREENFIELD,ASBSC_FARA/ASRNC_FARA/
606,AIRTEL_5392,Antananarivo_East,AIRTEL,ANALAMANGA,ANKAZOBE,MIANTSO,48.0,-18.716262,47.115564,TRUE,TRUE,FALSE,FALSE,2G-3G//ASBSC_TANA/MGMCRNC/,2G-3G,null,null,null,2023,110411,GREENFIELD,ASBSC_TANA/MGMCRNC/
607,AIRTEL_5393,Morarano_Marotampona,AIRTEL,BONGOLAVA,FENOARIVOBE,MORARANO MARITAMPONA,48.0,-18.6759,46.9891,TRUE,TRUE,FALSE,FALSE,2G-3G//ASBSC_TANA/MGMCRNC/,2G-3G,null,null,null,2023,120107,GREENFIELD,ASBSC_TANA/MGMCRNC/
608,AIRTEL_5394,Anosibe_Trimoloharano,AIRTEL,ANALAMANGA,MANJAKANDRIANA,AMBOHITRANDRIAMANITRA,48.0,-19.11909,47.75304,TRUE,TRUE,FALSE,FALSE,2G-3G//ASBSC_TANA/MGMCRNC/,2G-3G,null,null,null,2023,111308,GREENFIELD,ASBSC_TANA/MGMCRNC/
609,AIRTEL_5395,Morarano_Andramasina,AIRTEL,ANALAMANGA,ANDRAMASINA,ALAROBIA VATOSOLA,48.0,-19.20711,47.69506,TRUE,TRUE,FALSE,FALSE,2G-3G//ASBSC_TANA/MGMCRNC/,2G-3G,null,null,null,2023,110201,GREENFIELD,ASBSC_TANA/MGMCRNC/
610,AIRTEL_5396,Mahazoarivo_Ambatomena,AIRTEL,VAKINANKARATRA,ANTSIRABE II,AMBATOMENA,48.0,-19.844301,47.220013,TRUE,TRUE,FALSE,FALSE,2G-3G//MCBSC10/MGMCRNC/,2G-3G,NON,HELIOS,GE,2022,111305,GREENFIELD,MCBSC10/MGMCRNC/
611,AIRTEL_5397,Soanierana_Antsirabe,AIRTEL,VAKINANKARATRA,ANTSIRABE II,ANTANAMBAO,48.0,-19.952199,47.393066,TRUE,TRUE,FALSE,FALSE,2G-3G//MCBSC10/MGMCRNC/,2G-3G,OUI,HELIOS,GE,2023,140410,GREENFIELD,MCBSC10/MGMCRNC/
612,AIRTEL_5398,Antanimietry,AIRTEL,ITASY,ARIVONIMAMO,MAHATSINJO EST,48.0,-19.2581,47.1899,TRUE,TRUE,FALSE,FALSE,2G-3G//ASBSC_TANA/MGMCRNC/,2G-3G,NON,HELIOS,GE,2023,130116,GREENFIELD,ASBSC_TANA/MGMCRNC/
613,AIRTEL_5399,Tsarahonenana,AIRTEL,SOFIA,BEFANDRIANA NORD,TSARAHONENANA,48.0,-15.5082,48.4393,TRUE,TRUE,FALSE,FALSE,2G-3G//NBSC6/MGMCRNC/,2G-3G,null,null,null,2023,440411,GREENFIELD,NBSC6/MGMCRNC/
614,AIRTEL_5400,Ankirondro,AIRTEL,MENABE,BELO SUR TSIRIBIHINA,BEMARIVO ANKIRONDRO,48.0,-19.6447,44.5951,TRUE,TRUE,FALSE,FALSE,2G-3G//MCBSC10/MGMCRNC/,2G-3G,OUI,HELIOS,GE,2023,640109,GREENFIELD,MCBSC10/MGMCRNC/
615,AIRTEL_5401,Masoarivo,AIRTEL,MELAKY,ANTSALOVA,MASOARIVO,48.0,-19.626325,44.765117,TRUE,TRUE,FALSE,FALSE,2G-3G//MCBSC10/MGMCRNC/,2G-3G,NON,HELIOS,GE,2023,430203,GREENFIELD,MCBSC10/MGMCRNC/
616,AIRTEL_5402,Benenitra,AIRTEL,ATSIMO ANDREFANA,BENENITRA,BENENITRA,48.0,-23.4123,45.075399,TRUE,TRUE,FALSE,FALSE,2G-3G//ASBSC_IHOSY/MGMCRNC/,2G-3G,NON,HELIOS,GE,2023,630302,GREENFIELD,ASBSC_IHOSY/MGMCRNC/
617,AIRTEL_5403,Ambohimanambola_vak,AIRTEL,ANALAMANGA,ANTANANARIVO AVARADRANO,AMBOHIMANAMBOLA,48.0,-19.786332,46.649061,TRUE,TRUE,FALSE,FALSE,2G-3G//MCBSC10/MGMCRNC/,2G-3G,OUI,HELIOS,GE,2023,110603,GREENFIELD,MCBSC10/MGMCRNC/
618,AIRTEL_5404,Mahaiza,AIRTEL,VAKINANKARATRA,BETAFO,MAHAIZA,48.0,-19.869164,46.807957,TRUE,TRUE,FALSE,FALSE,2G-3G//MCBSC10/MGMCRNC/,2G-3G,OUI,HELIOS,GE,2023,140517,GREENFIELD,MCBSC10/MGMCRNC/
619,AIRTEL_5405,Belamoty,AIRTEL,ATSIMO ANDREFANA,BETIOKY SUD,BELAMOTY,48.0,-23.55779,44.81329,TRUE,TRUE,FALSE,FALSE,2G-3G//ASBSC_IHOSY/MGMCRNC/,2G-3G,NON,HELIOS,GE,2023,630509,GREENFIELD,ASBSC_IHOSY/MGMCRNC/
274,ORANGE_ANM_AMB_0009,Ivato2,ORANGE,ANALAMANGA,AMBOHIDRATRIMO,AMBATOLAMPY,null,-18.7856674194335,47.4673881530761,TRUE,TRUE,TRUE,FALSE,2G-3G-4G,2G-3G-4G,NON,ORANGE,JIRAMA,2010,110102,ROOFTOP,null
620,AIRTEL_5406,Tongobory,AIRTEL,ATSIMO ANDREFANA,BETIOKY SUD,TONGOBORY,21.0,-23.527417,44.3645,TRUE,TRUE,FALSE,FALSE,2G-3G//ASBSC_IHOSY/MGMCRNC/,2G-3G,NON,TOA FORFAIT,SOLDIES,2023,630526,GREENFIELD,ASBSC_IHOSY/MGMCRNC/
621,AIRTEL_5407,Maroantsetra2,AIRTEL,ANALANJIROFO,MAROANTSETRA,MAROANTSETRA,29.0,-15.440945,49.727681,TRUE,TRUE,FALSE,FALSE,2G-3G//ASBSC_FARA/ASRNC_FARA/,2G-3G,NON,TOA FORFAIT,SOLDIES,2023,520315,GREENFIELD,ASBSC_FARA/ASRNC_FARA/
622,AIRTEL_5408,Mahabo_Ano,AIRTEL,ANALAMANGA,AMBOHIDRATRIMO,MAHABO,48.0,-23.62384,46.09196,TRUE,TRUE,FALSE,FALSE,2G-3G//ASBSC_IHOSY/MGMCRNC/,2G-3G,null,null,null,2023,110119,GREENFIELD,ASBSC_IHOSY/MGMCRNC/
623,AIRTEL_5409,Sandrandahy,AIRTEL,AMORON'I MANIA,FANDRIANA,SANDRANDAHY,48.0,-20.3709,47.2762,TRUE,TRUE,TRUE,FALSE,2G-3G-4G//MCBSC10/MGMCRNC/,2G-3G-4G,NON,HELIOS,GE,2023,310311,GREENFIELD,MCBSC10/MGMCRNC/
624,AIRTEL_5410,Miarinavaratra,AIRTEL,AMORON'I MANIA,FANDRIANA,MIARINAVARATRA,48.0,-20.2032,47.4805,TRUE,TRUE,TRUE,FALSE,2G-3G-4G//MCBSC10/MGMCRNC/,2G-3G-4G,NON,HELIOS,GE,2023,310308,GREENFIELD,MCBSC10/MGMCRNC/
625,AIRTEL_5411,Tsarazaza,AIRTEL,AMORON'I MANIA,FANDRIANA,TSARAZAZA,48.0,-20.1843,47.2903,TRUE,TRUE,TRUE,FALSE,2G-3G-4G//MCBSC10/MGMCRNC/,2G-3G-4G,OUI,HELIOS,GE,2023,310313,GREENFIELD,MCBSC10/MGMCRNC/
626,AIRTEL_5412,Mahasolo2,AIRTEL,BONGOLAVA,TSIROANOMANDIDY,MAHASOLO,10.0,-19.1658,46.3044,TRUE,TRUE,FALSE,FALSE,2G-3G//ASBSC_TANA/MGMCRNC/,2G-3G,NON,TOA FORFAIT,SOLDIES,2022,120211,GREENFIELD,ASBSC_TANA/MGMCRNC/
627,AIRTEL_5413,Betsizaraina,AIRTEL,VAKINANKARATRA,FARATSIHO,ANTSAMPANIMAHAZO,48.0,-19.3983,47.0731,TRUE,TRUE,FALSE,FALSE,2G-3G//MCBSC10/MGMCRNC/,2G-3G,OUI,HELIOS,GE,2023,140603,GREENFIELD,MCBSC10/MGMCRNC/
628,AIRTEL_5414,Ambodivoanio,AIRTEL,ANALANJIROFO,MANANARA-NORD,AMBODIVOANIO,34.0,-16.198861,49.656944,TRUE,TRUE,FALSE,FALSE,2G-3G//ASBSC_FARA/ASRNC_FARA/,2G-3G,NON,TOA FORFAIT,SOLDIES,2023,520203,GREENFIELD,ASBSC_FARA/ASRNC_FARA/
629,AIRTEL_5415,Vohipeno_ANJ,AIRTEL,FITOVINANY,VOHIPENO,VOHIPENO,27.0,-17.174056,49.310667,TRUE,TRUE,FALSE,FALSE,2G-3G//ASBSC_FARA/ASRNC_FARA/,2G-3G,NON,TOA FORFAIT,SOLDIES,2022,350318,GREENFIELD,ASBSC_FARA/ASRNC_FARA/
630,AIRTEL_5416,Firavahana,AIRTEL,BONGOLAVA,FENOARIVOBE,FIRAVAHANA,48.0,-18.636444,46.8648,TRUE,TRUE,FALSE,FALSE,2G-3G//ASBSC_TANA/MGMCRNC/,2G-3G,NON,HELIOS,GE,2023,120104,GREENFIELD,ASBSC_TANA/MGMCRNC/
631,AIRTEL_5417,Ranotsara,AIRTEL,IHOROMBE,IAKORA,RANOTSARA NORD,48.0,-22.78791,46.55178,TRUE,TRUE,FALSE,FALSE,2G-3G//ASBSC_IHOSY/MGMCRNC/,2G-3G,NON,HELIOS,GE,2023,340103,GREENFIELD,ASBSC_IHOSY/MGMCRNC/
632,AIRTEL_5418,Mahasoa,AIRTEL,IHOROMBE,IHOSY,MAHASOA,48.0,-22.20925,46.08642,TRUE,TRUE,FALSE,FALSE,2G-3G//ASBSC_IHOSY/MGMCRNC/,2G-3G,OUI,HELIOS,GE,2023,340212,GREENFIELD,ASBSC_IHOSY/MGMCRNC/
633,AIRTEL_5419,Mangidy,AIRTEL,MATSIATRA AMBONY,IKALAMAVONY,MANGIDY,48.0,-21.29381,46.79861,TRUE,TRUE,FALSE,FALSE,2G-3G//NBSC1/MGMCRNC/,2G-3G,NON,HELIOS,GE,2023,330504,GREENFIELD,NBSC1/MGMCRNC/
634,AIRTEL_5420,Ankofabe,AIRTEL,ANALANJIROFO,MAROANTSETRA,ANKOFABE,25.0,-15.503139,49.612778,TRUE,TRUE,FALSE,FALSE,2G-3G//ASBSC_FARA/ASRNC_FARA/,2G-3G,NON,TOA FORFAIT,SOLDIES,2023,520310,GREENFIELD,ASBSC_FARA/ASRNC_FARA/
635,AIRTEL_5421,Antsampandrano_vak,AIRTEL,VAKINANKARATRA,AMBATOLAMPY,ANTSAMPANDRANO,30.0,-19.912917,47.52389,TRUE,TRUE,FALSE,FALSE,2G-3G//MCBSC10/MGMCRNC/,2G-3G,NON,TOA FORFAIT,SOLDIES,2022,140111,GREENFIELD,MCBSC10/MGMCRNC/
636,AIRTEL_5422,Maropaika,AIRTEL,IHOROMBE,IVOHIBE,MAROPAIKA,48.0,-22.6919,46.9609,TRUE,TRUE,FALSE,FALSE,2G-3G//ASBSC_IHOSY/MGMCRNC/,2G-3G,NON,HELIOS,GE,2023,340304,GREENFIELD,ASBSC_IHOSY/MGMCRNC/
637,AIRTEL_5423,Ankilivalo,AIRTEL,MENABE,MAHABO,ANKILIVALO,48.0,-20.2872,44.6385,TRUE,TRUE,TRUE,FALSE,2G-3G-4G//MCBSC10/MGMCRNC/,2G-3G-4G,NON,HELIOS,GE,2023,620328,GREENFIELD,MCBSC10/MGMCRNC/
638,AIRTEL_5424,Ampasimatera,AIRTEL,SOFIA,MAMPIKONY,AMPASIMATERA,48.0,-15.9165,47.7422,TRUE,TRUE,FALSE,FALSE,2G-3G//NBSC3/MGMCRNC/,2G-3G,null,null,null,2023,440503,GREENFIELD,NBSC3/MGMCRNC/
639,AIRTEL_5425,Anjomanankona,AIRTEL,AMORON'I MANIA,MANANDRIANA,ANJOMAN ' ANKONA,48.0,-20.633807,47.081565,TRUE,TRUE,FALSE,FALSE,2G-3G//MCBSC10/MGMCRNC/,2G-3G,OUI,HELIOS,GE,2023,310408,GREENFIELD,MCBSC10/MGMCRNC/
640,AIRTEL_5426,Ankiabe_Salohy,AIRTEL,SOFIA,MANDRITSARA,ANKIABE SALOHY,35.0,-15.634306,48.748889,TRUE,TRUE,FALSE,FALSE,2G-3G//NBSC6/MGMCRNC/,2G-3G,NON,TOA FORFAIT,SOLDIES,2023,440615,GREENFIELD,NBSC6/MGMCRNC/
641,AIRTEL_5427,Antsatramidola,AIRTEL,DIANA,ANTSIRANANA II,ANTSOHA,22.0,-15.627278,48.928583,TRUE,TRUE,FALSE,FALSE,2G-3G//NBSC6/MGMCRNC/,2G-3G,NON,TOA FORFAIT,SOLDIES,2023,210411,GREENFIELD,NBSC6/MGMCRNC/
642,AIRTEL_5428,Sadabe,AIRTEL,ANALAMANGA,MANJAKANDRIANA,SADABE,38.0,-18.616064,47.702267,TRUE,TRUE,FALSE,FALSE,2G-3G//ASBSC_TANA/ASRNC_TANA/,2G-3G,NON,TOA FORFAIT,SOLDIES,2022,111323,GREENFIELD,ASBSC_TANA/ASRNC_TANA/
643,AIRTEL_5429,Andolofotsy,AIRTEL,ITASY,MIARINARIVO,ANDOLOFOTSY,48.0,-18.74545,46.67024,TRUE,TRUE,FALSE,FALSE,2G-3G//ASBSC_TANA/MGMCRNC/,2G-3G,OUI,HELIOS,GE,2023,130204,GREENFIELD,ASBSC_TANA/MGMCRNC/
644,AIRTEL_5430,Kianjavato,AIRTEL,VATOVAVY,MANANJARY,KIANJAVATO,29.0,-21.39,47.85589,TRUE,TRUE,FALSE,FALSE,2G-3G//NBSC1/MGMCRNC/,2G-3G,NON,TOA FORFAIT,SOLDIES,2022,360213,GREENFIELD,NBSC1/MGMCRNC/
645,AIRTEL_5431,Bemanonga,AIRTEL,MENABE,MORONDAVA,BEMANONGA,0.0,-20.292581,44.347102,TRUE,TRUE,TRUE,FALSE,2G-3G-4G//MCBSC10/MGMCRNC/,2G-3G-4G,NON,ORANGE,JIRAMA,2023,640504,GREENFIELD,MCBSC10/MGMCRNC/
646,AIRTEL_5432,Marosakoa,AIRTEL,BOENY,MAROVOAY,MAROVOAY BANLIEUE,48.0,-16.198413,46.742258,TRUE,TRUE,FALSE,FALSE,2G-3G//NBSC3/MGMCRNC/,2G-3G,NON,HELIOS,GE,2023,420411,GREENFIELD,NBSC3/MGMCRNC/
647,AIRTEL_5433,Marovato,AIRTEL,SOFIA,PORT-BERGE,AMBODIMAHABIBO,48.0,-15.76181,48.09834,TRUE,TRUE,FALSE,FALSE,2G-3G//NBSC3/MGMCRNC/,2G-3G,NON,HELIOS,GE,2023,440702,GREENFIELD,NBSC3/MGMCRNC/
648,AIRTEL_5434,Ambongabe,AIRTEL,SOFIA,PORT-BERGE,AMBODIVONGO,48.0,-15.62925,48.24257,TRUE,TRUE,FALSE,FALSE,2G-3G//NBSC3/MGMCRNC/,2G-3G,NON,HELIOS,GE,2023,440704,GREENFIELD,NBSC3/MGMCRNC/
649,AIRTEL_5435,Antsambalahy,AIRTEL,SOFIA,PORT-BERGE,TSARAHASINA,48.0,-15.7523,47.5458,TRUE,TRUE,FALSE,FALSE,2G-3G//NBSC3/MGMCRNC/,2G-3G,NON,HELIOS,GE,2023,440712,GREENFIELD,NBSC3/MGMCRNC/
650,AIRTEL_5436,Fotsialanana,AIRTEL,ANALANJIROFO,SOANIERANA IVONGO,SOANIERANA IVONGO,50.0,-16.952556,49.48778,TRUE,TRUE,FALSE,FALSE,2G-3G//ASBSC_FARA/ASRNC_FARA/,2G-3G,NON,TOA FORFAIT,SOLDIES,2023,520508,GREENFIELD,ASBSC_FARA/ASRNC_FARA/
651,AIRTEL_5437,Isaka_Ivondro,AIRTEL,ANOSY,TAOLANARO,ISAKA IVONDRO,34.0,-24.811333,46.904389,TRUE,TRUE,FALSE,FALSE,2G-3G//ASBSC_IHOSY/MGMCRNC/,2G-3G,null,null,null,2023,620316,GREENFIELD,ASBSC_IHOSY/MGMCRNC/
652,AIRTEL_5438,Andondabe,AIRTEL,ATSINANANA,TOAMASINA II,ANDONDABE,30.0,-17.772639,49.370472,TRUE,TRUE,FALSE,FALSE,2G-3G//ASBSC_FARA/ASRNC_FARA/,2G-3G,NON,TOA FORFAIT,SOLDIES,2023,530608,GREENFIELD,ASBSC_FARA/ASRNC_FARA/
653,AIRTEL_5439,Sahambala,AIRTEL,ATSINANANA,TOAMASINA II,SAHAMBALA,26.5,-17.96775,49.183556,TRUE,TRUE,FALSE,FALSE,2G-3G//ASBSC_FARA/ASRNC_FARA/,2G-3G,NON,TOA FORFAIT,SOLDIES,2022,530616,GREENFIELD,ASBSC_FARA/ASRNC_FARA/
654,AIRTEL_5440,Ampasimbe_Onibe,AIRTEL,ATSINANANA,TOAMASINA II,AMPASIMBE ONIBE,30.0,-17.647333,49.382167,TRUE,TRUE,FALSE,FALSE,2G-3G//ASBSC_FARA/ASRNC_FARA/,2G-3G,NON,TOA FORFAIT,SOLDIES,2022,530605,GREENFIELD,ASBSC_FARA/ASRNC_FARA/
655,AIRTEL_5441,Mangabe_Est,AIRTEL,ATSINANANA,TOAMASINA II,AMPOROFORO,50.0,-17.824222,49.18633,TRUE,TRUE,FALSE,FALSE,2G-3G//ASBSC_FARA/ASRNC_FARA/,2G-3G,NON,TOA FORFAIT,SOLDIES,2023,320206,GREENFIELD,ASBSC_FARA/ASRNC_FARA/
656,AIRTEL_5442,Manorofify,AIRTEL,ATSIMO ANDREFANA,TOLIARY II,AMBOHIMAHAVELONA,48.0,-23.4743,43.9606,TRUE,TRUE,FALSE,FALSE,2G-3G//ASBSC_IHOSY/MGMCRNC/,2G-3G,NON,HELIOS,GE,2023,630901,GREENFIELD,ASBSC_IHOSY/MGMCRNC/
657,AIRTEL_5443,Manoroka,AIRTEL,ATSIMO ANDREFANA,TOLIARY II,AMBOLOFOTY,48.0,-23.517139,43.887825,TRUE,TRUE,FALSE,FALSE,2G-3G//ASBSC_IHOSY/MGMCRNC/,2G-3G,NON,HELIOS,GE,2023,630902,GREENFIELD,ASBSC_IHOSY/MGMCRNC/
658,AIRTEL_5444,Ankilibe,AIRTEL,ATSIMO ANDREFANA,TOLIARY II,BETSINJAKA,48.0,-23.431217,43.756781,TRUE,TRUE,FALSE,FALSE,2G-3G//ASBSC_IHOSY/MGMCRNC/,2G-3G,OUI,HELIOS,GE,2023,630913,GREENFIELD,ASBSC_IHOSY/MGMCRNC/
659,AIRTEL_5445,Ampihalia,AIRTEL,ATSIMO ANDREFANA,TOLIARY II,BEHOMPY,37.0,-23.231667,43.859083,TRUE,TRUE,FALSE,FALSE,2G-3G//ASBSC_IHOSY/MGMCRNC/,2G-3G,NON,TOA FORFAIT,SOLDIES,2022,630911,GREENFIELD,ASBSC_IHOSY/MGMCRNC/
660,AIRTEL_5446,Fierenana,AIRTEL,BONGOLAVA,TSIROANOMANDIDY,FIERENANA,48.0,-18.54329,45.81031,TRUE,TRUE,FALSE,FALSE,2G-3G//ASBSC_TANA/MGMCRNC/,2G-3G,NON,HELIOS,GE,2023,120210,GREENFIELD,ASBSC_TANA/MGMCRNC/
661,AIRTEL_5447,Ambaravaranala,AIRTEL,BONGOLAVA,TSIROANOMANDIDY,FIERENANA,48.0,-18.4272,45.6867,TRUE,TRUE,FALSE,FALSE,2G-3G//ASBSC_TANA/MGMCRNC/,2G-3G,NON,HELIOS,GE,2023,120210,GREENFIELD,ASBSC_TANA/MGMCRNC/
662,AIRTEL_5449,Kofay,AIRTEL,BONGOLAVA,TSIROANOMANDIDY,BEVATO,48.0,-18.71803,46.16818,TRUE,TRUE,FALSE,FALSE,2G-3G//ASBSC_TANA/MGMCRNC/,2G-3G,NON,HELIOS,GE,2023,120209,GREENFIELD,ASBSC_TANA/MGMCRNC/
663,AIRTEL_5451,Anilobe,AIRTEL,ATSIMO ATSINANANA,VANGAINDRANO,ANILOBE,48.0,-23.199844,47.479903,TRUE,TRUE,FALSE,FALSE,2G-3G//NBSC1/MGMCRNC/,2G-3G,OUI,HELIOS,GE,2023,320406,GREENFIELD,NBSC1/MGMCRNC/
664,AIRTEL_5494,Ambovombe3,AIRTEL,ANDROY,AMBOVOMBE ANDROY,AMBOVOMBE ANDROY,48.0,-25.180309,46.087202,TRUE,TRUE,FALSE,FALSE,2G-3G//ASBSC_IHOSY/MGMCRNC/,2G-3G,NON,HELIOS,GE,2022,610106,GREENFIELD,ASBSC_IHOSY/MGMCRNC/
665,AIRTEL_5453,Ankofa,AIRTEL,ANALANJIROFO,MAROANTSETRA,ANKOFA,21.0,-15.395639,49.676444,TRUE,TRUE,FALSE,FALSE,2G-3G//ASBSC_FARA/ASRNC_FARA/,2G-3G,NON,TOA FORFAIT,SOLDIES,2023,520309,GREENFIELD,ASBSC_FARA/ASRNC_FARA/
666,AIRTEL_5454,Andasibe_Est,AIRTEL,ANALANJIROFO,VAVATENINA,ANDASIBE,32.0,-17.358806,49.060278,TRUE,TRUE,FALSE,FALSE,2G-3G//ASBSC_FARA/ASRNC_FARA/,2G-3G,NON,TOA FORFAIT,SOLDIES,2023,410102,GREENFIELD,ASBSC_FARA/ASRNC_FARA/
667,AIRTEL_5455,Ambinanitelo,AIRTEL,ANALANJIROFO,MAROANTSETRA,AMBINANITELO,30.0,-15.333,49.608611,TRUE,TRUE,FALSE,FALSE,2G-3G//ASBSC_FARA/ASRNC_FARA/,2G-3G,NON,TOA FORFAIT,SOLDIES,2023,520302,GREENFIELD,ASBSC_FARA/ASRNC_FARA/
668,AIRTEL_5456,Antetezambaro,AIRTEL,ATSINANANA,TOAMASINA II,ANTETEZAMBARO,48.0,-18.009458,49.404567,TRUE,TRUE,FALSE,FALSE,2G-3G//ASBSC_FARA/MGMCRNC/,2G-3G,NON,HELIOS,GE,2023,530611,GREENFIELD,ASBSC_FARA/MGMCRNC/
669,AIRTEL_5457,Saint _Augustin,AIRTEL,ATSIMO ANDREFANA,TOLIARY II,SAINT AUGUSTIN,44.0,-23.538389,43.760722,TRUE,TRUE,FALSE,FALSE,2G-3G//ASBSC_IHOSY/MGMCRNC/,2G-3G,null,null,null,2023,630921,GREENFIELD,ASBSC_IHOSY/MGMCRNC/
670,AIRTEL_5458,Fenoadala,AIRTEL,ATSIMO ANDREFANA,BETIOKY SUD,FENOANDALA,48.0,-23.49974,44.65688,TRUE,TRUE,FALSE,FALSE,2G-3G//ASBSC_IHOSY/MGMCRNC/,2G-3G,NON,HELIOS,GE,2023,630513,GREENFIELD,ASBSC_IHOSY/MGMCRNC/
671,AIRTEL_5459,Manombo_Sud,AIRTEL,ATSIMO ANDREFANA,TOLIARY II,MANOMBO SUD,48.0,-22.960635,43.5057,TRUE,TRUE,FALSE,FALSE,2G-3G//ASBSC_IHOSY/MGMCRNC/,2G-3G,null,null,null,2023,630914,GREENFIELD,ASBSC_IHOSY/MGMCRNC/
672,AIRTEL_5460,Benato_Toby,AIRTEL,ANOSY,BETROKA,BENATO TOBY,48.0,-23.0841,45.8878,TRUE,TRUE,FALSE,FALSE,2G-3G//ASBSC_IHOSY/MGMCRNC/,2G-3G,null,null,null,2023,620208,GREENFIELD,ASBSC_IHOSY/MGMCRNC/
673,AIRTEL_5461,Tanandava_fiantso,AIRTEL,ATSIMO ANDREFANA,SAKARAHA,SAKARAHA,48.0,-23.0512,44.7035,TRUE,TRUE,FALSE,FALSE,2G-3G//ASBSC_IHOSY/MGMCRNC/,2G-3G,null,null,null,2023,630712,GREENFIELD,ASBSC_IHOSY/MGMCRNC/
674,AIRTEL_5462,Miary_Taheza,AIRTEL,ATSIMO ANDREFANA,SAKARAHA,MIARY TAHEZA,48.0,-23.139298,44.603113,TRUE,TRUE,FALSE,FALSE,2G-3G//ASBSC_IHOSY/MGMCRNC/,2G-3G,null,null,null,2023,630708,GREENFIELD,ASBSC_IHOSY/MGMCRNC/
675,AIRTEL_5463,Alatsinainy_Bakaro,AIRTEL,ANALAMANGA,ANDRAMASINA,ALATSINAINY BAKARO,37.0,-19.324139,47.681389,TRUE,TRUE,FALSE,FALSE,2G-3G//ASBSC_TANA/MGMCRNC/,2G-3G,NON,TOA FORFAIT,SOLDIES,2022,110202,GREENFIELD,ASBSC_TANA/MGMCRNC/
676,AIRTEL_5464,Tsiafahy,AIRTEL,ANALAMANGA,ANTANANARIVO ATSIMONDRANO,TSIAFAHY,48.0,-19.06646,47.560086,TRUE,TRUE,FALSE,FALSE,2G-3G//ASBSC_TANA/ASRNC_TANA/,2G-3G,NON,HELIOS,GE,2022,110526,GREENFIELD,ASBSC_TANA/ASRNC_TANA/
677,AIRTEL_5465,Ambatomanga,AIRTEL,ANALAMANGA,MANJAKANDRIANA,ALAROBIA,48.0,-18.96915,47.723356,TRUE,TRUE,FALSE,FALSE,2G-3G//ASBSC_TANA/MGMCRNC/,2G-3G,NON,HELIOS,GE,2023,111301,GREENFIELD,ASBSC_TANA/MGMCRNC/
678,AIRTEL_5466,Ambohitsoabe,AIRTEL,ANALAMANGA,MANJAKANDRIANA,MIADANANDRIANA,48.0,-19.041347,47.770056,TRUE,TRUE,FALSE,FALSE,2G-3G//ASBSC_TANA/MGMCRNC/,2G-3G,NON,HELIOS,GE,2023,111320,GREENFIELD,ASBSC_TANA/MGMCRNC/
679,AIRTEL_5467,Fieferana_Manjakandriana,AIRTEL,ANALAMANGA,MANJAKANDRIANA,MANJAKANDRIANA,48.0,-18.9582,47.8055,TRUE,TRUE,FALSE,FALSE,2G-3G//ASBSC_TANA/MGMCRNC/,2G-3G,null,null,null,2023,111317,GREENFIELD,ASBSC_TANA/MGMCRNC/
680,AIRTEL_5468,Anjepy,AIRTEL,ANALAMANGA,MANJAKANDRIANA,ANJEPY,48.0,-18.84927,47.74954,TRUE,TRUE,FALSE,FALSE,2G-3G//ASBSC_TANA/MGMCRNC/,2G-3G,NON,HELIOS,GE,2023,111313,GREENFIELD,ASBSC_TANA/MGMCRNC/
681,AIRTEL_5469,Ambatomalaza,AIRTEL,ANALAMANGA,ANTANANARIVO ATSIMONDRANO,ANDROHIBE,48.0,-19.03099,47.4534,TRUE,TRUE,FALSE,FALSE,2G-3G//ASBSC_TANA/ASRNC_TANA/,2G-3G,OUI,HELIOS,GE,2023,110513,GREENFIELD,ASBSC_TANA/ASRNC_TANA/
682,AIRTEL_5470,Tsaramandroso_mjg,AIRTEL,BOENY,AMBATO BOENI,TSARAMANDROSO,48.0,-16.36838,47.0444,TRUE,TRUE,FALSE,FALSE,2G-3G//NBSC3/MGMCRNC/,2G-3G,null,null,null,2023,420111,GREENFIELD,NBSC3/MGMCRNC/
683,AIRTEL_5471,Tanamasoandro,AIRTEL,ITASY,ARIVONIMAMO,IMERINTSIATOSIKA,48.0,-19.012621,47.278393,TRUE,TRUE,FALSE,FALSE,2G-3G//ASBSC_TANA/MGMCRNC/,2G-3G,NON,HELIOS,GE,2023,130115,GREENFIELD,ASBSC_TANA/MGMCRNC/
684,AIRTEL_5472,Tranobe_maromainty,AIRTEL,ANDROY,AMBOVOMBE ANDROY,AMBOVOMBE ANDROY,58.0,-25.233846,46.076329,TRUE,TRUE,FALSE,FALSE,2G-3G//ASBSC_IHOSY/MGMCRNC/,2G-3G,NON,HELIOS,GE,2022,610106,GREENFIELD,ASBSC_IHOSY/MGMCRNC/
685,AIRTEL_5473,Andrakodavaka,AIRTEL,VAKINANKARATRA,ANTSIRABE II,AMBANO,48.0,-19.6886,47.0375,TRUE,TRUE,FALSE,FALSE,2G-3G//MCBSC10/MGMCRNC/,2G-3G,NON,HELIOS,GE,2023,140403,GREENFIELD,MCBSC10/MGMCRNC/
686,AIRTEL_5474,Anjiajia,AIRTEL,BOENY,AMBATO BOENI,ANJIAJIA,48.0,-16.4627,46.9459,TRUE,TRUE,FALSE,FALSE,2G-3G//NBSC3/MGMCRNC/,2G-3G,OUI,HELIOS,GE,2023,420105,GREENFIELD,NBSC3/MGMCRNC/
687,AIRTEL_5475,Ampary,AIRTEL,ITASY,SOAVINANDRIANA,SOAVINANDRIANA,48.0,-19.114273,46.733474,TRUE,TRUE,TRUE,FALSE,2G-3G-4G//ASBSC_TANA/MGMCRNC/,2G-3G-4G,NON,HELIOS,GE,2023,111325,GREENFIELD,ASBSC_TANA/MGMCRNC/
688,AIRTEL_5476,Ankazomborona,AIRTEL,BOENY,MAROVOAY,ANKAZOMBORONA,48.0,-16.1153,46.7541,TRUE,TRUE,FALSE,FALSE,2G-3G//NBSC3/MGMCRNC/,2G-3G,NON,HELIOS,GE,2023,420403,GREENFIELD,NBSC3/MGMCRNC/
689,AIRTEL_5477,Saranambana,AIRTEL,ANALANJIROFO,FENERIVE EST,SARANAMBANA,35.0,-17.290361,49.193944,TRUE,TRUE,FALSE,FALSE,2G-3G//ASBSC_FARA/ASRNC_FARA/,2G-3G,NON,TOA FORFAIT,SOLDIES,2023,520110,GREENFIELD,ASBSC_FARA/ASRNC_FARA/
690,AIRTEL_5478,Ambatomiady,AIRTEL,VAKINANKARATRA,ANTANIFOTSY,AMBATOMIADY,48.0,-19.6857,47.3927,TRUE,TRUE,FALSE,FALSE,2G-3G//MCBSC10/MGMCRNC/,2G-3G,NON,HELIOS,GE,2023,140202,GREENFIELD,MCBSC10/MGMCRNC/
691,AIRTEL_5479,Miary,AIRTEL,ATSIMO ANDREFANA,TOLIARY II,MIARY,48.0,-23.30354,43.74463,TRUE,TRUE,FALSE,FALSE,2G-3G//ASBSC_IHOSY/MGMCRNC/,2G-3G,NON,HELIOS,GE,2023,630918,GREENFIELD,ASBSC_IHOSY/MGMCRNC/
692,AIRTEL_5480,Ankadinandriana,AIRTEL,ANALAMANGA,ANTANANARIVO AVARADRANO,ANKADINANDRIANA,20.0,-19.036472,47.687056,TRUE,TRUE,FALSE,FALSE,2G-3G//ASBSC_TANA/ASRNC_TANA/,2G-3G,NON,TOA FORFAIT,SOLDIES,2022,110608,GREENFIELD,ASBSC_TANA/ASRNC_TANA/
693,AIRTEL_5481,Ampandra2,AIRTEL,ATSIMO ANDREFANA,SAKARAHA,AMBINANY,48.0,-22.751677,44.851842,TRUE,TRUE,FALSE,FALSE,2G-3G//ASBSC_IHOSY/MGMCRNC/,2G-3G,NON,HELIOS,GE,2023,630701,GREENFIELD,ASBSC_IHOSY/MGMCRNC/
694,AIRTEL_5482,Antaritarika,AIRTEL,ANDROY,TSIHOMBE,ANTARITARIKA,48.0,-25.386198,45.747151,TRUE,TRUE,FALSE,FALSE,2G-3G//ASBSC_IHOSY/MGMCRNC/,2G-3G,OUI,HELIOS,GE,2022,610402,GREENFIELD,ASBSC_IHOSY/MGMCRNC/
695,AIRTEL_5483,Ambohitoaka,AIRTEL,SOFIA,MAMPIKONY,AMBOHITOAKA,48.0,-16.0054,47.645,TRUE,TRUE,FALSE,FALSE,2G-3G//NBSC3/MGMCRNC/,2G-3G,NON,HELIOS,GE,2023,440502,GREENFIELD,NBSC3/MGMCRNC/
696,AIRTEL_5484,Ambatofitarafana,AIRTEL,ANALANJIROFO,MANANARA-NORD,MANANARA NORD,34.0,-16.227167,49.77625,TRUE,TRUE,FALSE,FALSE,2G-3G//ASBSC_FARA/ASRNC_FARA/,2G-3G,NON,TOA FORFAIT,SOLDIES,2023,520210,GREENFIELD,ASBSC_FARA/ASRNC_FARA/
697,AIRTEL_5485,Manambaro,AIRTEL,ANOSY,TAOLANARO,SARISAMBO,30.0,-25.061944,46.788194,TRUE,TRUE,FALSE,FALSE,2G-3G//ASBSC_IHOSY/MGMCRNC/,2G-3G,NON,TOA FORFAIT,SOLDIES,2023,620324,GREENFIELD,ASBSC_IHOSY/MGMCRNC/
698,AIRTEL_5486,Dabolava,AIRTEL,MENABE,MIANDRIVAZO,DABOLAVA,48.0,-19.628752,45.711914,TRUE,TRUE,FALSE,FALSE,2G-3G//MCBSC10/MGMCRNC/,2G-3G,NON,HELIOS,GE,2023,640409,GREENFIELD,MCBSC10/MGMCRNC/
699,AIRTEL_5700,Ambatondradama,AIRTEL,VAKINANKARATRA,FARATSIHO,VINANINONY SUD,38.0,-19.51577,47.053303,TRUE,TRUE,FALSE,FALSE,2G-3G//ASBSC_TANA/MGMCRNC/,2G-3G,NON,TOM FORFAIT,SOLDIES,2023,140609,GREENFIELD,ASBSC_TANA/MGMCRNC/
1,ORANGE_ANM_REN_0003,CentreVille,ORANGE,ANALAMANGA,ANTANANARIVO_I,CU ANTANANARIVO (Arr.I),null,-18.9107646942138,47.5263175964355,TRUE,TRUE,TRUE,FALSE,2G-3G-4G/TDD-4G+,2G-3G-4G,NON,ORANGE,JIRAMA,1997,110701,ROOFTOP,TDD-4G+
2,ORANGE_ANM_REN_0002,Ivandry,ORANGE,ANALAMANGA,ANTANANARIVO_V,CU ANTANANARIVO (Arr.V),null,-18.8701915740966,47.5243453979492,TRUE,TRUE,TRUE,FALSE,2G-3G-4G/TDD-4G+,2G-3G-4G,NON,ORANGE,JIRAMA + GE,1997,111101,ROOFTOP,TDD-4G+
72,GULFSAT_T48,Ambohimahitsy,GULFSAT,ANALAMANGA,ANTANANARIVO AVARADRANO,AMBOHIMANGAKELY,null,-18.898330555555557,47.57588611111112,FALSE,TRUE,TRUE,FALSE,null,3G-4G-WIMAX,null,null,null,2020,110605,null,WIMAX
3,ORANGE_ANM_AMB_0001,Ivato,ORANGE,ANALAMANGA,AMBOHIDRATRIMO,IVATO,null,-18.8034324645996,47.4801216125488,TRUE,TRUE,TRUE,FALSE,2G-3G-4G/TDD-4G+,2G-3G-4G,NON,ORANGE SHARED,JIRAMA + GE,1997,110118,ROOFTOP,TDD-4G+
4,ORANGE_ANM_REN_0001,Meteo,ORANGE,ANALAMANGA,ANTANANARIVO_V,CU ANTANANARIVO (Arr.V),null,-18.8939990997314,47.5449981689453,TRUE,TRUE,TRUE,FALSE,2G-3G-4G/TDD-4G+,2G-3G-4G,NON,ORANGE,JIRAMA + GE,1997,111101,GREENFIELD,TDD-4G+
5,ORANGE_ATS_URB_0001,Tamatave,ORANGE,ATSINANANA,TOAMASINA I,CU TOAMASINA,null,-18.1540546417236,49.4135017395019,TRUE,TRUE,TRUE,FALSE,2G-3G-4G/4G+,2G-3G-4G,NON,TOA,ENERGIE TOM,1998,530501,GREENFIELD,4G+
6,ORANGE_ANM_REN_0004,Gare,ORANGE,ANALAMANGA,ANTANANARIVO_III,CU ANTANANARIVO (Arr.III),null,-18.9027500152587,47.5225753784179,TRUE,TRUE,TRUE,FALSE,2G-3G-4G/TDD-4G+,2G-3G-4G,NON,ORANGE,JIRAMA,1998,110901,ROOFTOP,TDD-4G+
7,ORANGE_ANM_AMB_0002,Golf,ORANGE,ANALAMANGA,AMBOHIDRATRIMO,AMBOHIDRATRIMO,null,-18.8157997131347,47.4369010925292,TRUE,TRUE,TRUE,FALSE,2G-3G-4G/TDD-4G+,2G-3G-4G,NON,ORANGE,JIRAMA + GE,1998,110103,ROOFTOP,TDD-4G+
8,ORANGE_ANM_SUD_0001,Itaosy,ORANGE,ANALAMANGA,ANTANANARIVO ATSIMONDRANO,AMBOHIDRAPETO,null,-18.8974819183349,47.4724655151367,TRUE,TRUE,TRUE,FALSE,2G-3G-4G/TDD-4G+,2G-3G-4G,NON,ORANGE,JIRAMA + GE,1998,110506,GREENFIELD,TDD-4G+
9,ORANGE_ANM_SUD_0002,Iavoloha,ORANGE,ANALAMANGA,ANTANANARIVO ATSIMONDRANO,BONGATSARA,null,-19.0242004394531,47.5365982055664,TRUE,TRUE,TRUE,FALSE,2G-3G-4G/TDD,2G-3G-4G,NON,ORANGE SHARED,JIRAMA + GE,1999,110519,GREENFIELD,TDD
10,ORANGE_BOE_URB_0001,MajungaAndrova,ORANGE,BOENY,MAHAJANGA I,MAHAJANGA,null,-15.7182483673095,46.3081474304199,TRUE,TRUE,TRUE,FALSE,2G-3G-4G/TDD-4G+,2G-3G-4G,OUI,ORANGE SHARED,JIRAMA + GE,1999,420201,GREENFIELD,TDD-4G+
11,ORANGE_DIA_URB_0001,Diego1,ORANGE,DIANA,ANTSIRANANA I,ANTSIRANANA,null,-12.2791900634765,49.2931976318359,TRUE,TRUE,TRUE,FALSE,2G-3G-4G/TDD-4G+,2G-3G-4G,NON,ORANGE,JIRAMA + GE,1999,210301,GREENFIELD,TDD-4G+
12,ORANGE_ANJ_STM_0001,SainteMarieAmbodifotatra,ORANGE,ANALANJIROFO,SAINTE MARIE,SAINTE MARIE,null,-16.9988231658935,49.8534355163574,TRUE,TRUE,TRUE,FALSE,2G-3G-4G,2G-3G-4G,NON,ORANGE SHARED,JIRAMA + GE,1999,520401,GREENFIELD,null
13,ORANGE_SAV_ANT_0001,Antalaha,ORANGE,SAVA,ANTALAHA,ANTALAHA,null,-14.9083614349365,50.2745819091796,TRUE,TRUE,TRUE,FALSE,2G-3G-4G/Backbone-4G+,2G-3G-4G,OUI,ORANGE,JIRAMA + GE,2000,220208,GREENFIELD,Backbone-4G+
14,ORANGE_DIA_NOS_0001,NosyBeCratere,ORANGE,DIANA,NOSY-BE,CU NOSY-BE,null,-13.3998613357543,48.2108345031738,TRUE,TRUE,TRUE,FALSE,2G-3G-4G/TDD-4G+,2G-3G-4G,OUI,ORANGE SHARED,JIRAMA + GE,2000,210501,GREENFIELD,TDD-4G+
15,ORANGE_ANM_REN_0005,Academie,ORANGE,ANALAMANGA,ANTANANARIVO_I,CU ANTANANARIVO (Arr.I),null,-18.9163417816162,47.5144271850585,TRUE,TRUE,TRUE,FALSE,2G-3G-4G/TDD-4G+,2G-3G-4G,NON,ORANGE,JIRAMA,2000,110701,ROOFTOP,TDD-4G+
16,ORANGE_ANM_REN_0006,RicoBetongolo,ORANGE,ANALAMANGA,ANTANANARIVO_III,CU ANTANANARIVO (Arr.III),null,-18.9057731628417,47.5376218557357,TRUE,TRUE,TRUE,FALSE,2G-3G-4G/4G+,2G-3G-4G,NON,ORANGE,JIRAMA,2000,110901,ROOFTOP,4G+
17,ORANGE_ANM_REN_0007,AnalakelyBull,ORANGE,ANALAMANGA,ANTANANARIVO_I,CU ANTANANARIVO (Arr.I),null,-18.9067974090576,47.5224418640136,TRUE,TRUE,TRUE,FALSE,2G-3G-4G,2G-3G-4G,NON,ORANGE,JIRAMA,2000,110701,ROOFTOP,null
18,ORANGE_AAN_URB_0001,Tulear1,ORANGE,ATSIMO ANDREFANA,TOLIARA I,TOLIARA I,null,-23.3499450683593,43.6691665649414,TRUE,TRUE,TRUE,FALSE,2G-3G-4G/Backbone-TDD-4G+,2G-3G-4G,OUI,ORANGE SHARED,JIRAMA + GE,2000,630801,GREENFIELD,Backbone-TDD-4G+
19,ORANGE_MAT_URB_0001,FianaraKianjasoa,ORANGE,MATSIATRA AMBONY,FIANARANTSOA,CU FIANARANTSOA,null,-21.447696685791,47.0749626159667,TRUE,TRUE,TRUE,FALSE,2G-3G-4G/TDD,2G-3G-4G,NON,ORANGE,JIRAMA + GE,2000,330301,GREENFIELD,TDD
20,ORANGE_ANM_REN_0008,Mascar,ORANGE,ANALAMANGA,ANTANANARIVO_III,CU ANTANANARIVO (Arr.III),null,-18.8982124328613,47.531681060791,TRUE,TRUE,TRUE,FALSE,2G-3G-4G/TDD-4G+,2G-3G-4G,NON,ORANGE,JIRAMA,2001,110901,ROOFTOP,TDD-4G+
21,ORANGE_ANM_REN_0009,Isotry,ORANGE,ANALAMANGA,ANTANANARIVO_I,CU ANTANANARIVO (Arr.I),null,-18.9080467224121,47.5140495300292,TRUE,TRUE,FALSE,FALSE,2G-3G,2G-3G,NON,ORANGE,JIRAMA,2001,110701,ROOFTOP,null
22,ORANGE_ANM_NOR_0001,Ambohitrarahaba,ORANGE,ANALAMANGA,ANTANANARIVO AVARADRANO,ANKADIKELY ILAFY,null,-18.8645000457763,47.5494003295898,TRUE,TRUE,TRUE,FALSE,2G-3G-4G/TDD-4G+,2G-3G-4G,NON,ORANGE,JIRAMA,2001,110607,ROOFTOP,TDD-4G+
23,ORANGE_ANM_REN_0010,Andraisoro,ORANGE,ANALAMANGA,ANTANANARIVO_V,CU ANTANANARIVO (Arr.V),null,-18.9042129516601,47.5597229003906,TRUE,TRUE,TRUE,FALSE,2G-3G-4G/TDD-4G+,2G-3G-4G,NON,ORANGE,JIRAMA,2001,111101,ROOFTOP,TDD-4G+
24,ORANGE_ANM_REN_0011,Ambatolampikely,ORANGE,ANALAMANGA,ANTANANARIVO_VI,CU ANTANANARIVO (ARR.VI ),null,-18.8446998596191,47.4858016967773,TRUE,TRUE,TRUE,FALSE,2G-3G-4G,2G-3G-4G,NON,ORANGE,JIRAMA,2001,111201,ROOFTOP,null
25,ORANGE_ANM_AMB_0003,Talatamaty,ORANGE,ANALAMANGA,AMBOHIDRATRIMO,TALATAMATY,null,-18.839973449707,47.4605827331542,TRUE,TRUE,TRUE,FALSE,2G-3G-4G/TDD,2G-3G-4G,NON,ORANGE,JIRAMA,2001,110125,ROOFTOP,TDD
26,ORANGE_ANM_NOR_0002,Ambatobe,ORANGE,ANALAMANGA,ANTANANARIVO AVARADRANO,ANKADIKELY ILAFY,null,-18.8783817291259,47.5631408691406,TRUE,TRUE,TRUE,FALSE,2G-3G-4G/TDD,2G-3G-4G,NON,ORANGE,JIRAMA,2002,110607,ROOFTOP,TDD
27,ORANGE_ANM_REN_0012,Tsimbazaza,ORANGE,ANALAMANGA,ANTANANARIVO_IV,CU ANTANANARIVO (Arr.IV),null,-18.9354000091552,47.5287017822265,TRUE,TRUE,TRUE,FALSE,2G-3G-4G/TDD-4G+,2G-3G-4G,NON,ORANGE,JIRAMA,2002,111001,ROOFTOP,TDD-4G+
28,ORANGE_ANM_REN_0013,Ambohimanarina,ORANGE,ANALAMANGA,ANTANANARIVO_VI,CU ANTANANARIVO (ARR.VI ),null,-18.8712997436523,47.4925003051757,TRUE,TRUE,TRUE,FALSE,2G-3G-4G/TDD-4G+,2G-3G-4G,NON,ORANGE,JIRAMA + GE,2002,111201,GREENFIELD,TDD-4G+
29,ORANGE_ANM_REN_0014,67Ha,ORANGE,ANALAMANGA,ANTANANARIVO_I,CU ANTANANARIVO (Arr.I),null,-18.9022998809814,47.5086784362792,TRUE,TRUE,TRUE,FALSE,2G-3G-4G/TDD-4G+,2G-3G-4G,NON,ORANGE,JIRAMA,2002,110701,ROOFTOP,TDD-4G+
30,ORANGE_ANM_REN_0015,Antanimena,ORANGE,ANALAMANGA,ANTANANARIVO_III,CU ANTANANARIVO (Arr.III),null,-18.8971824645996,47.5220336914062,TRUE,TRUE,TRUE,FALSE,2G-3G-4G/TDD,2G-3G-4G,NON,ORANGE,JIRAMA,2002,110901,ROOFTOP,TDD
31,ORANGE_ANM_REN_0016,Soanierana,ORANGE,ANALAMANGA,ANTANANARIVO_IV,CU ANTANANARIVO (Arr.IV),null,-18.930700302124,47.5189018249511,TRUE,TRUE,FALSE,FALSE,2G-3G,2G-3G,NON,ORANGE,JIRAMA,2002,111001,ROOFTOP,null
32,ORANGE_ANM_REN_0017,Isoraka,ORANGE,ANALAMANGA,ANTANANARIVO_I,CU ANTANANARIVO (Arr.I),null,-18.9106407165527,47.5215759277343,TRUE,TRUE,TRUE,FALSE,2G-3G-4G/TDD,2G-3G-4G,NON,ORANGE,JIRAMA,2002,110701,ROOFTOP,TDD
33,ORANGE_MEN_MOR_0001,Morondava1,ORANGE,MENABE,MORONDAVA,MORONDAVA,null,-20.2964000701904,44.2821998596191,TRUE,TRUE,TRUE,FALSE,2G-3G-4G/4G+,2G-3G-4G,NON,ORANGE,JIRAMA + GE,2002,640505,GREENFIELD,4G+
34,ORANGE_ANM_SUD_0003,Alakamisy,ORANGE,ANALAMANGA,ANTANANARIVO ATSIMONDRANO,ALAKAMISY FENOARIVO,null,-18.9399547576904,47.4236907958984,TRUE,TRUE,TRUE,FALSE,2G-3G-4G/TDD,2G-3G-4G,NON,ORANGE,JIRAMA,2002,110501,GREENFIELD,TDD
35,ORANGE_ATS_RUR_0001,TamaMiouMiou,ORANGE,ATSINANANA,TOAMASINA II,TOAMASINA SUBURBAINE,null,-18.1208324432373,49.4049987792968,TRUE,TRUE,FALSE,FALSE,2G-3G,2G-3G,NON,ORANGE,JIRAMA + GE,2002,530617,ROOFTOP,null
36,ORANGE_ANM_SUD_0004,Andoharanofotsy,ORANGE,ANALAMANGA,ANTANANARIVO ATSIMONDRANO,ANKARAOBATO,null,-18.9726390838623,47.5380783081054,TRUE,TRUE,TRUE,FALSE,2G-3G-4G/TDD-4G+,2G-3G-4G,NON,ORANGE,JIRAMA + GE,2003,110515,GREENFIELD,TDD-4G+
37,ORANGE_ANM_NOR_0003,Pedro,ORANGE,ANALAMANGA,ANTANANARIVO AVARADRANO,AMBOHIMANGAKELY,null,-18.8971004486083,47.5759010314941,TRUE,TRUE,TRUE,FALSE,2G-3G-4G/TDD-4G+,2G-3G-4G,NON,ORANGE,JIRAMA + GE,2003,110605,GREENFIELD,TDD-4G+
38,ORANGE_ANM_AMB_0004,Mahitsy,ORANGE,ANALAMANGA,AMBOHIDRATRIMO,AMPANOTOKANA,null,-18.7036972045898,47.3455696105957,TRUE,TRUE,TRUE,FALSE,2G-3G-4G,2G-3G-4G,NON,ORANGE,JIRAMA + GE,2003,110108,GREENFIELD,null
39,ORANGE_ANM_REN_0018,Manjakaray,ORANGE,ANALAMANGA,ANTANANARIVO_V,CU ANTANANARIVO (Arr.V),null,-18.8897228240966,47.5338897705078,TRUE,TRUE,TRUE,FALSE,2G-3G-4G/TDD-4G+,2G-3G-4G,NON,ORANGE,JIRAMA,2003,111101,ROOFTOP,TDD-4G+
40,ORANGE_ANM_REN_0019,Rabearivelo,ORANGE,ANALAMANGA,ANTANANARIVO_I,CU ANTANANARIVO (Arr.I),null,-18.9049034118652,47.5246925354003,TRUE,TRUE,TRUE,FALSE,2G-3G-4G,2G-3G-4G,NON,ORANGE,JIRAMA,2003,110701,ROOFTOP,null
41,ORANGE_ANM_SUD_0005,Anosimasina,ORANGE,ANALAMANGA,ANTANANARIVO ATSIMONDRANO,BEMASOANDRO,null,-18.9133396148681,47.4932060241699,TRUE,TRUE,TRUE,FALSE,2G-3G-4G/TDD-4G+,2G-3G-4G,NON,ORANGE,JIRAMA,2003,110518,ROOFTOP,TDD-4G+
42,ORANGE_DIA_URB_0002,DiegoScama,ORANGE,DIANA,ANTSIRANANA I,ANTSIRANANA,null,-12.3080997467041,49.2920570373535,TRUE,TRUE,TRUE,FALSE,2G-3G-4G/Backbone-TDD-4G+,2G-3G-4G,NON,ORANGE,JIRAMA + GE,2003,210301,GREENFIELD,Backbone-TDD-4G+
43,ORANGE_ATS_URB_0002,TamaAmbolomadinika,ORANGE,ATSINANANA,TOAMASINA I,CU TOAMASINA arr. TANAMBAO V,null,-18.155138015747,49.39986038208,TRUE,TRUE,TRUE,FALSE,2G-3G-4G/TDD-4G+,2G-3G-4G,NON,ORANGE,JIRAMA + GE,2003,530505,ROOFTOP,TDD-4G+
44,ORANGE_ANJ_STM_0002,SainteMarieMahavelo,ORANGE,ANALANJIROFO,SAINTE MARIE,SAINTE MARIE,null,-17.0371055603027,49.8301773071289,TRUE,TRUE,TRUE,FALSE,2G-3G-4G,2G-3G-4G,NON,ORANGE,JIRAMA + GE,2003,520401,ROOFTOP,null
45,ORANGE_VAK_AMB_0001,Ambatolampy,ORANGE,VAKINANKARATRA,AMBATOLAMPY,AMBATOLAMPY,null,-19.3764171600341,47.4473342895507,TRUE,TRUE,TRUE,FALSE,2G-3G-4G,2G-3G-4G,NON,ORANGE,JIRAMA + GE,2003,140101,GREENFIELD,null
46,ORANGE_ANM_REN_0020,Ankorahotra,ORANGE,ANALAMANGA,ANTANANARIVO_III,CU ANTANANARIVO (Arr.III),null,-18.9132671356201,47.5385627746582,TRUE,TRUE,TRUE,FALSE,2G-3G-4G/TDD,2G-3G-4G,NON,ORANGE,JIRAMA,2004,110901,ROOFTOP,TDD
47,ORANGE_ANM_REN_0021,Ambatomitsangana,ORANGE,ANALAMANGA,ANTANANARIVO_III,CU ANTANANARIVO (Arr.III),null,-18.9008350372314,47.5275268554687,TRUE,TRUE,TRUE,FALSE,2G-3G-4G/TDD,2G-3G-4G,NON,ORANGE,JIRAMA,2004,110901,ROOFTOP,TDD
48,ORANGE_DIA_NOS_0002,NosyBeAeroport,ORANGE,DIANA,NOSY-BE,CU NOSY-BE,null,-13.3523607254028,48.2847518920898,TRUE,TRUE,TRUE,FALSE,2G-3G-4G,2G-3G-4G,NON,ORANGE,JIRAMA + GE,2004,210501,GREENFIELD,null
49,ORANGE_AAN_SAK_0001,Sakaraha,ORANGE,ATSIMO ANDREFANA,SAKARAHA,SAKARAHA,null,-22.908332824707,44.525276184082,TRUE,TRUE,FALSE,FALSE,2G-3G/Backbone,2G-3G,NON,ORANGE,JIRAMA + GE,2004,630712,GREENFIELD,Backbone
50,ORANGE_ANO_TAO_0001,FortDauphin1,ORANGE,ANOSY,TAOLANARO,TOLAGNARO,null,-25.0287227630615,46.9537010192871,TRUE,TRUE,TRUE,FALSE,2G-3G-4G,2G-3G-4G,NON,ORANGE,JIRAMA + GE,2004,620327,ROOFTOP,null
51,ORANGE_ANO_TAO_0002,FortDauphin2,ORANGE,ANOSY,TAOLANARO,TOLAGNARO,null,-25.0289726257324,46.9973068237304,TRUE,TRUE,TRUE,FALSE,2G-3G-4G,2G-3G-4G,NON,ORANGE,JIRAMA,2004,620327,ROOFTOP,null
52,ORANGE_ANM_MAN_0001,Angavokely,ORANGE,ANALAMANGA,MANJAKANDRIANA,ALAROBIA,null,-18.9272003173828,47.7368011474609,TRUE,TRUE,FALSE,FALSE,2G-3G/Backbone,2G-3G,NON,ORANGE,JIRAMA + GE,2004,111301,GREENFIELD,Backbone
53,ORANGE_ANM_REN_0022,Ankazomanga,ORANGE,ANALAMANGA,ANTANANARIVO_VI,CU ANTANANARIVO (ARR.VI ),null,-18.8943901062011,47.5157203674316,TRUE,TRUE,TRUE,FALSE,2G-3G-4G/TDD,2G-3G-4G,NON,ORANGE,JIRAMA,2004,111201,ROOFTOP,TDD
54,ORANGE_DIA_NOS_0003,NosyBeDzama,ORANGE,DIANA,NOSY-BE,CU NOSY-BE,null,-13.3699722290039,48.207721710205,TRUE,TRUE,TRUE,FALSE,2G-3G-4G/4G+,2G-3G-4G,NON,ORANGE,JIRAMA + GE,2004,210501,GREENFIELD,4G+
55,ORANGE_ITA_ARI_0001,Arivonimamo,ORANGE,ITASY,ARIVONIMAMO,ARIVONIMAMO II,null,-19.0182991027832,47.2289009094238,TRUE,TRUE,FALSE,FALSE,2G-3G,2G-3G,NON,ORANGE,JIRAMA + GE,2004,130114,GREENFIELD,null
56,ORANGE_AMO_ABS_0001,Ambositra,ORANGE,AMORON'I MANIA,AMBOSITRA,AMBOSITRA,null,-20.5332126617431,47.245620727539,TRUE,TRUE,TRUE,FALSE,2G-3G-4G,2G-3G-4G,NON,ORANGE,JIRAMA + GE,2005,310207,GREENFIELD,null
57,ORANGE_ITA_MIA_0001,Miarinarivo,ORANGE,ITASY,MIARINARIVO,MANAZARY,null,-19.0037002563476,46.8633995056152,TRUE,TRUE,FALSE,FALSE,2G-3G,2G-3G,NON,ORANGE,ENERGIE SOLAIRE,2005,130207,GREENFIELD,null
58,ORANGE_VAT_MJR_0001,Mananjary,ORANGE,VATOVAVY,MANANJARY,MANANJARY,null,-21.2369441986083,48.3461112976074,TRUE,TRUE,TRUE,FALSE,2G-3G-4G,2G-3G-4G,NON,TOA,JIRAMA + GE,2005,360219,GREENFIELD,null
59,ORANGE_ANJ_MAN_0001,Mananara,ORANGE,ANALANJIROFO,MANANARA-NORD,MANANARA NORD,null,-16.1736030578613,49.7702102661132,TRUE,TRUE,TRUE,FALSE,2G-3G-4G/Backbone-TDD-4G+,2G-3G-4G,OUI,ORANGE,JIRAMA + GE,2005,520210,GREENFIELD,Backbone-TDD-4G+
60,ORANGE_ITA_ARI_0002,Manalalondo,ORANGE,ITASY,ARIVONIMAMO,MANALALONDO,null,-19.2677497863769,47.1407508850097,TRUE,FALSE,FALSE,FALSE,2G/Backbone,2G,NON,ORANGE,ENERGIE SOLAIRE,2005,130117,GREENFIELD,Backbone
61,ORANGE_AAT_FAR_0001,Farafangana,ORANGE,ATSIMO ATSINANANA,FARAFANGANA,FARAFANGANA,null,-22.8336563110351,47.8284225463867,TRUE,TRUE,FALSE,FALSE,2G-3G/Backbone,2G-3G,NON,ORANGE,JIRAMA + GE,2005,320215,GREENFIELD,Backbone
62,ORANGE_BOE_MAR_0001,Marovoay,ORANGE,BOENY,MAROVOAY,MAROVOAY,null,-16.1141681671142,46.6437606811523,TRUE,TRUE,TRUE,FALSE,2G-3G-4G,2G-3G-4G,NON,ORANGE,JIRAMA + GE,2005,420410,GREENFIELD,null
63,ORANGE_ATS_BRI_0001,Brickaville,ORANGE,ATSINANANA,BRICKAVILLE,BRICKAVILLE,null,-18.8031387329101,49.0839729309082,TRUE,TRUE,TRUE,FALSE,2G-3G-4G,2G-3G-4G,NON,TOA,JIRAMA + GE,2005,530209,GREENFIELD,null
64,ORANGE_IHO_IHO_0001,Ihosy,ORANGE,IHOROMBE,IHOSY,IRINA,null,-22.434377670288,46.0511245727539,TRUE,FALSE,FALSE,FALSE,2G,2G,NON,ORANGE,ENERGIE SOLAIRE,2005,340211,GREENFIELD,null
65,ORANGE_ALA_AMB_0001,Ambatondrazaka,ORANGE,ALAOTRA MANGORO,AMBATONDRAZAKA,AMBATONDRAZAKA SUBURBAINE,null,-17.8423881530761,48.4285507202148,TRUE,TRUE,TRUE,FALSE,2G-3G-4G,2G-3G-4G,NON,ORANGE,JIRAMA + GE,2005,510103,GREENFIELD,null
66,ORANGE_AND_AMB_0001,Ambovombe,ORANGE,ANDROY,AMBOVOMBE ANDROY,AMBOVOMBE ANDROY,null,-25.1807212829589,46.087776184082,TRUE,TRUE,TRUE,FALSE,2G-3G-4G,2G-3G-4G,NON,ORANGE,JIRAMA + ENERGIE SOLAIRE + GE,2005,610106,GREENFIELD,null
67,ORANGE_SAV_SAM_0001,Sambava2,ORANGE,SAVA,SAMBAVA,SAMBAVA,null,-14.2559747695922,50.1505279541015,TRUE,TRUE,TRUE,FALSE,2G-3G-4G,2G-3G-4G,NON,ORANGE,JIRAMA + GE,2005,220325,ROOFTOP,null
68,ORANGE_SAV_AND_0001,Andapa,ORANGE,SAVA,ANDAPA,ANDAPA,null,-14.6636171340942,49.6451339721679,TRUE,TRUE,TRUE,FALSE,2G-3G-4G/4G+,2G-3G-4G,NON,ORANGE,JIRAMA + GE,2005,220104,GREENFIELD,4G+
69,ORANGE_ATS_URB_0003,TamaMorafeno,ORANGE,ATSINANANA,TOAMASINA I,CU TOAMASINA arr. ANKIRIHIRY,null,-18.1383895874023,49.4043350219726,TRUE,TRUE,TRUE,FALSE,2G-3G-4G/TDD,2G-3G-4G,NON,ORANGE,JIRAMA + GE,2005,530503,ROOFTOP,TDD
70,ORANGE_ANM_REN_0025,AnalamahitsyCentre,ORANGE,ANALAMANGA,ANTANANARIVO_V,CU ANTANANARIVO (Arr.V),null,-18.8746166229248,47.549518585205,TRUE,TRUE,TRUE,FALSE,2G-3G-4G/TDD-4G+,2G-3G-4G,NON,ORANGE,JIRAMA,2005,111101,ROOFTOP,TDD-4G+
71,ORANGE_ANM_REN_0023,Ambohipo,ORANGE,ANALAMANGA,ANTANANARIVO_II,CU ANTANANARIVO (Arr.II),null,-18.9244918823242,47.554702758789,TRUE,TRUE,TRUE,FALSE,2G-3G-4G/TDD-4G+,2G-3G-4G,NON,ORANGE,JIRAMA + GE,2005,110801,ROOFTOP,TDD-4G+
72,ORANGE_ANM_REN_0024,Analamahitsy,ORANGE,ANALAMANGA,ANTANANARIVO_V,CU ANTANANARIVO (Arr.V),null,-18.8703002929687,47.5410995483398,TRUE,TRUE,TRUE,FALSE,2G-3G-4G/TDD-4G+,2G-3G-4G,NON,ORANGE,JIRAMA + GE,2005,111101,GREENFIELD,TDD-4G+
73,ORANGE_ANM_NOR_0004,Sabnam,ORANGE,ANALAMANGA,ANTANANARIVO AVARADRANO,SABOTSY NAMEHANA,null,-18.8359546661376,47.5618286132812,TRUE,TRUE,TRUE,FALSE,2G-3G-4G/TDD-4G+,2G-3G-4G,NON,ORANGE,JIRAMA,2005,110612,ROOFTOP,TDD-4G+
74,ORANGE_ANM_REN_0026,67HaSud,ORANGE,ANALAMANGA,ANTANANARIVO_I,CU ANTANANARIVO (Arr.I),null,-18.91206741333,47.508430480957,TRUE,TRUE,TRUE,FALSE,2G-3G-4G,2G-3G-4G,NON,ORANGE,JIRAMA,2005,110701,ROOFTOP,null
75,ORANGE_ANM_SUD_0006,Anosizato,ORANGE,ANALAMANGA,ANTANANARIVO ATSIMONDRANO,ANOSIZATO ANDREFANA,null,-18.9396781921386,47.496898651123,TRUE,TRUE,TRUE,FALSE,2G-3G-4G,2G-3G-4G,NON,ORANGE,JIRAMA,2005,110516,ROOFTOP,null
76,ORANGE_ANM_AMB_0005,Mandrosoa,ORANGE,ANALAMANGA,AMBOHIDRATRIMO,IVATO,null,-18.8205261230468,47.4659881591796,TRUE,TRUE,TRUE,FALSE,2G-3G-4G/TDD,2G-3G-4G,NON,ORANGE,JIRAMA,2005,110118,ROOFTOP,TDD
77,ORANGE_AMO_FAN_0001,Fandriana,ORANGE,AMORON'I MANIA,FANDRIANA,MILAMAINA,null,-20.2591896057128,47.4019126892089,TRUE,TRUE,FALSE,FALSE,2G-3G,2G-3G,NON,ORANGE,ENERGIE SOLAIRE + GE,2005,310309,GREENFIELD,null
78,ORANGE_ANM_SUD_0007,Tanjombato,ORANGE,ANALAMANGA,ANTANANARIVO ATSIMONDRANO,TANJOMBATO,null,-18.9565811157226,47.5282096862792,TRUE,TRUE,TRUE,FALSE,2G-3G-4G/TDD-4G+,2G-3G-4G,NON,ORANGE,JIRAMA,2006,110525,ROOFTOP,TDD-4G+
79,ORANGE_DIA_URB_0003,DiegoPlacekabary,ORANGE,DIANA,ANTSIRANANA I,ANTSIRANANA,null,-12.2697801589965,49.292121887207,TRUE,TRUE,TRUE,FALSE,2G-3G-4G/TDD,2G-3G-4G,NON,ORANGE,JIRAMA,2006,210301,ROOFTOP,TDD
80,ORANGE_ITA_SOA_0001,Soavinandriana,ORANGE,ITASY,SOAVINANDRIANA,SOAVINANDRIANA,null,-19.1661396026611,46.7443618774414,TRUE,TRUE,FALSE,FALSE,2G-3G,2G-3G,NON,ORANGE,JIRAMA + GE,2006,130314,GREENFIELD,null
81,ORANGE_ANM_REN_0027,Galaxy,ORANGE,ANALAMANGA,ANTANANARIVO_VI,CU ANTANANARIVO (ARR.VI ),null,-18.8795166015625,47.5105972290039,TRUE,TRUE,TRUE,FALSE,2G-3G-4G/Backbone-TDD-4G+,2G-3G-4G,NON,ORANGE,JIRAMA + GE,2006,111201,GREENFIELD,Backbone-TDD-4G+
82,ORANGE_ANJ_MAR_0001,Maroantsetra,ORANGE,ANALANJIROFO,MAROANTSETRA,MAROANTSETRA,null,-15.4379253387451,49.7374038696289,TRUE,TRUE,TRUE,FALSE,2G-3G-4G,2G-3G-4G,NON,ORANGE,JIRAMA + GE,2006,520315,GREENFIELD,null
83,ORANGE_ANM_REN_0028,Mahamasina,ORANGE,ANALAMANGA,ANTANANARIVO_IV,CU ANTANANARIVO (Arr.IV),null,-18.9218006134033,47.524429321289,TRUE,TRUE,TRUE,FALSE,2G-3G-4G/TDD-4G+,2G-3G-4G,NON,ORANGE,JIRAMA,2006,111001,ROOFTOP,TDD-4G+
84,ORANGE_SOF_ANT_0001,Antsohihy,ORANGE,SOFIA,ANTSOHIHY,ANTSOHIHY,null,-14.8793601989746,47.9888916015625,TRUE,TRUE,TRUE,FALSE,2G-3G-4G/Backbone-4G+,2G-3G-4G,NON,ORANGE,JIRAMA + ENERGIE SOLAIRE + GE,2006,440211,GREENFIELD,Backbone-4G+
85,ORANGE_ANM_SUD_0008,Ambonisoa,ORANGE,ANALAMANGA,ANTANANARIVO ATSIMONDRANO,BEMASOANDRO,null,-18.9123668670654,47.4845390319824,TRUE,TRUE,TRUE,FALSE,2G-3G-4G/TDD-4G+,2G-3G-4G,NON,ORANGE,JIRAMA,2006,110518,ROOFTOP,TDD-4G+
86,ORANGE_ANM_REN_0029,Anosibe,ORANGE,ANALAMANGA,ANTANANARIVO_IV,CU ANTANANARIVO (Arr.IV),null,-18.9289741516113,47.5098571777343,TRUE,TRUE,TRUE,FALSE,2G-3G-4G/TDD-4G+,2G-3G-4G,NON,ORANGE,JIRAMA,2006,111001,ROOFTOP,TDD-4G+
87,ORANGE_ANM_REN_0030,Andohalo,ORANGE,ANALAMANGA,ANTANANARIVO_II,CU ANTANANARIVO (Arr.II),null,-18.9184207916259,47.5327987670898,TRUE,TRUE,TRUE,FALSE,2G-3G-4G/TDD,2G-3G-4G,NON,ORANGE,JIRAMA,2006,110801,ROOFTOP,TDD
88,ORANGE_BOE_URB_0002,Majungabe,ORANGE,BOENY,MAHAJANGA I,MAHAJANGA,null,-15.7242717742919,46.3119735717773,TRUE,TRUE,TRUE,FALSE,2G-3G-4G/4G+,2G-3G-4G,NON,ORANGE,JIRAMA,2006,420201,ROOFTOP,4G+
89,ORANGE_DIA_URB_0005,DiegoAntanambao,ORANGE,DIANA,ANTSIRANANA I,ANTSIRANANA,null,-12.2863359451293,49.2940063476562,TRUE,TRUE,TRUE,FALSE,2G-3G-4G/TDD-4G+,2G-3G-4G,NON,ORANGE,JIRAMA,2006,210301,ROOFTOP,TDD-4G+
90,ORANGE_MAT_URB_0002,FianaraAntanambao,ORANGE,MATSIATRA AMBONY,FIANARANTSOA,CU FIANARANTSOA,null,-21.4561901092529,47.095718383789,TRUE,TRUE,TRUE,FALSE,2G-3G-4G/Backbone-TDD,2G-3G-4G,NON,ORANGE,JIRAMA + GE,2006,330301,ROOFTOP,Backbone-TDD
91,ORANGE_MAT_AMB_0001,Ambalavao,ORANGE,MATSIATRA AMBONY,AMBALAVAO,AMBALAVAO,null,-21.8348522186279,46.9371871948242,TRUE,TRUE,FALSE,FALSE,2G-3G,2G-3G,NON,ORANGE,JIRAMA + GE,2006,330101,ROOFTOP,null
92,ORANGE_AAN_URB_0002,Tulear2,ORANGE,ATSIMO ANDREFANA,TOLIARA I,TOLIARA I,null,-23.3509807586669,43.6760368347167,TRUE,TRUE,TRUE,FALSE,2G-3G-4G,2G-3G-4G,NON,ORANGE,JIRAMA,2006,630801,ROOFTOP,null
93,ORANGE_ANO_AMB_0001,Amboasary,ORANGE,ANOSY,AMBOASARY SUD,AMBOASARY SUD,null,-25.0423374176025,46.3934135437011,TRUE,TRUE,FALSE,FALSE,2G-3G,2G-3G,NON,ORANGE,ENERGIE SOLAIRE,2006,620101,GREENFIELD,null
94,ORANGE_BOE_URB_0003,MajungaAmborovy,ORANGE,BOENY,MAHAJANGA I,MAHAJANGA,null,-15.6762781143188,46.3495750427246,TRUE,TRUE,TRUE,FALSE,2G-3G-4G/Backbone-TDD-4G+,2G-3G-4G,NON,ORANGE,JIRAMA + GE,2006,420201,GREENFIELD,Backbone-TDD-4G+
95,ORANGE_AAT_VAN_0001,Vangaindrano,ORANGE,ATSIMO ATSINANANA,VANGAINDRANO,VANGAINDRANO,null,-23.3503189086914,47.603271484375,TRUE,TRUE,TRUE,FALSE,2G-3G-4G/Backbone,2G-3G-4G,NON,ORANGE,JIRAMA + GE,2006,320426,GREENFIELD,Backbone
96,ORANGE_IHO_IHO_0002,Ilakaka,ORANGE,IHOROMBE,IHOSY,ANDOHAN'ILAKAKA,null,-22.7300281524658,45.1773605346679,TRUE,TRUE,FALSE,FALSE,2G-3G/Backbone,2G-3G,NON,ORANGE,ENERGIE SOLAIRE,2006,340220,GREENFIELD,Backbone
97,ORANGE_IHO_IHO_0003,Ranohira,ORANGE,IHOROMBE,IHOSY,RANOHIRA,null,-22.5564270019531,45.4142608642578,TRUE,TRUE,TRUE,FALSE,2G-3G-4G,2G-3G-4G,NON,ORANGE,JIRAMA + GE,2006,340213,ROOFTOP,null
98,ORANGE_ANM_REN_0031,Ambodivona,ORANGE,ANALAMANGA,ANTANANARIVO_III,CU ANTANANARIVO (Arr.III),null,-18.8922672271728,47.5256156921386,TRUE,TRUE,TRUE,FALSE,2G-3G-4G/TDD-4G+,2G-3G-4G,NON,ORANGE,JIRAMA,2006,110901,ROOFTOP,TDD-4G+
99,ORANGE_ANM_REN_0032,Ankadimbahoaka,ORANGE,ANALAMANGA,ANTANANARIVO_IV,CU ANTANANARIVO (Arr.IV),null,-18.9459400177001,47.5253944396972,TRUE,TRUE,TRUE,FALSE,2G-3G-4G/TDD,2G-3G-4G,NON,ORANGE,JIRAMA,2006,111001,ROOFTOP,TDD
100,ORANGE_ANM_NOR_0005,Panoramique,ORANGE,ANALAMANGA,ANTANANARIVO AVARADRANO,ANKADIKELY ILAFY,null,-18.8783302307128,47.5746231079101,TRUE,TRUE,TRUE,FALSE,2G-3G-4G/TDD-4G+,2G-3G-4G,NON,ORANGE,JIRAMA + GE,2006,110607,ROOFTOP,TDD-4G+
101,ORANGE_ANM_REN_0034,Mahazoarivo,ORANGE,ANALAMANGA,ANTANANARIVO_II,CU ANTANANARIVO (Arr.II),null,-18.9338302612304,47.5444717407226,TRUE,TRUE,TRUE,FALSE,2G-3G-4G/TDD-4G+,2G-3G-4G,NON,ORANGE,JIRAMA,2006,110801,ROOFTOP,TDD-4G+
102,ORANGE_ANM_NOR_0006,Ambohimanambola,ORANGE,ANALAMANGA,ANTANANARIVO AVARADRANO,ALASORA,null,-18.9383277893066,47.5949783325195,TRUE,TRUE,TRUE,FALSE,2G-3G-4G/TDD-4G+,2G-3G-4G,NON,ORANGE,JIRAMA,2006,110601,ROOFTOP,TDD-4G+
103,ORANGE_ANM_REN_0035,Besarety,ORANGE,ANALAMANGA,ANTANANARIVO_III,CU ANTANANARIVO (Arr.III),null,-18.9021110534667,47.54097366333,TRUE,TRUE,TRUE,FALSE,2G-3G-4G/TDD,2G-3G-4G,NON,ORANGE,JIRAMA,2006,110901,ROOFTOP,TDD
104,ORANGE_ANM_REN_0033,Antohomadinika,ORANGE,ANALAMANGA,ANTANANARIVO_I,CU ANTANANARIVO (Arr.I),null,-18.9022006988525,47.5133018493652,TRUE,TRUE,TRUE,FALSE,2G-3G-4G/TDD-4G+,2G-3G-4G,NON,ORANGE,JIRAMA,2006,110701,ROOFTOP,TDD-4G+
105,ORANGE_ALA_AND_0001,Andilamena,ORANGE,ALAOTRA MANGORO,ANDILAMENA,ANDILAMENA,null,-17.041389465332,48.5422210693359,TRUE,TRUE,FALSE,FALSE,2G-3G,2G-3G,NON,ORANGE,ENERGIE SOLAIRE,2006,510301,GREENFIELD,null
106,ORANGE_DIA_ABJ_0001,Ankingabe,ORANGE,DIANA,AMBANJA,ANTSAKOAMANONDRO,null,-13.5031108856201,48.5345001220703,TRUE,TRUE,FALSE,FALSE,2G-3G/Backbone,2G-3G,NON,ORANGE,ENERGIE SOLAIRE + GE,2007,210113,GREENFIELD,Backbone
107,ORANGE_BET_MAE_0001,Maevatanana,ORANGE,BETSIBOKA,MAEVATANANA,MAEVATANANA I,null,-16.9386901855468,46.8436393737792,TRUE,TRUE,FALSE,FALSE,2G-3G/Backbone,2G-3G,NON,ORANGE,ENERGIE SOLAIRE,2007,410209,GREENFIELD,Backbone
108,ORANGE_DIA_ABJ_0002,Ambanja,ORANGE,DIANA,AMBANJA,AMBANJA,null,-13.6941108703613,48.453498840332,TRUE,TRUE,TRUE,FALSE,2G-3G-4G/4G+,2G-3G-4G,NON,ORANGE,ENERGIE SOLAIRE + GE,2007,210103,GREENFIELD,4G+
109,ORANGE_BOE_AMB_0001,AmbatoBoeni,ORANGE,BOENY,AMBATO BOENI,AMBATOBOENY,null,-16.4707221984863,46.720359802246,TRUE,TRUE,TRUE,FALSE,2G-3G-4G,2G-3G-4G,NON,ORANGE,JIRAMA + GE,2007,420101,GREENFIELD,null
110,ORANGE_BOE_MAR_0002,Analibemena,ORANGE,BOENY,MAROVOAY,MAROSAKOA,null,-16.3136386871337,46.8738594055175,TRUE,TRUE,FALSE,FALSE,2G-3G/Backbone,2G-3G,NON,ORANGE,ENERGIE SOLAIRE + GE,2007,420409,GREENFIELD,Backbone
111,ORANGE_ATS_RUR_0002,Antaviambo,ORANGE,ATSINANANA,TOAMASINA II,AMPASIMADINIKA,null,-18.4477825164794,49.1811561584472,TRUE,TRUE,FALSE,FALSE,2G-3G/Backbone,2G-3G,NON,ORANGE,ENERGIE SOLAIRE + GE,2007,530604,GREENFIELD,Backbone
112,ORANGE_DIA_RUR_0001,Joffreville,ORANGE,DIANA,ANTSIRANANA II,JOFFRE-VILLE,null,-12.5086641311645,49.1902923583984,TRUE,TRUE,FALSE,FALSE,2G-3G/Backbone,2G-3G,NON,ORANGE,ENERGIE SOLAIRE + GE,2007,210414,GREENFIELD,Backbone
113,ORANGE_SOF_MAM_0001,Mampikony,ORANGE,SOFIA,MAMPIKONY,MAMPIKONY,null,-16.0825290679931,47.6522483825683,TRUE,TRUE,TRUE,FALSE,2G-3G-4G/Backbone,2G-3G-4G,NON,ORANGE,ENERGIE SOLAIRE,2007,440509,GREENFIELD,Backbone
114,ORANGE_ALA_MOR_0001,Moramanga,ORANGE,ALAOTRA MANGORO,MORAMANGA,AMBOHIBARY,null,-18.9222888946533,48.2464523315429,TRUE,TRUE,TRUE,FALSE,2G-3G-4G/Backbone,2G-3G-4G,NON,ORANGE,JIRAMA + GE,2007,510503,GREENFIELD,Backbone
115,ORANGE_DIA_NOS_0005,NosyBeLaVigie,ORANGE,DIANA,NOSY-BE,CU NOSY-BE,null,-13.4081945419311,48.2583885192871,TRUE,TRUE,TRUE,FALSE,2G-3G-4G/TDD,2G-3G-4G,NON,ORANGE,JIRAMA + GE,2007,210501,GREENFIELD,TDD
116,ORANGE_SOF_BOR_0001,PortBerger,ORANGE,SOFIA,PORT-BERGE,PORT-BERGE,null,-15.567889213562,47.6208343505859,TRUE,TRUE,TRUE,FALSE,2G-3G-4G,2G-3G-4G,NON,ORANGE,JIRAMA + GE,2007,440711,GREENFIELD,null
117,ORANGE_SAV_SAM_0002,Sambava1,ORANGE,SAVA,SAMBAVA,SAMBAVA,null,-14.2864141464233,50.1585426330566,TRUE,TRUE,TRUE,FALSE,2G-3G-4G/Backbone-TDD-4G+,2G-3G-4G,NON,ORANGE,JIRAMA + GE,2007,220325,GREENFIELD,Backbone-TDD-4G+
118,ORANGE_SAV_VOH_0001,Vohemar,ORANGE,SAVA,VOHEMAR,VOHEMAR,null,-13.3888454437255,49.9982833862304,TRUE,TRUE,TRUE,FALSE,2G-3G-4G/Backbone-4G+,2G-3G-4G,NON,ORANGE,JIRAMA + GE,2007,220419,GREENFIELD,Backbone-4G+
119,ORANGE_ANM_ANK_0001,Ankazobe,ORANGE,ANALAMANGA,ANKAZOBE,ANKAZOBE,null,-18.3053340911865,47.1065559387207,TRUE,TRUE,FALSE,FALSE,2G-3G/Backbone,2G-3G,NON,ORANGE,ENERGIE SOLAIRE + GE,2007,110403,GREENFIELD,Backbone
120,ORANGE_BOE_AMB_0002,Ambondromamy,ORANGE,BOENY,AMBATO BOENI,AMBONDROMAMY,null,-16.4452228546142,47.1846389770507,TRUE,TRUE,FALSE,FALSE,2G-3G/Backbone,2G-3G,NON,ORANGE,ENERGIE SOLAIRE + GE,2007,420102,GREENFIELD,Backbone
121,ORANGE_ALA_AMP_0001,Tanambe,ORANGE,ALAOTRA MANGORO,AMPARAFARAVOLA,AMBODIMANGA,null,-17.3511619567871,48.4730072021484,TRUE,TRUE,FALSE,FALSE,2G-3G,2G-3G,NON,ORANGE,ENERGIE SOLAIRE,2007,510203,GREENFIELD,null
122,ORANGE_ANM_REN_0036,Ambanidia,ORANGE,ANALAMANGA,ANTANANARIVO_II,CU ANTANANARIVO (Arr.II),null,-18.9198608398437,47.5369453430175,TRUE,TRUE,TRUE,FALSE,2G-3G-4G/TDD-4G+,2G-3G-4G,NON,ORANGE,JIRAMA,2007,110801,ROOFTOP,TDD-4G+
123,ORANGE_AAN_MOR_0001,Morombe,ORANGE,ATSIMO ANDREFANA,MOROMBE,MOROMBE,null,-21.7471523284912,43.357738494873,TRUE,TRUE,FALSE,FALSE,2G-3G,2G-3G,NON,ORANGE,JIRAMA + GE,2007,630607,GREENFIELD,null
124,ORANGE_ANM_REN_0037,Soavimasoandro,ORANGE,ANALAMANGA,ANTANANARIVO_V,CU ANTANANARIVO (Arr.V),null,-18.863332748413,47.5182762145996,TRUE,TRUE,TRUE,FALSE,2G-3G-4G/TDD,2G-3G-4G,NON,ORANGE,JIRAMA,2007,111101,ROOFTOP,TDD
125,ORANGE_ANM_REN_0038,67HaCentre,ORANGE,ANALAMANGA,ANTANANARIVO_I,CU ANTANANARIVO (Arr.I),null,-18.9095878601074,47.5059928894042,TRUE,TRUE,TRUE,FALSE,2G-3G-4G/4G+,2G-3G-4G,NON,ORANGE,JIRAMA,2007,110701,ROOFTOP,4G+
126,ORANGE_SOF_BEA_0001,Bealanana,ORANGE,SOFIA,BEALANANA,BEALALANA,null,-14.5378904342651,48.745506286621,TRUE,TRUE,TRUE,FALSE,2G-3G-4G,2G-3G-4G,NON,ORANGE,JIRAMA + GE,2007,440315,GREENFIELD,null
127,ORANGE_VAK_URB_0002,AntsirabeTsihitamaso,ORANGE,VAKINANKARATRA,ANTSIRABE I,ANTSIRABE,null,-19.858055114746,47.0311393737792,TRUE,TRUE,TRUE,FALSE,2G-3G-4G,2G-3G-4G,NON,ORANGE,JIRAMA,2007,140301,ROOFTOP,null
128,ORANGE_ANM_REN_0040,Marivolanitra,ORANGE,ANALAMANGA,ANTANANARIVO_I,CU ANTANANARIVO (Arr.I),null,-18.9161338806152,47.5297393798828,TRUE,TRUE,TRUE,FALSE,2G-3G-4G/4G+,2G-3G-4G,NON,ORANGE,JIRAMA,2007,110701,ROOFTOP,4G+
129,ORANGE_ANM_REN_0039,Ankatso,ORANGE,ANALAMANGA,ANTANANARIVO_II,CU ANTANANARIVO (Arr.II),null,-18.9154167175292,47.5655555725097,TRUE,TRUE,TRUE,FALSE,2G-3G-4G/TDD-4G+,2G-3G-4G,NON,ORANGE,JIRAMA,2007,110801,ROOFTOP,TDD-4G+
130,ORANGE_ANM_REN_0042,IvandryTELMA,ORANGE,ANALAMANGA,ANTANANARIVO_V,CU ANTANANARIVO (Arr.V),null,-18.8688335418701,47.5287780761718,TRUE,TRUE,TRUE,FALSE,2G-3G-4G/TDD-4G+,2G-3G-4G,NON,TOA,ENERGIE TOM,2007,111101,GREENFIELD,TDD-4G+
131,ORANGE_ANM_REN_0041,Stadium,ORANGE,ANALAMANGA,ANTANANARIVO_IV,CU ANTANANARIVO (Arr.IV),null,-18.9204998016357,47.5294456481933,TRUE,TRUE,TRUE,FALSE,2G-3G-4G/TDD-4G+,2G-3G-4G,NON,ORANGE,JIRAMA,2007,111001,ROOFTOP,TDD-4G+
132,ORANGE_ANM_REN_0043,Isoraka2,ORANGE,ANALAMANGA,ANTANANARIVO_I,CU ANTANANARIVO (Arr.I),null,-18.9088897705078,47.5175018310546,TRUE,TRUE,TRUE,FALSE,2G-3G-4G,2G-3G-4G,NON,ORANGE,JIRAMA,2007,110701,ROOFTOP,null
133,ORANGE_BOE_URB_0004,MajungaPatel,ORANGE,BOENY,MAHAJANGA I,MAHAJANGA,null,-15.7134447097778,46.3192481994628,TRUE,TRUE,TRUE,FALSE,2G-3G-4G/TDD-4G+,2G-3G-4G,NON,ORANGE,JIRAMA + GE,2007,420201,ROOFTOP,TDD-4G+
134,ORANGE_ANM_AMB_0006,Ambohibao,ORANGE,ANALAMANGA,AMBOHIDRATRIMO,ANTEHIROKA,null,-18.8448047637939,47.4745292663574,TRUE,TRUE,TRUE,FALSE,2G-3G-4G/TDD,2G-3G-4G,NON,ORANGE,JIRAMA,2007,110112,GREENFIELD,TDD
135,ORANGE_MEN_MOR_0002,Morondava2,ORANGE,MENABE,MORONDAVA,MORONDAVA,null,-20.2956008911132,44.304401397705,TRUE,TRUE,TRUE,FALSE,2G-3G-4G/Backbone,2G-3G-4G,NON,ORANGE,JIRAMA + GE,2007,640505,GREENFIELD,Backbone
136,ORANGE_SOF_BEF_0001,Befandriana,ORANGE,SOFIA,BEFANDRIANA NORD,BEFANDRIANA NORD,null,-15.2578134536743,48.5431938171386,TRUE,TRUE,TRUE,FALSE,2G-3G-4G,2G-3G-4G,NON,ORANGE,JIRAMA + GE,2007,440407,GREENFIELD,null
137,ORANGE_ANM_REN_0044,ResidenceRova,ORANGE,ANALAMANGA,ANTANANARIVO_II,CU ANTANANARIVO (Arr.II),null,-18.9150810241699,47.5319137573242,TRUE,TRUE,TRUE,FALSE,2G-3G-4G/TDD,2G-3G-4G,NON,ORANGE,JIRAMA,2007,110801,ROOFTOP,TDD
502,ORANGE_AMO_FAN_0003,Sandrandahy,ORANGE,AMORON'I MANIA,FANDRIANA,SANDRANDAHY,null,-20.3727779388427,47.2770843505859,TRUE,FALSE,FALSE,FALSE,2G,2G,NON,TOA,ENERGIE TOM,2014,310311,GREENFIELD,null
138,ORANGE_MEN_MAH_0001,Mahabo,ORANGE,MENABE,MAHABO,MAHABO,null,-20.3787784576416,44.6682510375976,TRUE,TRUE,FALSE,FALSE,2G-3G/Backbone,2G-3G,NON,ORANGE,JIRAMA + GE,2007,640208,GREENFIELD,Backbone
139,ORANGE_ANM_REN_0046,Manarintsoa,ORANGE,ANALAMANGA,ANTANANARIVO_I,CU ANTANANARIVO (Arr.I),null,-18.9108333587646,47.512222290039,TRUE,TRUE,TRUE,FALSE,2G-3G-4G/TDD-4G+,2G-3G-4G,NON,ORANGE,JIRAMA,2007,110701,ROOFTOP,TDD-4G+
140,ORANGE_ANM_REN_0045,Amboditsiry,ORANGE,ANALAMANGA,ANTANANARIVO_V,CU ANTANANARIVO (Arr.V),null,-18.8869438171386,47.5405540466308,TRUE,TRUE,TRUE,FALSE,2G-3G-4G/TDD-4G+,2G-3G-4G,NON,ORANGE,JIRAMA,2007,111101,ROOFTOP,TDD-4G+
141,ORANGE_ANM_REN_0047,Tsiazotafo,ORANGE,ANALAMANGA,ANTANANARIVO_I,CU ANTANANARIVO (Arr.I),null,-18.9039344787597,47.5260963439941,TRUE,TRUE,TRUE,FALSE,2G-3G-4G/TDD,2G-3G-4G,NON,ORANGE,JIRAMA,2007,110701,ROOFTOP,TDD
142,ORANGE_ANM_REN_0048,Ambohibarikely,ORANGE,ANALAMANGA,ANTANANARIVO_IV,CU ANTANANARIVO (Arr.IV),null,-18.923749923706,47.5171661376953,TRUE,TRUE,TRUE,FALSE,2G-3G-4G/TDD-4G+,2G-3G-4G,NON,ORANGE,JIRAMA,2007,111001,ROOFTOP,TDD-4G+
143,ORANGE_ALA_MOR_0002,Moramanga2,ORANGE,ALAOTRA MANGORO,MORAMANGA,MORAMANGA,null,-18.9466152191162,48.2300682067871,TRUE,TRUE,TRUE,FALSE,2G-3G-4G,2G-3G-4G,NON,ORANGE,JIRAMA + GE,2007,510518,ROOFTOP,null
144,ORANGE_DIA_URB_0006,DiegoMamoudMakamba,ORANGE,DIANA,ANTSIRANANA I,ANTSIRANANA,null,-12.2986106872558,49.2983322143554,TRUE,TRUE,TRUE,FALSE,2G-3G-4G,2G-3G-4G,NON,ORANGE,JIRAMA + GE,2007,210301,GREENFIELD,null
145,ORANGE_ANM_REN_0049,Ambatobe2,ORANGE,ANALAMANGA,ANTANANARIVO_V,CU ANTANANARIVO (Arr.V),null,-18.879222869873,47.5564727783203,TRUE,TRUE,TRUE,FALSE,2G-3G-4G/TDD-4G+,2G-3G-4G,NON,ORANGE,JIRAMA + GE,2007,111101,GREENFIELD,TDD-4G+
146,ORANGE_ALA_MOR_0003,Maromiza,ORANGE,ALAOTRA MANGORO,MORAMANGA,ANDASIBE,null,-18.94380569458,48.455696105957,TRUE,TRUE,FALSE,FALSE,2G-3G/Backbone,2G-3G,NON,ORANGE,ENERGIE SOLAIRE + GE,2007,510508,GREENFIELD,Backbone
147,ORANGE_ATS_BRI_0002,Sahamamy,ORANGE,ATSINANANA,BRICKAVILLE,RANOMAFANA EST,null,-18.9654159545898,48.7842483520507,TRUE,TRUE,TRUE,FALSE,2G-3G-4G/Backbone,2G-3G-4G,NON,ORANGE,ENERGIE SOLAIRE + GE,2007,530215,GREENFIELD,Backbone
148,ORANGE_ITA_ARI_0003,Imerintsiatosika,ORANGE,ITASY,ARIVONIMAMO,IMERINTSIATOSIKA,null,-18.9804992675781,47.3294715881347,TRUE,TRUE,TRUE,FALSE,2G-3G-4G,2G-3G-4G,NON,ORANGE,JIRAMA,2007,130115,ROOFTOP,null
149,ORANGE_DIA_RUR_0003,Marotaolana,ORANGE,DIANA,ANTSIRANANA II,ANIVORANO NORD,null,-12.8145275115966,49.2403907775878,TRUE,TRUE,FALSE,FALSE,2G-3G/Backbone,2G-3G,NON,ORANGE,ENERGIE SOLAIRE + GE,2007,210405,GREENFIELD,Backbone
150,ORANGE_ANO_TAO_0003,FortDauphin3,ORANGE,ANOSY,TAOLANARO,TOLAGNARO,null,-25.0241661071777,46.974998474121,TRUE,TRUE,TRUE,FALSE,2G-3G-4G,2G-3G-4G,NON,ORANGE,JIRAMA + GE,2007,620327,GREENFIELD,null
151,ORANGE_ATS_URB_0007,TamaVerrerie,ORANGE,ATSINANANA,TOAMASINA I,CU TOAMASINA arr. MORARANO,null,-18.1610088348388,49.3907661437988,TRUE,TRUE,TRUE,FALSE,2G-3G-4G/Backbone-TDD-4G+,2G-3G-4G,NON,ORANGE,JIRAMA + GE,2007,530504,GREENFIELD,Backbone-TDD-4G+
152,ORANGE_ATS_URB_0006,TamaAnkirihiry,ORANGE,ATSINANANA,TOAMASINA I,CU TOAMASINA arr. ANKIRIHIRY,null,-18.1436119079589,49.3963890075683,TRUE,TRUE,TRUE,FALSE,2G-3G-4G/TDD-4G+,2G-3G-4G,NON,ORANGE,JIRAMA + GE,2007,530503,GREENFIELD,TDD-4G+
153,ORANGE_ATS_URB_0008,TamaAnjoma,ORANGE,ATSINANANA,TOAMASINA I,CU TOAMASINA,null,-18.159589767456,49.4102554321289,TRUE,TRUE,TRUE,FALSE,2G-3G-4G/4G+,2G-3G-4G,NON,ORANGE,JIRAMA + GE,2007,530501,ROOFTOP,4G+
154,ORANGE_ANM_REN_0050,AnjanaharyCentre,ORANGE,ANALAMANGA,ANTANANARIVO_V,CU ANTANANARIVO (Arr.V),null,-18.8952770233154,47.5368614196777,TRUE,TRUE,TRUE,FALSE,2G-3G-4G/TDD-4G+,2G-3G-4G,NON,ORANGE,JIRAMA,2007,111101,ROOFTOP,TDD-4G+
155,ORANGE_VAK_ANT_0001,Sambaina,ORANGE,VAKINANKARATRA,ANTANIFOTSY,SOAMANANDRARINY,null,-19.5899543762207,47.2003593444824,TRUE,TRUE,FALSE,FALSE,2G-3G/Backbone,2G-3G,NON,ORANGE,ENERGIE SOLAIRE,2007,140214,GREENFIELD,Backbone
156,ORANGE_VAK_URB_0003,AntsirabeAmpatana,ORANGE,VAKINANKARATRA,ANTSIRABE I,ANTSIRABE,null,-19.8744449615478,47.0327949523925,TRUE,TRUE,TRUE,FALSE,2G-3G-4G/TDD,2G-3G-4G,NON,ORANGE,JIRAMA,2007,140301,GREENFIELD,TDD
157,ORANGE_VAK_BET_0001,Betafo,ORANGE,VAKINANKARATRA,BETAFO,MANDRITSARA,null,-19.8491058349609,46.8904418945312,TRUE,TRUE,FALSE,FALSE,2G-3G/Backbone,2G-3G,NON,ORANGE,ENERGIE TOM,2007,140510,GREENFIELD,Backbone
158,ORANGE_MEN_MIA_0001,Miandrivazo,ORANGE,MENABE,MIANDRIVAZO,ANDRANOMAINTY,null,-19.5461673736572,45.4557228088378,TRUE,TRUE,FALSE,FALSE,2G-3G/Backbone,2G-3G,NON,ORANGE,ENERGIE SOLAIRE,2007,640416,GREENFIELD,Backbone
159,ORANGE_ANM_ANJ_0001,Anjozorobe,ORANGE,ANALAMANGA,ANJOZOROBE,ANJOZOROBE,null,-18.3965549468994,47.8891677856445,TRUE,TRUE,FALSE,FALSE,2G-3G,2G-3G,NON,TOA,ENERGIE TOM,2007,110311,GREENFIELD,null
160,ORANGE_SAV_ANT_0002,Vinanivao,ORANGE,SAVA,ANTALAHA,VINANIVAO,null,-15.889666557312,50.2524452209472,TRUE,TRUE,FALSE,FALSE,2G-3G/Backbone,2G-3G,NON,ORANGE,ENERGIE SOLAIRE + GE,2007,220216,GREENFIELD,Backbone
161,ORANGE_BOE_URB_0005,MajungaAbattoir,ORANGE,BOENY,MAHAJANGA I,MAHAJANGA,null,-15.7192802429199,46.3238830566406,TRUE,TRUE,TRUE,FALSE,2G-3G-4G/TDD-4G+,2G-3G-4G,NON,ORANGE,JIRAMA + GE,2007,420201,ROOFTOP,TDD-4G+
162,ORANGE_ANM_REN_0051,Fiadanana,ORANGE,ANALAMANGA,ANTANANARIVO_IV,CU ANTANANARIVO (Arr.IV),null,-18.9356117248535,47.5243911743164,TRUE,TRUE,TRUE,FALSE,2G-3G-4G/TDD-4G+,2G-3G-4G,NON,ORANGE,JIRAMA,2007,111001,ROOFTOP,TDD-4G+
163,ORANGE_ANM_SUD_0009,Tongarivo,ORANGE,ANALAMANGA,ANTANANARIVO ATSIMONDRANO,ANDOHARANOFOTSY,null,-18.9698963165283,47.5297164916992,TRUE,TRUE,TRUE,FALSE,2G-3G-4G/TDD-4G+,2G-3G-4G,NON,ORANGE,JIRAMA,2007,110511,ROOFTOP,TDD-4G+
164,ORANGE_ANM_REN_0052,Isoraka3,ORANGE,ANALAMANGA,ANTANANARIVO_I,CU ANTANANARIVO (Arr.I),null,-18.9124164581298,47.5208320617675,TRUE,TRUE,TRUE,FALSE,2G-3G-4G/TDD-4G+,2G-3G-4G,NON,ORANGE,JIRAMA,2007,110701,ROOFTOP,TDD-4G+
165,ORANGE_MAT_URB_0003,FianaraAnkofafa,ORANGE,MATSIATRA AMBONY,FIANARANTSOA,CU FIANARANTSOA,null,-21.4308605194091,47.1101951599121,TRUE,TRUE,TRUE,FALSE,2G-3G-4G/TDD,2G-3G-4G,NON,ORANGE,JIRAMA,2008,330301,GREENFIELD,TDD
166,ORANGE_ANM_REN_0053,Nanisana,ORANGE,ANALAMANGA,ANTANANARIVO_V,CU ANTANANARIVO (Arr.V),null,-18.8926029205322,47.5560836791992,TRUE,TRUE,TRUE,FALSE,2G-3G-4G/4G+,2G-3G-4G,NON,ORANGE,JIRAMA,2008,111101,ROOFTOP,4G+
167,ORANGE_MAT_MAH_0001,Ambohimahasoa,ORANGE,MATSIATRA AMBONY,AMBOHIMAHASOA,AMBOHIMAHASOA,null,-21.1078758239746,47.2211799621582,TRUE,TRUE,FALSE,FALSE,2G-3G,2G-3G,NON,ORANGE,JIRAMA + GE,2008,330203,GREENFIELD,null
168,ORANGE_SOF_ANA_0001,Analalava,ORANGE,SOFIA,ANALALAVA,ANALALAVA,null,-14.6348304748535,47.7512397766113,TRUE,TRUE,FALSE,FALSE,2G-3G,2G-3G,NON,ORANGE,ENERGIE SOLAIRE,2008,440104,GREENFIELD,null
169,ORANGE_ALA_AMP_0002,Amparafaravola,ORANGE,ALAOTRA MANGORO,AMPARAFARAVOLA,AMPARAFARAVOLA,null,-17.5800056457519,48.2277908325195,TRUE,TRUE,FALSE,FALSE,2G-3G,2G-3G,NON,ORANGE,JIRAMA + GE,2008,510207,GREENFIELD,null
170,ORANGE_SOF_MAN_0001,Mandritsara,ORANGE,SOFIA,MANDRITSARA,MANDRITSARA,null,-15.8424444198608,48.8284454345703,TRUE,TRUE,TRUE,FALSE,2G-3G-4G,2G-3G-4G,NON,ORANGE,JIRAMA + GE,2008,440624,GREENFIELD,null
171,ORANGE_ANM_MAN_0002,Manjakandriana,ORANGE,ANALAMANGA,MANJAKANDRIANA,MANJAKANDRIANA,null,-18.9143600463867,47.830020904541,TRUE,TRUE,TRUE,FALSE,2G-3G-4G,2G-3G-4G,NON,ORANGE,ENERGIE SOLAIRE,2008,111317,GREENFIELD,null
172,ORANGE_VAK_FAR_0001,Faratsiho,ORANGE,VAKINANKARATRA,FARATSIHO,FARATSIHO,null,-19.3980560302734,46.9750823974609,TRUE,TRUE,FALSE,FALSE,2G-3G/Backbone,2G-3G,NON,ORANGE,ENERGIE SOLAIRE + GE,2008,140604,GREENFIELD,Backbone
173,ORANGE_DIA_NOS_0007,NosyBeHellville,ORANGE,DIANA,NOSY-BE,CU NOSY-BE,null,-13.4057998657226,48.2743988037109,TRUE,TRUE,TRUE,FALSE,2G-3G-4G/4G+,2G-3G-4G,NON,TOA,ENERGIE TOM,2008,210501,GREENFIELD,4G+
174,ORANGE_AAN_RUR_0002,TulearAndranomena,ORANGE,ATSIMO ANDREFANA,TOLIARY II,BETSINJAKA,null,-23.3649997711181,43.7066650390625,TRUE,TRUE,TRUE,FALSE,2G-3G-4G,2G-3G-4G,OUI,ORANGE,JIRAMA + GE,2008,630913,GREENFIELD,null
175,ORANGE_MEL_BES_0001,Besalampy,ORANGE,MELAKY,BESALAMPY,BESALAMPY,null,-16.7584781646728,44.4984092712402,TRUE,TRUE,FALSE,FALSE,2G-3G,2G-3G,NON,ORANGE,ENERGIE SOLAIRE,2008,430305,GREENFIELD,null
176,ORANGE_ANM_AMB_0007,Ambohijanahary,ORANGE,ANALAMANGA,AMBOHIDRATRIMO,ANTEHIROKA,null,-18.8269443511962,47.4863891601562,TRUE,TRUE,TRUE,FALSE,2G-3G-4G/TDD-4G+,2G-3G-4G,NON,ORANGE,JIRAMA + GE,2008,110112,GREENFIELD,TDD-4G+
177,ORANGE_ANJ_MAR_0002,Rantabe,ORANGE,ANALANJIROFO,MAROANTSETRA,RANTABE,null,-15.7071189880371,49.6468963623046,TRUE,TRUE,FALSE,FALSE,2G-3G,2G-3G,NON,ORANGE,ENERGIE SOLAIRE,2008,520317,GREENFIELD,null
178,ORANGE_ANM_NOR_0007,Talatavolonondry,ORANGE,ANALAMANGA,ANTANANARIVO AVARADRANO,TALATA VOLONONDRY,null,-18.7495555877685,47.6447486877441,TRUE,TRUE,TRUE,FALSE,2G-3G-4G,2G-3G-4G,NON,ORANGE SHARED,JIRAMA + GE,2008,110613,GREENFIELD,null
179,ORANGE_ANM_REN_0054,Vasakosy,ORANGE,ANALAMANGA,ANTANANARIVO_III,CU ANTANANARIVO (Arr.III),null,-18.8975276947021,47.5187225341796,TRUE,TRUE,TRUE,FALSE,2G-3G-4G/TDD-4G+,2G-3G-4G,NON,ORANGE,JIRAMA,2008,110901,ROOFTOP,TDD-4G+
180,ORANGE_ITA_MIA_0002,Analavory,ORANGE,ITASY,MIARINARIVO,ANALAVORY,null,-18.9654788970947,46.7020378112792,TRUE,TRUE,TRUE,FALSE,2G-3G-4G,2G-3G-4G,NON,ORANGE,ENERGIE SOLAIRE,2008,130203,GREENFIELD,null
181,ORANGE_ANJ_STM_0003,SainteMarieLonkintsy,ORANGE,ANALANJIROFO,SAINTE MARIE,SAINTE MARIE,null,-16.8781394958496,49.8943061828613,TRUE,TRUE,TRUE,FALSE,2G-3G-4G,2G-3G-4G,NON,ORANGE,JIRAMA + GE,2008,520401,GREENFIELD,null
182,ORANGE_VAK_BET_0002,Manarilefona,ORANGE,VAKINANKARATRA,BETAFO,AMBATONIKOLAHY,null,-19.6602993011474,46.9930992126464,TRUE,TRUE,FALSE,FALSE,2G-3G/Backbone,2G-3G,NON,ORANGE,ENERGIE SOLAIRE,2008,140504,GREENFIELD,Backbone
184,ORANGE_ANM_AMB_0008,Talatamaty2,ORANGE,ANALAMANGA,AMBOHIDRATRIMO,TALATAMATY,null,-18.8422508239746,47.4673767089843,TRUE,TRUE,TRUE,FALSE,2G-3G-4G/TDD-4G+,2G-3G-4G,NON,ORANGE,JIRAMA + GE,2008,110125,ROOFTOP,TDD-4G+
185,ORANGE_MEN_MOR_0003,Analaiva,ORANGE,MENABE,MORONDAVA,ANALAIVA,null,-20.3248062133789,44.5021934509277,TRUE,TRUE,FALSE,FALSE,2G-3G/Backbone,2G-3G,NON,ORANGE,GE,2008,640501,GREENFIELD,Backbone
186,ORANGE_ANO_TAO_0004,FortDauphinQMM,ORANGE,ANOSY,TAOLANARO,AMPASY NAHAMPOANA,null,-24.9576091766357,47.0113677978515,TRUE,TRUE,TRUE,FALSE,2G-3G-4G,2G-3G-4G,NON,QMM,ENERGIE TIERS,2008,620303,GREENFIELD,null
187,ORANGE_IHO_IHO_0004,Ihosy2,ORANGE,IHOROMBE,IHOSY,IHOSY,null,-22.4000282287597,46.1256370544433,TRUE,TRUE,TRUE,FALSE,2G-3G-4G/Backbone,2G-3G-4G,NON,ORANGE,JIRAMA + GE,2008,340208,GREENFIELD,Backbone
188,ORANGE_FIT_MAN_0001,ManakaraTOM,ORANGE,FITOVINANY,MANAKARA,MANAKARA,null,-22.1481456756591,48.0130195617675,TRUE,TRUE,TRUE,FALSE,2G-3G-4G,2G-3G-4G,NON,TOA,JIRAMA + GE,2008,350224,GREENFIELD,null
189,ORANGE_VAT_IFA_0001,Ifanadiana,ORANGE,VATOVAVY,IFANADIANA,IFANADIANA,null,-21.3048801422119,47.6314849853515,TRUE,TRUE,FALSE,FALSE,2G-3G,2G-3G,NON,ORANGE,ENERGIE SOLAIRE,2008,360108,GREENFIELD,null
190,ORANGE_ITA_ARI_0004,Ambatomirahavavy,ORANGE,ITASY,ARIVONIMAMO,AMBATOMIRAHAVAVY,null,-18.9534797668457,47.3984413146972,TRUE,TRUE,TRUE,FALSE,2G-3G-4G/TDD,2G-3G-4G,NON,ORANGE,ENERGIE SOLAIRE + GE,2008,130103,GREENFIELD,TDD
191,ORANGE_ANM_SUD_0010,Andranonahoatra,ORANGE,ANALAMANGA,ANTANANARIVO ATSIMONDRANO,ITAOSY,null,-18.9184780120849,47.4723320007324,TRUE,TRUE,TRUE,FALSE,2G-3G-4G/TDD-4G+,2G-3G-4G,NON,ORANGE,JIRAMA,2008,110522,ROOFTOP,TDD-4G+
192,ORANGE_VAK_ANT_0002,Ambohimandroso,ORANGE,VAKINANKARATRA,ANTANIFOTSY,AMBOHIMANDROSO,null,-19.5253067016601,47.398998260498,TRUE,TRUE,FALSE,FALSE,2G-3G,2G-3G,NON,ORANGE,ENERGIE SOLAIRE,2008,140205,GREENFIELD,null
193,ORANGE_VAK_ANT_0003,Antanifotsy,ORANGE,VAKINANKARATRA,ANTANIFOTSY,ANTANIFOTSY,null,-19.6499996185302,47.3292007446289,TRUE,TRUE,FALSE,FALSE,2G-3G,2G-3G,NON,ORANGE,ENERGIE SOLAIRE,2008,140209,GREENFIELD,null
194,ORANGE_ANM_REN_0055,Faravohitra,ORANGE,ANALAMANGA,ANTANANARIVO_I,CU ANTANANARIVO (Arr.I),null,-18.9063892364501,47.5280570983886,TRUE,TRUE,TRUE,FALSE,2G-3G-4G/TDD,2G-3G-4G,NON,ORANGE,JIRAMA,2008,110701,ROOFTOP,TDD
195,ORANGE_SAV_VOH_0002,AntsirabeNord,ORANGE,SAVA,VOHEMAR,ANTSIRABE NORD,null,-13.9859724044799,49.9715843200683,TRUE,TRUE,FALSE,FALSE,2G-3G,2G-3G,NON,ORANGE,ENERGIE SOLAIRE + GE,2008,220410,GREENFIELD,null
196,ORANGE_SAV_VOH_0003,Daraina,ORANGE,SAVA,VOHEMAR,DARAINA,null,-13.2030553817749,49.69038772583,TRUE,TRUE,FALSE,FALSE,2G-3G,2G-3G,NON,ORANGE,ENERGIE SOLAIRE,2008,220413,GREENFIELD,null
197,ORANGE_BET_MAE_0002,Antsiafabositra,ORANGE,BETSIBOKA,MAEVATANANA,ANTSIAFABOSITRA,null,-17.3037490844726,46.9398880004882,TRUE,TRUE,FALSE,FALSE,2G-3G/Backbone,2G-3G,NON,ORANGE,ENERGIE SOLAIRE,2008,410205,GREENFIELD,Backbone
198,ORANGE_ANJ_FEN_0001,Mahambo,ORANGE,ANALANJIROFO,FENERIVE EST,MAHAMBO,null,-17.4874172210693,49.451416015625,TRUE,TRUE,TRUE,FALSE,2G-3G-4G,2G-3G-4G,NON,ORANGE,ENERGIE SOLAIRE,2008,520107,GREENFIELD,null
199,ORANGE_VAK_RUR_0001,Andranomanelatra,ORANGE,VAKINANKARATRA,ANTSIRABE II,ANDRANOMANELATRA,null,-19.7866382598876,47.1120262145996,TRUE,TRUE,TRUE,FALSE,2G-3G-4G,2G-3G-4G,NON,ORANGE,ENERGIE SOLAIRE,2008,140409,GREENFIELD,null
200,ORANGE_ANM_SUD_0011,Tsiafahy,ORANGE,ANALAMANGA,ANTANANARIVO ATSIMONDRANO,TSIAFAHY,null,-19.0361385345458,47.5591392517089,TRUE,TRUE,TRUE,FALSE,2G-3G-4G/TDD,2G-3G-4G,NON,ORANGE,ENERGIE SOLAIRE + GE,2008,110526,GREENFIELD,TDD
201,ORANGE_MAT_LAL_0001,AlakamisyAmbohima,ORANGE,MATSIATRA AMBONY,LALANGINA,ALAKAMISY AMBOHIMAHA,null,-21.2815570831298,47.2447547912597,TRUE,TRUE,FALSE,FALSE,2G-3G,2G-3G,NON,ORANGE,ENERGIE SOLAIRE,2008,330701,GREENFIELD,null
202,ORANGE_ATS_MAH_0001,Mahanoro,ORANGE,ATSINANANA,MAHANORO,MAHANORO,null,-19.905834197998,48.8161926269531,TRUE,TRUE,FALSE,FALSE,2G-3G/Backbone,2G-3G,NON,ORANGE,JIRAMA + GE,2008,530308,GREENFIELD,Backbone
203,ORANGE_AMO_ABS_0002,Imerinimady,ORANGE,AMORON'I MANIA,AMBOSITRA,IMERINA IMADY,null,-20.5222225189208,47.3171958923339,TRUE,FALSE,FALSE,FALSE,2G,2G,NON,ORANGE,ENERGIE SOLAIRE,2008,310215,GREENFIELD,null
204,ORANGE_AMO_ABF_0001,Ambatofinandrahana,ORANGE,AMORON'I MANIA,AMBATOFINANDRAHANA,AMBATOFINANDRAHANA,null,-20.5388069152832,46.8167037963867,TRUE,TRUE,FALSE,FALSE,2G-3G,2G-3G,NON,ORANGE,ENERGIE SOLAIRE,2008,310101,GREENFIELD,null
205,ORANGE_ANO_TAO_0005,FortDauphinAmpasikabo,ORANGE,ANOSY,TAOLANARO,TOLAGNARO,null,-25.0286674499511,46.9896392822265,TRUE,TRUE,TRUE,FALSE,2G-3G-4G/Backbone,2G-3G-4G,NON,ORANGE,JIRAMA + GE,2008,620327,GREENFIELD,Backbone
206,ORANGE_MAT_URB_0004,FianaraAmpasambazaha,ORANGE,MATSIATRA AMBONY,FIANARANTSOA,CU FIANARANTSOA,null,-21.4471111297607,47.0887794494628,TRUE,TRUE,TRUE,FALSE,2G-3G-4G/TDD,2G-3G-4G,NON,ORANGE,JIRAMA,2008,330301,GREENFIELD,TDD
207,ORANGE_VAT_IFA_0002,Ranomafana,ORANGE,VATOVAVY,IFANADIANA,RANOMAFANA,null,-21.2603893280029,47.4451675415039,TRUE,TRUE,TRUE,FALSE,2G-3G-4G,2G-3G-4G,NON,ORANGE,ENERGIE SOLAIRE,2008,360112,GREENFIELD,null
208,ORANGE_ANO_BET_0001,Betroka,ORANGE,ANOSY,BETROKA,BETROKA,null,-23.2702503204345,46.104637145996,TRUE,TRUE,FALSE,FALSE,2G-3G,2G-3G,NON,ORANGE,ENERGIE SOLAIRE,2008,620209,GREENFIELD,null
209,ORANGE_SAV_SAM_0003,Sambava3,ORANGE,SAVA,SAMBAVA,SAMBAVA,null,-14.2627153396606,50.1392211914062,TRUE,TRUE,TRUE,FALSE,2G-3G-4G/TDD-4G+,2G-3G-4G,NON,ORANGE,JIRAMA + GE,2008,220325,ROOFTOP,TDD-4G+
210,ORANGE_AAN_RUR_0003,Tulear4,ORANGE,ATSIMO ANDREFANA,TOLIARY II,MITSINJO BETANIMENA,null,-23.3396167755126,43.6834564208984,TRUE,TRUE,TRUE,FALSE,2G-3G-4G,2G-3G-4G,NON,ORANGE,JIRAMA,2008,630920,GREENFIELD,null
211,ORANGE_FIT_VOH_0001,Vohipeno,ORANGE,FITOVINANY,VOHIPENO,VOHIPENO,null,-22.3583335876464,47.8401947021484,TRUE,TRUE,FALSE,FALSE,2G-3G,2G-3G,NON,ORANGE,ENERGIE SOLAIRE,2008,350318,GREENFIELD,null
212,ORANGE_AAN_AMP_0001,Ampanihy,ORANGE,ATSIMO ANDREFANA,AMPANIHY OUEST,AMPANIHY CENTRE,null,-24.6905269622802,44.7489433288574,TRUE,TRUE,FALSE,FALSE,2G-3G,2G-3G,NON,ORANGE,ENERGIE SOLAIRE,2008,630102,GREENFIELD,null
213,ORANGE_ANM_AND_0001,Andramasina,ORANGE,ANALAMANGA,ANDRAMASINA,ANDRAMASINA,null,-19.1881675720214,47.5849456787109,TRUE,TRUE,FALSE,FALSE,2G-3G,2G-3G,NON,ORANGE,ENERGIE SOLAIRE,2008,110205,GREENFIELD,null
214,ORANGE_BET_MAE_0003,Andriba,ORANGE,BETSIBOKA,MAEVATANANA,ANDRIBA,null,-17.6087226867675,46.9661102294921,TRUE,FALSE,FALSE,FALSE,2G/Backbone,2G,NON,ORANGE,ENERGIE SOLAIRE,2008,410203,GREENFIELD,Backbone
215,ORANGE_AAT_VON_0001,Vondrozo,ORANGE,ATSIMO ATSINANANA,VONDROZO,VONDROZO,null,-22.8204669952392,47.3199882507324,TRUE,TRUE,FALSE,FALSE,2G-3G,2G-3G,NON,ORANGE,ENERGIE SOLAIRE,2008,320516,GREENFIELD,null
216,ORANGE_ANM_AND_0002,Ambohimiadana,ORANGE,ANALAMANGA,ANDRAMASINA,AMBOHIMIADANA,null,-19.2376384735107,47.7805557250976,TRUE,TRUE,FALSE,FALSE,2G-3G,2G-3G,NON,ORANGE,ENERGIE SOLAIRE,2008,110203,GREENFIELD,null
217,ORANGE_BON_TSI_0001,Ankadinondry,ORANGE,BONGOLAVA,TSIROANOMANDIDY,ANKADINONDRY SAKAY,null,-19.0155277252197,46.5159149169921,TRUE,TRUE,FALSE,FALSE,2G-3G/Backbone,2G-3G,NON,ORANGE,ENERGIE SOLAIRE,2008,120204,GREENFIELD,Backbone
218,ORANGE_ANM_MAN_0003,Ankazondandy,ORANGE,ANALAMANGA,MANJAKANDRIANA,ANKAZODANDY,null,-18.7246379852294,47.7697486877441,TRUE,TRUE,FALSE,FALSE,2G-3G,2G-3G,NON,ORANGE,ENERGIE SOLAIRE,2008,111315,GREENFIELD,null
219,ORANGE_BOE_URB_0006,MajungaAmboboka,ORANGE,BOENY,MAHAJANGA I,MAHAJANGA,null,-15.6996669769287,46.324722290039,TRUE,TRUE,TRUE,FALSE,2G-3G-4G,2G-3G-4G,NON,ORANGE,JIRAMA + GE,2008,420201,ROOFTOP,null
220,ORANGE_ATS_URB_0009,TamaMangarivotra,ORANGE,ATSINANANA,TOAMASINA I,CU TOAMASINA arr. MORARANO,null,-18.1487617492675,49.3905143737792,TRUE,TRUE,TRUE,FALSE,2G-3G-4G/TDD-4G+,2G-3G-4G,NON,ORANGE,JIRAMA,2008,530504,ROOFTOP,TDD-4G+
221,ORANGE_ANM_AND_0003,Behenjy,ORANGE,ANALAMANGA,ANDRAMASINA,ANDRAMASINA,null,-19.2071666717529,47.5089721679687,TRUE,TRUE,FALSE,FALSE,2G-3G/Backbone,2G-3G,NON,ORANGE SHARED,ENERGIE SOLAIRE + GE,2008,110205,GREENFIELD,Backbone
222,ORANGE_VAK_RUR_0002,Manandona,ORANGE,VAKINANKARATRA,ANTSIRABE II,MANANDONA,null,-20.0250396728515,47.0696945190429,TRUE,TRUE,FALSE,FALSE,2G-3G,2G-3G,NON,ORANGE,ENERGIE SOLAIRE,2008,140414,GREENFIELD,null
223,ORANGE_ANJ_VAV_0001,Vavatenina,ORANGE,ANALANJIROFO,VAVATENINA,VAVATENINA,null,-17.464277267456,49.1989707946777,TRUE,TRUE,FALSE,FALSE,2G-3G,2G-3G,NON,ORANGE,JIRAMA + ENERGIE SOLAIRE,2008,520610,GREENFIELD,null
224,ORANGE_SAV_SAM_0004,Farahalana,ORANGE,SAVA,SAMBAVA,FARAHALANA,null,-14.422472000122,50.1570739746093,TRUE,TRUE,TRUE,FALSE,2G-3G-4G,2G-3G-4G,NON,ORANGE,ENERGIE SOLAIRE + GE,2008,220319,GREENFIELD,null
225,ORANGE_BON_FEN_0001,Fenoarivobe,ORANGE,BONGOLAVA,FENOARIVOBE,FENOARIVOBE,null,-18.4650001525878,46.5436096191406,TRUE,TRUE,FALSE,FALSE,2G-3G,2G-3G,NON,ORANGE,ENERGIE SOLAIRE,2008,120103,GREENFIELD,null
226,ORANGE_ANM_SUD_0012,Mahalavolona,ORANGE,ANALAMANGA,ANTANANARIVO ATSIMONDRANO,ANDOHARANOFOTSY,null,-18.9857215881347,47.5296936035156,TRUE,TRUE,TRUE,FALSE,2G-3G-4G/TDD-4G+,2G-3G-4G,NON,ORANGE,JIRAMA,2008,110511,GREENFIELD,TDD-4G+
227,ORANGE_ANJ_SOA_0001,SoanieranaIvongo,ORANGE,ANALANJIROFO,SOANIERANA IVONGO,SOANIERANA IVONGO,null,-16.9693336486816,49.5629158020019,TRUE,TRUE,FALSE,FALSE,2G-3G/Backbone,2G-3G,NON,ORANGE,ENERGIE SOLAIRE + GE,2008,520508,GREENFIELD,Backbone
228,ORANGE_ANM_NOR_0008,Alasora,ORANGE,ANALAMANGA,ANTANANARIVO AVARADRANO,ALASORA,null,-18.9558506011962,47.567268371582,TRUE,TRUE,TRUE,FALSE,2G-3G-4G/TDD-4G+,2G-3G-4G,NON,TOA,JIRAMA,2008,110601,GREENFIELD,TDD-4G+
73,GULFSAT_T46,Ampitatafika,GULFSAT,ANALAMANGA,ANTANANARIVO ATSIMONDRANO,AMPITATAFIKA,null,-18.943055555555556,47.48196388888889,FALSE,TRUE,TRUE,FALSE,null,3G-4G-WIMAX,null,null,null,2020,110510,null,WIMAX
229,ORANGE_VAK_MAN_0001,Ankazomiriotra,ORANGE,VAKINANKARATRA,MANDOTO,ANKAZOMIRIOTRA,null,-19.6627502441406,46.5304450988769,TRUE,TRUE,FALSE,FALSE,2G-3G/Backbone,2G-3G,NON,ORANGE,ENERGIE SOLAIRE,2008,140705,GREENFIELD,Backbone
230,ORANGE_VAK_MAN_0002,Mandoto,ORANGE,VAKINANKARATRA,MANDOTO,MANDOTO,null,-19.6419448852539,46.3699989318847,TRUE,TRUE,FALSE,FALSE,2G-3G/Backbone,2G-3G,NON,ORANGE,ENERGIE SOLAIRE,2008,140701,GREENFIELD,Backbone
231,ORANGE_BOE_MIT_0001,Mitsinjo,ORANGE,BOENY,MITSINJO,MITSINJO,null,-16.0076942443847,45.8730583190917,TRUE,TRUE,FALSE,FALSE,2G-3G,2G-3G,NON,ORANGE,JIRAMA + GE,2008,420507,GREENFIELD,null
232,ORANGE_BET_TSA_0001,Tsaratanana,ORANGE,BETSIBOKA,TSARATANANA,TSARATANANA,null,-16.8057498931884,47.6404724121093,TRUE,TRUE,FALSE,FALSE,2G-3G,2G-3G,NON,ORANGE,ENERGIE SOLAIRE + GE,2008,410312,GREENFIELD,null
233,ORANGE_SAV_VOH_0004,Ampisikina,ORANGE,SAVA,VOHEMAR,AMPISIKINANA,null,-12.9255275726318,49.7919425964355,TRUE,TRUE,FALSE,FALSE,2G-3G,2G-3G,NON,ORANGE,ENERGIE SOLAIRE,2008,220405,GREENFIELD,null
234,ORANGE_AAN_MOR_0002,Ambahikily,ORANGE,ATSIMO ANDREFANA,MOROMBE,AMBAHIKILY,null,-21.6050243377685,43.670108795166,TRUE,TRUE,FALSE,FALSE,2G-3G,2G-3G,NON,ORANGE,ENERGIE SOLAIRE + GE,2008,630601,GREENFIELD,null
235,ORANGE_MEN_MAN_0001,Manja,ORANGE,MENABE,MANJA,MANJA,null,-21.4340457916259,44.329490661621,TRUE,TRUE,FALSE,FALSE,2G-3G,2G-3G,OUI,ORANGE SHARED,ENERGIE SOLAIRE + GE,2008,640305,GREENFIELD,null
236,ORANGE_SOF_ANT_0002,Manasamody,ORANGE,SOFIA,ANTSOHIHY,ANJIAMANGIRANA,null,-15.1976947784423,47.7578315734863,TRUE,TRUE,FALSE,FALSE,2G-3G/Backbone,2G-3G,NON,ORANGE,ENERGIE SOLAIRE + GE,2008,440208,GREENFIELD,Backbone
237,ORANGE_MEN_MAH_0002,Malaimbandy,ORANGE,MENABE,MAHABO,MALAIMBANDY,null,-20.3465557098388,45.5950851440429,TRUE,TRUE,FALSE,FALSE,2G-3G,2G-3G,NON,ORANGE,ENERGIE SOLAIRE,2008,640209,GREENFIELD,null
238,ORANGE_AAN_RUR_0004,Ankililaoka,ORANGE,ATSIMO ANDREFANA,TOLIARY II,ANKILILOAKA,null,-22.7701206207275,43.6004028320312,TRUE,TRUE,FALSE,FALSE,2G-3G,2G-3G,NON,ORANGE,ENERGIE SOLAIRE,2008,630907,GREENFIELD,null
239,ORANGE_ATS_MAR_0001,Marolambo,ORANGE,ATSINANANA,MAROLAMBO,MAROLAMBO,null,-20.053611755371,48.1295280456542,TRUE,TRUE,FALSE,FALSE,2G-3G,2G-3G,NON,ORANGE,ENERGIE SOLAIRE + GE,2008,530412,GREENFIELD,null
240,ORANGE_AAT_BEF_0001,Befotaka,ORANGE,ATSIMO ATSINANANA,BEFOTAKA ATSIMO,BEFOTAKA SUD,null,-23.8273334503173,46.9932785034179,TRUE,TRUE,FALSE,FALSE,2G-3G,2G-3G,NON,ORANGE,ENERGIE SOLAIRE,2008,320103,GREENFIELD,null
241,ORANGE_VAK_URB_0004,AntsirabeImperial,ORANGE,VAKINANKARATRA,ANTSIRABE I,ANTSIRABE,null,-19.865571975708,47.0352821350097,TRUE,TRUE,TRUE,FALSE,2G-3G-4G/TDD,2G-3G-4G,NON,ORANGE,JIRAMA,2008,140301,ROOFTOP,TDD
242,ORANGE_VAK_URB_0005,AntsirabeAmbohipeno,ORANGE,VAKINANKARATRA,ANTSIRABE I,ANTSIRABE,null,-19.8892784118652,47.0241928100585,TRUE,TRUE,TRUE,FALSE,2G-3G-4G/Backbone-TDD,2G-3G-4G,OUI,ORANGE SHARED,JIRAMA + GE,2008,140301,GREENFIELD,Backbone-TDD
243,ORANGE_ATS_BRI_0003,Andekaleka,ORANGE,ATSINANANA,BRICKAVILLE,ANDEKALEKA,null,-18.8064174652099,48.652416229248,TRUE,TRUE,FALSE,FALSE,2G-3G,2G-3G,NON,TOA,ENERGIE TOM,2008,530205,GREENFIELD,null
244,ORANGE_SOF_ANA_0002,Anjanjavy,ORANGE,SOFIA,ANALALAVA,ANTONIBE,null,-14.9610805511474,47.2711677551269,TRUE,TRUE,FALSE,FALSE,2G-3G,2G-3G,NON,ORANGE,ENERGIE SOLAIRE,2008,440108,GREENFIELD,null
245,ORANGE_BOE_RUR_0001,Mahajamba,ORANGE,BOENY,MAHAJANGA II,MAHAJAMBA USINE,null,-15.670916557312,47.0634994506835,TRUE,TRUE,TRUE,FALSE,2G-3G-4G,2G-3G-4G,OUI,ORANGE SHARED,ENERGIE SOLAIRE + GE,2008,420308,GREENFIELD,null
246,ORANGE_SOF_ANA_0003,NosyValiha,ORANGE,SOFIA,ANALALAVA,AMBOLOBOZO,null,-14.1646947860717,47.8121109008789,TRUE,TRUE,TRUE,FALSE,2G-3G-4G,2G-3G-4G,NON,ORANGE,ENERGIE SOLAIRE + GE,2008,440103,GREENFIELD,null
247,ORANGE_BOE_SOA_0001,Soalala,ORANGE,BOENY,SOALALA,SOALALA,null,-16.0985832214355,45.3310546875,TRUE,TRUE,FALSE,FALSE,2G-3G,2G-3G,NON,ORANGE,ENERGIE SOLAIRE,2008,420603,GREENFIELD,null
248,ORANGE_ANM_NOR_0009,Fieferana,ORANGE,ANALAMANGA,ANTANANARIVO AVARADRANO,FIEFERANA,null,-18.8373851776123,47.6586456298828,TRUE,TRUE,FALSE,FALSE,2G-3G,2G-3G,NON,ORANGE,ENERGIE SOLAIRE,2009,110609,GREENFIELD,null
249,ORANGE_ATS_RUR_0003,TamaBetainomby,ORANGE,ATSINANANA,TOAMASINA II,TOAMASINA SUBURBAINE,null,-18.1871948242187,49.3803596496582,TRUE,TRUE,TRUE,FALSE,2G-3G-4G/Backbone-TDD,2G-3G-4G,NON,ORANGE,JIRAMA + GE,2009,530617,GREENFIELD,Backbone-TDD
250,ORANGE_ITA_MIA_0003,Miarinarivo2,ORANGE,ITASY,MIARINARIVO,MIARINARIVO,null,-18.9752788543701,46.9047203063964,TRUE,TRUE,TRUE,FALSE,2G-3G-4G,2G-3G-4G,NON,RDB,JIRAMA,2009,130209,GREENFIELD,null
251,ORANGE_ANM_REN_0056,Ibis,ORANGE,ANALAMANGA,ANTANANARIVO_V,CU ANTANANARIVO (Arr.V),null,-18.8793067932128,47.5218887329101,TRUE,TRUE,TRUE,FALSE,2G-3G-4G,2G-3G-4G,NON,ORANGE,ENERGIE TIERS,2009,111101,ROOFTOP,null
252,ORANGE_AND_BEL_0001,Beloha,ORANGE,ANDROY,BELOHA ANDROY,BELOHA ANDROY,null,-25.1760501861572,45.056583404541,TRUE,TRUE,FALSE,FALSE,2G-3G,2G-3G,NON,ORANGE,JIRAMA + GE,2009,610302,GREENFIELD,null
253,ORANGE_AND_TSI_0001,Tsiombe,ORANGE,ANDROY,TSIHOMBE,TSIHOMBE,null,-25.3149681091308,45.4885559082031,TRUE,TRUE,FALSE,FALSE,2G-3G,2G-3G,NON,ORANGE,JIRAMA + GE,2009,610407,GREENFIELD,null
254,ORANGE_MEL_MOR_0001,Morafenobe,ORANGE,MELAKY,MORAFENOBE,MORAFENOBE,null,-17.7520141601562,45.0377235412597,TRUE,TRUE,FALSE,FALSE,2G-3G,2G-3G,NON,ORANGE,ENERGIE SOLAIRE,2009,430503,GREENFIELD,null
255,ORANGE_ANM_REN_0057,Anosy,ORANGE,ANALAMANGA,ANTANANARIVO_I,CU ANTANANARIVO (Arr.I),null,-18.9186992645263,47.5201568603515,TRUE,TRUE,TRUE,FALSE,2G-3G-4G/TDD-4G+,2G-3G-4G,NON,ORANGE,JIRAMA,2009,110701,ROOFTOP,TDD-4G+
256,ORANGE_MEN_BEL_0001,BeloTsiribihina,ORANGE,MENABE,BELO SUR TSIRIBIHINA,BELO SUR TSIRIBIHINA,null,-19.7030792236328,44.5496101379394,TRUE,TRUE,FALSE,FALSE,2G-3G,2G-3G,NON,ORANGE,JIRAMA + GE,2009,640108,GREENFIELD,null
257,ORANGE_DIA_ABJ_0003,AmbanjaAntanambao,ORANGE,DIANA,AMBANJA,AMBANJA,null,-13.6738891601562,48.455223083496,TRUE,TRUE,TRUE,FALSE,2G-3G-4G,2G-3G-4G,NON,ORANGE,JIRAMA,2009,210103,ROOFTOP,null
258,ORANGE_AAN_URB_0004,TulearMahavatse,ORANGE,ATSIMO ANDREFANA,TOLIARA I,TOLIARA I,null,-23.3634910583496,43.6808853149414,TRUE,TRUE,TRUE,FALSE,2G-3G-4G,2G-3G-4G,NON,RDB,JIRAMA,2009,630801,GREENFIELD,null
259,ORANGE_ATS_RUR_0004,TamaAmbalamanasy,ORANGE,ATSINANANA,TOAMASINA II,TOAMASINA SUBURBAINE,null,-18.1098327636718,49.3956108093261,TRUE,TRUE,TRUE,FALSE,2G-3G-4G/TDD,2G-3G-4G,NON,ORANGE,JIRAMA + GE,2009,530617,GREENFIELD,TDD
260,ORANGE_ANJ_STM_0004,SainteMarieVohilava,ORANGE,ANALANJIROFO,SAINTE MARIE,SAINTE MARIE,null,-17.0866394042968,49.8263893127441,TRUE,TRUE,TRUE,FALSE,2G-3G-4G/4G+,2G-3G-4G,NON,ORANGE,GE,2009,520401,GREENFIELD,4G+
261,ORANGE_ANM_MAN_0004,Mantasoa,ORANGE,ANALAMANGA,MANJAKANDRIANA,MANTASOA,null,-18.9984436035156,47.8638877868652,TRUE,TRUE,TRUE,FALSE,2G-3G-4G,2G-3G-4G,NON,ORANGE,JIRAMA + GE,2009,111318,GREENFIELD,null
262,ORANGE_SAV_SAM_0005,SambavaCentre,ORANGE,SAVA,SAMBAVA,SAMBAVA,null,-14.2666721343994,50.1654434204101,TRUE,TRUE,TRUE,FALSE,2G-3G-4G/TDD-4G+,2G-3G-4G,NON,ORANGE,JIRAMA + GE,2010,220325,ROOFTOP,TDD-4G+
263,ORANGE_SAV_ANT_0003,AntalahaAntanambao,ORANGE,SAVA,ANTALAHA,ANTALAHA,null,-14.9007749557495,50.279182434082,TRUE,TRUE,TRUE,FALSE,2G-3G-4G/TDD-4G+,2G-3G-4G,NON,ORANGE,JIRAMA + GE,2010,220208,ROOFTOP,TDD-4G+
264,ORANGE_DIA_URB_0007,DiegoTsaramandroso,ORANGE,DIANA,ANTSIRANANA I,ANTSIRANANA,null,-12.2978057861328,49.2876663208007,TRUE,TRUE,TRUE,FALSE,2G-3G-4G/4G+,2G-3G-4G,NON,ORANGE,JIRAMA,2010,210301,ROOFTOP,4G+
265,ORANGE_ANM_REN_0058,Ambohimanarina2,ORANGE,ANALAMANGA,ANTANANARIVO_VI,CU ANTANANARIVO (ARR.VI ),null,-18.8752784729003,47.501609802246,TRUE,TRUE,TRUE,FALSE,2G-3G-4G/TDD-4G+,2G-3G-4G,NON,ORANGE,JIRAMA,2010,111201,ROOFTOP,TDD-4G+
266,ORANGE_ANM_REN_0059,Mahazo,ORANGE,ANALAMANGA,ANTANANARIVO_V,CU ANTANANARIVO (Arr.V),null,-18.8957500457763,47.5590782165527,FALSE,TRUE,TRUE,FALSE,3G-4G/TDD-4G+,3G-4G,NON,ORANGE,JIRAMA,2010,111101,ROOFTOP,TDD-4G+
267,ORANGE_SAV_VOH_0005,VohemarAndranomasikely,ORANGE,SAVA,VOHEMAR,VOHEMAR,null,-13.3575830459594,50.008804321289,TRUE,TRUE,TRUE,FALSE,2G-3G-4G,2G-3G-4G,NON,ORANGE,JIRAMA + GE,2010,220419,ROOFTOP,null
268,ORANGE_VAK_URB_0007,AntsirabeAmbalavato,ORANGE,VAKINANKARATRA,ANTSIRABE I,ANTSIRABE,null,-19.8812503814697,47.0434989929199,TRUE,TRUE,TRUE,FALSE,2G-3G-4G,2G-3G-4G,NON,ORANGE,JIRAMA,2010,140301,ROOFTOP,null
269,ORANGE_BOE_URB_0007,MajungaAmpasika,ORANGE,BOENY,MAHAJANGA I,MAHAJANGA,null,-15.7195825576782,46.317081451416,TRUE,TRUE,TRUE,FALSE,2G-3G-4G/TDD-4G+,2G-3G-4G,NON,ORANGE,JIRAMA,2010,420201,ROOFTOP,TDD-4G+
270,ORANGE_BOE_URB_0008,MajungaTsaramandroso,ORANGE,BOENY,MAHAJANGA I,MAHAJANGA,null,-15.707555770874,46.3172225952148,TRUE,TRUE,TRUE,FALSE,2G-3G-4G/TDD-4G+,2G-3G-4G,NON,ORANGE,JIRAMA + GE,2010,420201,GREENFIELD,TDD-4G+
271,ORANGE_ANM_NOR_0010,Ankadivoribe,ORANGE,ANALAMANGA,ANTANANARIVO AVARADRANO,TALATA VOLONONDRY,null,-18.7151947021484,47.5694732666015,TRUE,TRUE,FALSE,FALSE,2G-3G/Backbone,2G-3G,NON,ORANGE,ENERGIE SOLAIRE + GE,2010,110613,GREENFIELD,Backbone
272,ORANGE_ANM_ANJ_0002,AnjozorobeAndombotra,ORANGE,ANALAMANGA,ANJOZOROBE,ANJOZOROBE,null,-18.4329452514648,47.8025016784667,TRUE,TRUE,FALSE,FALSE,2G-3G/Backbone,2G-3G,NON,ORANGE,ENERGIE SOLAIRE + GE,2010,110311,GREENFIELD,Backbone
273,ORANGE_ALA_MOR_0004,Andaingo,ORANGE,ALAOTRA MANGORO,MORAMANGA,ANDAINGO,null,-18.2059268951416,48.3119163513183,TRUE,TRUE,FALSE,FALSE,2G-3G/Backbone,2G-3G,NON,ORANGE,ENERGIE SOLAIRE + GE,2010,510507,GREENFIELD,Backbone
74,GULFSAT_C01,Ankorondrano (Zital),GULFSAT,ANALAMANGA,ANTANANARIVO_V,CU ANTANANARIVO (Arr.V),null,-18.885305,47.526088,FALSE,FALSE,FALSE,FALSE,null,WIMAX,null,null,null,2020,111101,null,WIMAX
275,ORANGE_DIA_NOS_0009,NosyBeBemoko,ORANGE,DIANA,NOSY-BE,CU NOSY-BE,null,-13.3205080032348,48.1859817504882,TRUE,TRUE,TRUE,FALSE,2G-3G-4G,2G-3G-4G,NON,ORANGE,JIRAMA + GE,2010,210501,GREENFIELD,null
276,ORANGE_ALA_MOR_0005,Ambatovy,ORANGE,ALAOTRA MANGORO,MORAMANGA,AMBOHIBARY,null,-18.8440551757812,48.3079452514648,TRUE,TRUE,TRUE,FALSE,2G-3G-4G,2G-3G-4G,NON,SHERRITT,ENERGIE TIERS,2010,510503,GREENFIELD,null
277,ORANGE_ALA_AMB_0002,Didy,ORANGE,ALAOTRA MANGORO,AMBATONDRAZAKA,DIDY,null,-18.0017509460449,48.5327720642089,TRUE,FALSE,FALSE,FALSE,2G/Backbone,2G,OUI,ORANGE SHARED,ENERGIE SOLAIRE + GE,2010,510113,GREENFIELD,Backbone
278,ORANGE_AMO_ABS_0003,Antety,ORANGE,AMORON'I MANIA,AMBOSITRA,AMBOSITRA BANLIEUE,null,-20.5302505493164,47.2101097106933,TRUE,FALSE,FALSE,FALSE,2G/Backbone,2G,NON,ORANGE,ENERGIE SOLAIRE,2010,310208,GREENFIELD,Backbone
279,ORANGE_DIA_URB_0008,DiegoScamaConcasseur,ORANGE,DIANA,ANTSIRANANA I,ANTSIRANANA,null,-12.3261394500732,49.2941932678222,TRUE,TRUE,TRUE,FALSE,2G-3G-4G,2G-3G-4G,NON,ORANGE,JIRAMA,2010,210301,GREENFIELD,null
280,ORANGE_ALA_AMB_0003,AmbatoMadioTsifafana,ORANGE,ALAOTRA MANGORO,AMBATONDRAZAKA,AMBATONDRAZAKA,null,-17.8223896026611,48.4223899841308,TRUE,TRUE,TRUE,FALSE,2G-3G-4G,2G-3G-4G,NON,ORANGE,JIRAMA,2010,510102,GREENFIELD,null
281,ORANGE_ANM_SUD_0013,TanaMarobiby,ORANGE,ANALAMANGA,ANTANANARIVO ATSIMONDRANO,FIOMBONANA,null,-18.8948707580566,47.4820556640625,TRUE,TRUE,TRUE,FALSE,2G-3G-4G/TDD-4G+,2G-3G-4G,NON,ORANGE,JIRAMA + GE,2010,110521,GREENFIELD,TDD-4G+
282,ORANGE_ANM_AMB_0010,Lohavohitra,ORANGE,ANALAMANGA,AMBOHIDRATRIMO,MAHABO,null,-18.630350112915,47.2888031005859,TRUE,TRUE,FALSE,FALSE,2G-3G/Backbone,2G-3G,NON,ORANGE,ENERGIE SOLAIRE,2010,110119,GREENFIELD,Backbone
283,ORANGE_ATS_RUR_0005,TamataveSherritt,ORANGE,ATSINANANA,TOAMASINA II,TOAMASINA SUBURBAINE,null,-18.2022857666015,49.365550994873,TRUE,TRUE,TRUE,FALSE,2G-3G-4G,2G-3G-4G,NON,SHERRITT,JIRAMA,2010,530617,GREENFIELD,null
284,ORANGE_ANM_REN_0060,TanaAndrohibe,ORANGE,ANALAMANGA,ANTANANARIVO_V,CU ANTANANARIVO (Arr.V),null,-18.8605136871337,47.5345954895019,TRUE,TRUE,TRUE,FALSE,2G-3G-4G/TDD-4G+,2G-3G-4G,OUI,ORANGE SHARED,JIRAMA + GE,2010,111101,GREENFIELD,TDD-4G+
285,ORANGE_ANM_AMB_0011,TanaAndranoro,ORANGE,ANALAMANGA,AMBOHIDRATRIMO,ANTEHIROKA,null,-18.8520221710205,47.4723739624023,TRUE,TRUE,TRUE,FALSE,2G-3G-4G/TDD-4G+,2G-3G-4G,NON,ORANGE,JIRAMA + GE,2011,110112,GREENFIELD,TDD-4G+
286,ORANGE_ATS_URB_0011,TamaAmbohijafy,ORANGE,ATSINANANA,TOAMASINA I,CU TOAMASINA arr. ANKIRIHIRY,null,-18.1287498474121,49.3987503051757,TRUE,TRUE,TRUE,FALSE,2G-3G-4G/TDD-4G+,2G-3G-4G,NON,ORANGE,JIRAMA,2011,530503,ROOFTOP,TDD-4G+
287,ORANGE_ATS_URB_0012,TamaFlamboyant,ORANGE,ATSINANANA,TOAMASINA I,CU TOAMASINA,null,-18.1520252227783,49.4109268188476,TRUE,TRUE,TRUE,FALSE,2G-3G-4G/TDD,2G-3G-4G,NON,ORANGE,JIRAMA + GE,2011,530501,ROOFTOP,TDD
288,ORANGE_ANJ_FEN_0002,FeneriveEst2,ORANGE,ANALANJIROFO,FENERIVE EST,FENERIVE VILLE,null,-17.3813304901123,49.4146842956542,TRUE,TRUE,TRUE,FALSE,2G-3G-4G,2G-3G-4G,NON,ORANGE,JIRAMA + GE,2011,520106,GREENFIELD,null
289,ORANGE_ANM_REN_0061,67HaNordEst,ORANGE,ANALAMANGA,ANTANANARIVO_I,CU ANTANANARIVO (Arr.I),null,-18.9053287506103,47.5101280212402,TRUE,TRUE,TRUE,FALSE,2G-3G-4G/TDD-4G+,2G-3G-4G,NON,ORANGE,JIRAMA + GE,2011,110701,ROOFTOP,TDD-4G+
290,ORANGE_ATS_RUR_0006,Foulpointe,ORANGE,ATSINANANA,TOAMASINA II,FOULPOINTE,null,-17.6833057403564,49.5128059387207,TRUE,TRUE,TRUE,FALSE,2G-3G-4G/Backbone-TDD,2G-3G-4G,NON,ORANGE,JIRAMA + ENERGIE SOLAIRE + GE,2011,530614,GREENFIELD,Backbone-TDD
291,ORANGE_BOE_URB_0009,MajungaTsararano,ORANGE,BOENY,MAHAJANGA I,MAHAJANGA,null,-15.7063102722167,46.3327445983886,TRUE,TRUE,TRUE,FALSE,2G-3G-4G,2G-3G-4G,NON,ORANGE,JIRAMA + GE,2011,420201,GREENFIELD,null
292,ORANGE_IHO_IHO_0005,Andiolava,ORANGE,IHOROMBE,IHOSY,ANDIOLAVA,null,-22.4791393280029,45.6061668395996,TRUE,TRUE,FALSE,FALSE,2G-3G/Backbone,2G-3G,NON,ORANGE,ENERGIE SOLAIRE,2011,340205,GREENFIELD,Backbone
293,ORANGE_AAN_RUR_0005,Andranovory,ORANGE,ATSIMO ANDREFANA,TOLIARY II,ANDRANOVORY,null,-23.1292495727539,44.1211395263671,TRUE,TRUE,FALSE,FALSE,2G-3G/Backbone,2G-3G,NON,ORANGE,ENERGIE SOLAIRE,2011,630906,GREENFIELD,Backbone
294,ORANGE_IHO_IHO_0006,ColDeTapia,ORANGE,IHOROMBE,IHOSY,ANDOHAN'ILAKAKA,null,-22.7746391296386,45.022777557373,TRUE,TRUE,FALSE,FALSE,2G-3G,2G-3G,NON,ORANGE,ENERGIE SOLAIRE,2011,340220,GREENFIELD,null
295,ORANGE_ANM_REN_0062,TanaAndafiavaratra,ORANGE,ANALAMANGA,ANTANANARIVO_II,CU ANTANANARIVO (Arr.II),null,-18.9201393127441,47.5329208374023,TRUE,TRUE,TRUE,FALSE,2G-3G-4G/Backbone-TDD-4G+,2G-3G-4G,NON,ORANGE,JIRAMA + GE,2011,110801,GREENFIELD,Backbone-TDD-4G+
296,ORANGE_ANM_REN_0063,FortDuchesne,ORANGE,ANALAMANGA,ANTANANARIVO_III,CU ANTANANARIVO (Arr.III),null,-18.9102210998535,47.545970916748,TRUE,TRUE,TRUE,FALSE,2G-3G-4G/TDD-4G+,2G-3G-4G,OUI,ORANGE SHARED,JIRAMA + GE,2011,110901,GREENFIELD,TDD-4G+
297,ORANGE_AAN_RUR_0006,Ankororoky,ORANGE,ATSIMO ANDREFANA,TOLIARY II,AMBOHIMAHAVELONA,null,-23.3569984436035,43.8537254333496,TRUE,FALSE,FALSE,FALSE,2G/Backbone,2G,NON,ORANGE,ENERGIE SOLAIRE,2011,630901,GREENFIELD,Backbone
298,ORANGE_AAN_SAK_0002,Zombitse,ORANGE,ATSIMO ANDREFANA,SAKARAHA,SAKARAHA,null,-22.8252220153808,44.7339210510253,TRUE,TRUE,FALSE,FALSE,2G-3G/Backbone,2G-3G,NON,ORANGE,ENERGIE SOLAIRE,2011,630712,GREENFIELD,Backbone
299,ORANGE_AAN_SAK_0003,Mahaboboka,ORANGE,ATSIMO ANDREFANA,SAKARAHA,MAHABOBOKA,null,-22.9257774353027,44.353889465332,TRUE,TRUE,FALSE,FALSE,2G-3G/Backbone,2G-3G,NON,ORANGE,ENERGIE SOLAIRE,2011,630706,GREENFIELD,Backbone
300,ORANGE_BOE_AMB_0003,Andoany,ORANGE,BOENY,AMBATO BOENI,MANERINERINA,null,-16.3168048858642,47.3080558776855,TRUE,TRUE,FALSE,FALSE,2G-3G/Backbone,2G-3G,NON,ORANGE,ENERGIE SOLAIRE,2011,420109,GREENFIELD,Backbone
301,ORANGE_BOE_MAR_0003,MarovoayMorafeno,ORANGE,BOENY,MAROVOAY,MAROVOAY,null,-16.1060562133789,46.6422500610351,TRUE,TRUE,TRUE,FALSE,2G-3G-4G,2G-3G-4G,NON,ORANGE,JIRAMA + GE,2011,420410,ROOFTOP,null
302,ORANGE_IHO_IHO_0007,Zazafotsy,ORANGE,IHOROMBE,IHOSY,ZAZAFOTSY,null,-22.1477508544921,46.3615570068359,TRUE,TRUE,FALSE,FALSE,2G-3G/Backbone,2G-3G,NON,ORANGE,ENERGIE SOLAIRE,2011,340219,GREENFIELD,Backbone
303,ORANGE_MAT_AMB_0002,Ankaramena,ORANGE,MATSIATRA AMBONY,AMBALAVAO,ANKARAMENA,null,-21.9337215423583,46.6869163513183,TRUE,FALSE,FALSE,FALSE,2G/Backbone,2G,NON,ORANGE,ENERGIE SOLAIRE,2011,330108,GREENFIELD,Backbone
304,ORANGE_AAN_URB_0005,TulearCentre,ORANGE,ATSIMO ANDREFANA,TOLIARA I,TOLIARA I,null,-23.3557224273681,43.6666679382324,TRUE,TRUE,TRUE,FALSE,2G-3G-4G,2G-3G-4G,OUI,ORANGE SHARED,JIRAMA,2011,630801,GREENFIELD,null
305,ORANGE_BOE_MAR_0004,Berivotra,ORANGE,BOENY,MAROVOAY,MAROVOAY BANLIEUE,null,-15.8906698226928,46.5619163513183,TRUE,TRUE,FALSE,FALSE,2G-3G/Backbone,2G-3G,NON,ORANGE,ENERGIE SOLAIRE,2011,420411,GREENFIELD,Backbone
306,ORANGE_ANM_SUD_0014,Forello,ORANGE,ANALAMANGA,ANTANANARIVO ATSIMONDRANO,TANJOMBATO,null,-18.9556102752685,47.5184440612792,TRUE,TRUE,TRUE,FALSE,2G-3G-4G/4G+,2G-3G-4G,NON,ORANGE,JIRAMA,2011,110525,GREENFIELD,4G+
307,ORANGE_SOF_ANA_0004,Masiloka,ORANGE,SOFIA,ANALALAVA,ANTONIBE,null,-14.8374443054199,47.3450546264648,TRUE,TRUE,TRUE,FALSE,2G-3G-4G,2G-3G-4G,NON,ORANGE,ENERGIE SOLAIRE,2011,440108,GREENFIELD,null
308,ORANGE_DIA_ABL_0001,Ambilobe,ORANGE,DIANA,AMBILOBE,AMBILOBE,null,-13.1963329315185,49.0478630065917,TRUE,TRUE,TRUE,FALSE,2G-3G-4G/4G+,2G-3G-4G,NON,ORANGE,JIRAMA + GE,2011,210204,GREENFIELD,4G+
309,ORANGE_DIA_ABL_0002,Ankarana,ORANGE,DIANA,AMBILOBE,ANTSARAVIBE,null,-12.9116201400756,48.9640922546386,TRUE,TRUE,TRUE,FALSE,2G-3G-4G,2G-3G-4G,NON,ORANGE,ENERGIE TIERS,2011,210209,GREENFIELD,null
310,ORANGE_ATS_VAT_0002,Afaho,ORANGE,ATSINANANA,VATOMANDRY,AMBODITAVOLO,null,-19.1571063995361,48.8620567321777,TRUE,FALSE,FALSE,FALSE,2G/Backbone,2G,NON,ORANGE,ENERGIE SOLAIRE,2011,530703,GREENFIELD,Backbone
311,ORANGE_ATS_BRI_0004,Antsapanana,ORANGE,ATSINANANA,BRICKAVILLE,ANTSAMPANANA,null,-18.9602642059326,48.959846496582,TRUE,TRUE,FALSE,FALSE,2G-3G/Backbone,2G-3G,NON,ORANGE,ENERGIE SOLAIRE + GE,2011,530218,GREENFIELD,Backbone
312,ORANGE_ATS_BRI_0005,Ambinaninony,ORANGE,ATSINANANA,BRICKAVILLE,AMBALARONDRA,null,-18.5909175872802,49.0698051452636,TRUE,TRUE,FALSE,FALSE,2G-3G/Backbone,2G-3G,NON,ORANGE,ENERGIE SOLAIRE,2011,530201,GREENFIELD,Backbone
313,ORANGE_ATS_RUR_0007,Ambodiboanara,ORANGE,ATSINANANA,TOAMASINA II,FANANDRANA,null,-18.3520812988281,49.2019615173339,TRUE,TRUE,FALSE,FALSE,2G-3G/Backbone,2G-3G,NON,ORANGE,ENERGIE SOLAIRE,2011,530612,GREENFIELD,Backbone
314,ORANGE_AMO_ABS_0004,Ambalamanakana,ORANGE,AMORON'I MANIA,AMBOSITRA,AMBATOFITORAHANA,null,-20.7924785614013,47.162799835205,TRUE,FALSE,FALSE,FALSE,2G,2G,NON,ORANGE,ENERGIE SOLAIRE + GE,2011,310203,GREENFIELD,null
315,ORANGE_AMO_ABS_0005,Ambohimanjaka,ORANGE,AMORON'I MANIA,AMBOSITRA,ILAKA CENTRE,null,-20.2555561065673,47.0872230529785,TRUE,FALSE,FALSE,FALSE,2G/Backbone,2G,NON,ORANGE,ENERGIE SOLAIRE,2011,310214,GREENFIELD,Backbone
316,ORANGE_BET_MAE_0004,Ambalanjanakomby,ORANGE,BETSIBOKA,MAEVATANANA,AMBALANJANAKOMBY,null,-16.6996116638183,47.0727500915527,TRUE,TRUE,FALSE,FALSE,2G-3G/Backbone,2G-3G,NON,ORANGE,ENERGIE SOLAIRE,2011,410202,GREENFIELD,Backbone
317,ORANGE_BET_MAE_0005,Marotsipoy,ORANGE,BETSIBOKA,MAEVATANANA,MAHATSINJO,null,-17.8431396484375,47.0252494812011,TRUE,FALSE,FALSE,FALSE,2G/Backbone,2G,NON,ORANGE,ENERGIE SOLAIRE,2011,410211,GREENFIELD,Backbone
318,ORANGE_ANM_ANK_0002,Tsaravao,ORANGE,ANALAMANGA,ANKAZOBE,KIANGARA,null,-18.0345840454101,47.1548614501953,TRUE,TRUE,FALSE,FALSE,2G-3G/Backbone,2G-3G,NON,ORANGE,ENERGIE SOLAIRE,2011,110408,GREENFIELD,Backbone
319,ORANGE_BET_MAE_0006,Tsangambato,ORANGE,BETSIBOKA,MAEVATANANA,ANTANIMBARY,null,-17.1678619384765,46.8704986572265,TRUE,TRUE,FALSE,FALSE,2G-3G/Backbone,2G-3G,NON,ORANGE,ENERGIE SOLAIRE,2011,410204,GREENFIELD,Backbone
320,ORANGE_ANM_SUD_0015,Ampitatafika2,ORANGE,ANALAMANGA,ANTANANARIVO ATSIMONDRANO,AMPITATAFIKA,null,-18.9395561218261,47.4783325195312,TRUE,TRUE,TRUE,FALSE,2G-3G-4G/TDD-4G+,2G-3G-4G,NON,ORANGE,JIRAMA + GE,2011,110510,GREENFIELD,TDD-4G+
321,ORANGE_FIT_MAN_0002,ManakaraMahatsinjoriaka,ORANGE,FITOVINANY,MANAKARA,TATAHO,null,-22.1321239471435,47.9897384643554,TRUE,TRUE,TRUE,FALSE,2G-3G-4G/Backbone,2G-3G-4G,NON,ORANGE,ENERGIE SOLAIRE + GE,2011,350238,GREENFIELD,Backbone
322,ORANGE_VAT_MJR_0002,MananjaryAntanambao,ORANGE,VATOVAVY,MANANJARY,MANANJARY,null,-21.225694656372,48.3400001525878,TRUE,TRUE,TRUE,FALSE,2G-3G-4G,2G-3G-4G,OUI,ORANGE SHARED,JIRAMA + GE,2011,360219,GREENFIELD,null
323,ORANGE_MAT_AMB_0003,Vatoavo,ORANGE,MATSIATRA AMBONY,AMBALAVAO,MANAMISOA,null,-21.7339725494384,46.9601669311523,TRUE,FALSE,FALSE,FALSE,2G/Backbone,2G,NON,ORANGE,JIRAMA + GE,2011,330114,GREENFIELD,Backbone
324,ORANGE_ANM_ANK_0003,Ambohitromby,ORANGE,ANALAMANGA,ANKAZOBE,AMBOHITROMBY,null,-18.4523868560791,47.1603279113769,TRUE,TRUE,FALSE,FALSE,2G-3G,2G-3G,OUI,ORANGE SHARED,ENERGIE SOLAIRE,2011,110401,GREENFIELD,null
325,ORANGE_VAT_MJR_0003,Antsenavolo,ORANGE,VATOVAVY,MANANJARY,ANTSENAVOLO,null,-21.4117717742919,48.0477981567382,TRUE,FALSE,FALSE,FALSE,2G/Backbone,2G,NON,ORANGE,ENERGIE SOLAIRE,2011,360212,GREENFIELD,Backbone
326,ORANGE_ALA_MOR_0006,Anjiro,ORANGE,ALAOTRA MANGORO,MORAMANGA,SABOTSY ANJIRO,null,-18.8597774505615,47.9813346862792,TRUE,TRUE,FALSE,FALSE,2G-3G,2G-3G,NON,ORANGE,ENERGIE SOLAIRE,2011,510520,GREENFIELD,null
327,ORANGE_ATS_BRI_0006,Ampasimbe,ORANGE,ATSINANANA,BRICKAVILLE,AMPASIMBE,null,-18.9613056182861,48.7012786865234,TRUE,TRUE,FALSE,FALSE,2G-3G,2G-3G,NON,ORANGE,ENERGIE SOLAIRE,2011,530204,GREENFIELD,null
328,ORANGE_ALA_MOR_0007,Beforona,ORANGE,ALAOTRA MANGORO,MORAMANGA,BEFORONA,null,-18.9615001678466,48.5841674804687,TRUE,TRUE,FALSE,FALSE,2G-3G,2G-3G,NON,ORANGE,ENERGIE SOLAIRE,2011,510512,GREENFIELD,null
329,ORANGE_ATS_BRI_0007,Brickaville2,ORANGE,ATSINANANA,BRICKAVILLE,BRICKAVILLE,null,-18.7994441986083,49.0891952514648,TRUE,TRUE,FALSE,FALSE,2G-3G/Backbone,2G-3G,NON,ORANGE,ENERGIE SOLAIRE + GE,2011,530209,GREENFIELD,Backbone
330,ORANGE_ANM_MAN_0005,Mandraka,ORANGE,ANALAMANGA,MANJAKANDRIANA,AMBATOLOANA,null,-18.9211387634277,47.8999710083007,TRUE,TRUE,FALSE,FALSE,2G-3G,2G-3G,NON,ORANGE,ENERGIE SOLAIRE + GE,2011,111303,GREENFIELD,null
331,ORANGE_MAT_LAL_0002,Sahambavy,ORANGE,MATSIATRA AMBONY,LALANGINA,MAHATSINJONY,null,-21.3697338104248,47.2711143493652,TRUE,TRUE,FALSE,FALSE,2G-3G/Backbone,2G-3G,NON,ORANGE,ENERGIE SOLAIRE,2011,330711,GREENFIELD,Backbone
332,ORANGE_ALA_MOR_0008,Andasibe,ORANGE,ALAOTRA MANGORO,MORAMANGA,ANDASIBE,null,-18.9088611602783,48.4201927185058,TRUE,TRUE,TRUE,FALSE,2G-3G-4G,2G-3G-4G,NON,ORANGE,ENERGIE SOLAIRE + GE,2011,510508,GREENFIELD,null
333,ORANGE_ANM_SUD_0016,TanaAmbaniala,ORANGE,ANALAMANGA,ANTANANARIVO ATSIMONDRANO,ANDRANONAHOATRA,null,-18.9186668395996,47.4875831604003,TRUE,TRUE,TRUE,FALSE,2G-3G-4G/TDD-4G+,2G-3G-4G,OUI,ORANGE SHARED,JIRAMA + GE,2011,110512,GREENFIELD,TDD-4G+
334,ORANGE_ALA_ANO_0001,AnosibeAnala,ORANGE,ALAOTRA MANGORO,ANOSIBE AN ALA,ANOSIBE AN'ALA,null,-19.4228057861328,48.1926651000976,TRUE,TRUE,FALSE,FALSE,2G-3G,2G-3G,NON,ORANGE,ENERGIE SOLAIRE + GE,2011,510405,GREENFIELD,null
335,ORANGE_ATS_VAT_0003,IlakaEst,ORANGE,ATSINANANA,VATOMANDRY,ILAKA EST,null,-19.5370826721191,48.8504180908203,TRUE,TRUE,FALSE,FALSE,2G-3G/Backbone,2G-3G,NON,ORANGE,ENERGIE SOLAIRE,2011,530711,GREENFIELD,Backbone
336,ORANGE_ATS_MAH_0002,Masomeloka,ORANGE,ATSINANANA,MAHANORO,ANDRANAMBOMARO,null,-20.1358451843261,48.6707496643066,TRUE,TRUE,FALSE,FALSE,2G-3G/Backbone,2G-3G,NON,ORANGE,ENERGIE SOLAIRE,2011,530312,GREENFIELD,Backbone
337,ORANGE_VAT_NOS_0001,NosyVarika,ORANGE,VATOVAVY,NOSY VARIKA,NOSY VARIKA,null,-20.5951671600341,48.5256652832031,TRUE,TRUE,FALSE,FALSE,2G-3G/Backbone,2G-3G,NON,ORANGE,ENERGIE SOLAIRE,2011,360313,GREENFIELD,Backbone
338,ORANGE_AAT_VAN_0002,Befasy,ORANGE,ATSIMO ATSINANANA,VANGAINDRANO,SANDRAVINANY,null,-24.0175285339355,47.4329986572265,TRUE,TRUE,FALSE,FALSE,2G-3G/Backbone,2G-3G,NON,ORANGE,ENERGIE SOLAIRE,2011,320422,GREENFIELD,Backbone
339,ORANGE_ANO_TAO_0006,Manantenina,ORANGE,ANOSY,TAOLANARO,MANANTENINA,null,-24.2817497253417,47.3051681518554,TRUE,TRUE,FALSE,FALSE,2G-3G/Backbone,2G-3G,NON,ORANGE,ENERGIE SOLAIRE,2011,620319,GREENFIELD,Backbone
340,ORANGE_ANO_TAO_0007,Antsotso,ORANGE,ANOSY,TAOLANARO,IABOAKOHO,null,-24.6037502288818,47.2093048095703,TRUE,TRUE,FALSE,FALSE,2G-3G/Backbone,2G-3G,NON,ORANGE,ENERGIE SOLAIRE,2011,620314,GREENFIELD,Backbone
341,ORANGE_VAK_MAN_0003,AnjomaRamartine,ORANGE,VAKINANKARATRA,MANDOTO,ANJOMA RAMARTINA,null,-19.6114997863769,45.9941673278808,TRUE,TRUE,FALSE,FALSE,2G-3G/Backbone,2G-3G,NON,ORANGE,ENERGIE SOLAIRE,2011,140707,GREENFIELD,Backbone
342,ORANGE_ANO_TAO_0008,Mahatalaky,ORANGE,ANOSY,TAOLANARO,MAHATALAKY,null,-24.7936382293701,47.1023063659667,TRUE,TRUE,FALSE,FALSE,2G-3G/Backbone,2G-3G,NON,ORANGE,ENERGIE SOLAIRE,2011,620317,GREENFIELD,Backbone
343,ORANGE_MEN_MIA_0002,Ambatolahy,ORANGE,MENABE,MIANDRIVAZO,AMBATOLAHY,null,-20.011568069458,45.5365333557128,TRUE,TRUE,FALSE,FALSE,2G-3G/Backbone,2G-3G,NON,ORANGE,ENERGIE SOLAIRE,2011,640401,GREENFIELD,Backbone
344,ORANGE_MEN_MIA_0003,Ankotrofotsy,ORANGE,MENABE,MIANDRIVAZO,ANKOTROFOTSY,null,-19.777639389038,45.5285263061523,TRUE,TRUE,FALSE,FALSE,2G-3G/Backbone,2G-3G,NON,ORANGE,ENERGIE SOLAIRE,2011,640405,GREENFIELD,Backbone
345,ORANGE_MEN_MAH_0003,Bepaha,ORANGE,MENABE,MAHABO,MALAIMBANDY,null,-20.3890552520751,45.4946403503417,TRUE,TRUE,FALSE,FALSE,2G-3G/Backbone,2G-3G,NON,ORANGE,ENERGIE SOLAIRE,2011,640209,GREENFIELD,Backbone
346,ORANGE_ANO_TAO_0009,Ranopiso,ORANGE,ANOSY,TAOLANARO,RANOPISO,null,-25.0775279998779,46.7274436950683,TRUE,TRUE,FALSE,FALSE,2G-3G/Backbone,2G-3G,NON,ORANGE,ENERGIE SOLAIRE,2011,620323,GREENFIELD,Backbone
347,ORANGE_MEN_MAH_0004,Ankilizato,ORANGE,MENABE,MAHABO,ANKILIZATO,null,-20.3573894500732,45.0151672363281,TRUE,TRUE,FALSE,FALSE,2G-3G/Backbone,2G-3G,NON,ORANGE,ENERGIE SOLAIRE,2011,640205,GREENFIELD,Backbone
348,ORANGE_ANO_AMB_0002,Tsivory,ORANGE,ANOSY,AMBOASARY SUD,TSIVORY,null,-24.1001663208007,46.0370254516601,TRUE,TRUE,FALSE,FALSE,2G-3G,2G-3G,NON,ORANGE SHARED,ENERGIE SOLAIRE,2011,620116,GREENFIELD,null
349,ORANGE_MEN_MIA_0004,Tsimiroro,ORANGE,MENABE,MIANDRIVAZO,ANKONDROMENA,null,-18.3433055877685,45.0085563659667,TRUE,TRUE,FALSE,FALSE,2G-3G,2G-3G,NON,ORANGE,ENERGIE TIERS,2011,640404,GREENFIELD,null
350,ORANGE_SAV_VOH_0006,Ampanefena,ORANGE,SAVA,VOHEMAR,AMPANEFENA,null,-13.8581666946411,49.9478874206542,TRUE,TRUE,TRUE,FALSE,2G-3G-4G,2G-3G-4G,NON,ORANGE,JIRAMA + GE,2011,220404,GREENFIELD,null
351,ORANGE_ITA_SOA_0002,Ampefy,ORANGE,ITASY,SOAVINANDRIANA,AMPEFY,null,-19.0547504425048,46.7323875427246,TRUE,TRUE,TRUE,FALSE,2G-3G-4G,2G-3G-4G,NON,ORANGE,ENERGIE SOLAIRE,2011,130306,GREENFIELD,null
352,ORANGE_MAT_MAH_0002,Ialatsara,ORANGE,MATSIATRA AMBONY,AMBOHIMAHASOA,AMBOHIMAHASOA,null,-21.0753879547119,47.2156372070312,TRUE,FALSE,FALSE,FALSE,2G,2G,NON,ORANGE,ENERGIE SOLAIRE,2011,330203,GREENFIELD,null
353,ORANGE_BON_TSI_0002,Ambohiby,ORANGE,BONGOLAVA,TSIROANOMANDIDY,AMBATOLAMPY,null,-18.8828697204589,46.2054138183593,TRUE,FALSE,FALSE,FALSE,2G/Backbone,2G,NON,ORANGE,ENERGIE SOLAIRE,2011,120203,GREENFIELD,Backbone
354,ORANGE_DIA_NOS_0010,NosyBeAmbodivanio,ORANGE,DIANA,NOSY-BE,CU NOSY-BE,null,-13.3988218307495,48.2780151367187,TRUE,TRUE,TRUE,FALSE,2G-3G-4G/4G+,2G-3G-4G,NON,ORANGE,JIRAMA + GE,2012,210501,ROOFTOP,4G+
355,ORANGE_AAN_RUR_0007,StAugustin,ORANGE,ATSIMO ANDREFANA,TOLIARY II,SAINT AUGUSTIN,null,-23.5383892059326,43.7607231140136,TRUE,TRUE,FALSE,FALSE,2G-3G/Backbone,2G-3G,NON,ORANGE,ENERGIE SOLAIRE,2012,630921,GREENFIELD,Backbone
356,ORANGE_DIA_URB_0009,DiegoLazaret,ORANGE,DIANA,ANTSIRANANA I,ANTSIRANANA,null,-12.2832221984863,49.3015556335449,TRUE,TRUE,TRUE,FALSE,2G-3G-4G/TDD-4G+,2G-3G-4G,NON,ORANGE,JIRAMA + GE,2012,210301,GREENFIELD,TDD-4G+
357,ORANGE_DIA_RUR_0004,Mosorolava,ORANGE,DIANA,ANTSIRANANA II,MOSOROLAVA,null,-12.7258052825927,48.9479713439941,TRUE,TRUE,FALSE,FALSE,2G-3G,2G-3G,NON,ORANGE,ENERGIE SOLAIRE + GE,2012,210418,GREENFIELD,null
358,ORANGE_AAN_BET_0001,Betioky,ORANGE,ATSIMO ANDREFANA,BETIOKY SUD,ANKAZOMBALALA,null,-23.7268333435058,44.4668350219726,TRUE,TRUE,TRUE,FALSE,2G-3G-4G/Backbone,2G-3G-4G,NON,ORANGE,ENERGIE SOLAIRE,2012,630504,GREENFIELD,Backbone
359,ORANGE_AAN_BET_0002,AnkazomangaSud,ORANGE,ATSIMO ANDREFANA,BETIOKY SUD,ANKAZOMANGA OUEST,null,-23.7217502593994,44.0463600158691,TRUE,TRUE,FALSE,FALSE,2G-3G/Backbone,2G-3G,NON,ORANGE,ENERGIE SOLAIRE,2012,630503,GREENFIELD,Backbone
360,ORANGE_AAN_BET_0003,Bezaha,ORANGE,ATSIMO ANDREFANA,BETIOKY SUD,BEZAHA,null,-23.4871387481689,44.4963340759277,TRUE,TRUE,FALSE,FALSE,2G-3G/Backbone,2G-3G,NON,ORANGE,ENERGIE SOLAIRE,2012,630512,GREENFIELD,Backbone
361,ORANGE_AAN_AMP_0002,Ejeda,ORANGE,ATSIMO ANDREFANA,AMPANIHY OUEST,EJEDA,null,-24.3675842285156,44.5380554199218,TRUE,TRUE,FALSE,FALSE,2G-3G/Backbone,2G-3G,NON,ORANGE,ENERGIE SOLAIRE,2012,630111,GREENFIELD,Backbone
362,ORANGE_ANM_AMB_0012,MahitsyVille,ORANGE,ANALAMANGA,AMBOHIDRATRIMO,MAHITSY,null,-18.7502498626708,47.3466110229492,TRUE,TRUE,TRUE,FALSE,2G-3G-4G,2G-3G-4G,NON,TOA,ENERGIE TOM,2012,110121,GREENFIELD,null
75,GULFSAT_T54,Soavimasoandro,GULFSAT,ANALAMANGA,ANTANANARIVO_V,CU ANTANANARIVO (Arr.V),null,-18.864,47.519333333333336,FALSE,TRUE,FALSE,FALSE,null,3G,null,null,null,2020,111101,null,null
363,ORANGE_AAN_AMP_0003,Androka,ORANGE,ATSIMO ANDREFANA,AMPANIHY OUEST,ANDROKA,null,-24.9886951446533,44.154556274414,TRUE,TRUE,FALSE,FALSE,2G-3G/Backbone,2G-3G,NON,ORANGE,ENERGIE SOLAIRE,2012,630103,GREENFIELD,Backbone
364,ORANGE_AND_AMB_0002,Ambondro,ORANGE,ANDROY,AMBOVOMBE ANDROY,AMBONDRO,null,-25.2499160766601,45.8219184875488,TRUE,TRUE,FALSE,FALSE,2G-3G/Backbone,2G-3G,NON,ORANGE,ENERGIE SOLAIRE,2012,610105,GREENFIELD,Backbone
365,ORANGE_AND_BEL_0002,Lavanono,ORANGE,ANDROY,BELOHA ANDROY,TRANOVAHO,null,-25.4221935272216,44.9682502746582,TRUE,TRUE,FALSE,FALSE,2G-3G/Backbone,2G-3G,NON,ORANGE,ENERGIE SOLAIRE,2012,610306,GREENFIELD,Backbone
366,ORANGE_AND_TSI_0002,FauxCap,ORANGE,ANDROY,TSIHOMBE,FAUX CAP,null,-25.5033340454101,45.5115013122558,TRUE,TRUE,FALSE,FALSE,2G-3G/Backbone,2G-3G,NON,ORANGE,ENERGIE SOLAIRE,2012,610403,GREENFIELD,Backbone
367,ORANGE_BET_TSA_0002,Bekapaika,ORANGE,BETSIBOKA,TSARATANANA,BEKAPAIKA,null,-16.8039722442626,47.5258903503417,TRUE,TRUE,FALSE,FALSE,2G-3G/Backbone,2G-3G,NON,ORANGE,ENERGIE SOLAIRE,2012,410304,GREENFIELD,Backbone
368,ORANGE_ANM_AMB_0013,AntanetibeIvato,ORANGE,ANALAMANGA,AMBOHIDRATRIMO,ANTEHIROKA,null,-18.8330001831054,47.4687004089355,TRUE,TRUE,TRUE,FALSE,2G-3G-4G/TDD,2G-3G-4G,NON,TOA,ENERGIE TOM,2012,110112,GREENFIELD,TDD
369,ORANGE_BET_TSA_0003,Beampody,ORANGE,BETSIBOKA,TSARATANANA,MANAKANA,null,-17.7732505798339,47.5823059082031,TRUE,TRUE,FALSE,FALSE,2G-3G/Backbone,2G-3G,NON,ORANGE,ENERGIE SOLAIRE,2012,410308,GREENFIELD,Backbone
370,ORANGE_ANM_ANJ_0003,Antanetibe,ORANGE,ANALAMANGA,ANJOZOROBE,BERONONO,null,-18.3496665954589,47.5337486267089,TRUE,TRUE,FALSE,FALSE,2G-3G/Backbone,2G-3G,NON,ORANGE,ENERGIE SOLAIRE,2012,110314,GREENFIELD,Backbone
371,ORANGE_BET_TSA_0004,Andriamena,ORANGE,BETSIBOKA,TSARATANANA,ANDRIAMENA,null,-17.3861942291259,47.5144462585449,TRUE,TRUE,FALSE,FALSE,2G-3G/Backbone,2G-3G,NON,ORANGE,ENERGIE SOLAIRE,2012,410303,GREENFIELD,Backbone
372,ORANGE_ANM_REN_0064,Ambohipo2,ORANGE,ANALAMANGA,ANTANANARIVO_II,CU ANTANANARIVO (Arr.II),null,-18.9288616180419,47.5575828552246,TRUE,TRUE,TRUE,FALSE,2G-3G-4G/TDD-4G+,2G-3G-4G,NON,TOA,ENERGIE TOM,2012,110801,GREENFIELD,TDD-4G+
373,ORANGE_ANM_AND_0004,AlatsinainyBakaro,ORANGE,ANALAMANGA,ANDRAMASINA,ALATSINAINY BAKARO,null,-19.3241386413574,47.6813888549804,TRUE,TRUE,FALSE,FALSE,2G-3G,2G-3G,NON,TOA,ENERGIE TOM,2012,110202,GREENFIELD,null
374,ORANGE_BOE_MAR_0005,MarovoayTsararano,ORANGE,BOENY,MAROVOAY,ANOSINALAINOLONA,null,-16.2444992065429,46.5923881530761,TRUE,TRUE,FALSE,FALSE,2G-3G,2G-3G,NON,ORANGE,ENERGIE SOLAIRE,2012,420404,GREENFIELD,null
375,ORANGE_DIA_ABL_0003,AmbilobeBB,ORANGE,DIANA,AMBILOBE,AMBILOBE,null,-13.2295894622802,49.0431594848632,TRUE,TRUE,FALSE,FALSE,2G-3G/Backbone,2G-3G,NON,ORANGE,ENERGIE SOLAIRE + GE,2012,210204,GREENFIELD,Backbone
376,ORANGE_ANM_AMB_0014,Ambohitrimanjaka,ORANGE,ANALAMANGA,AMBOHIDRATRIMO,AMBOHITRIMANJAKA,null,-18.8649425506591,47.4435539245605,TRUE,TRUE,TRUE,FALSE,2G-3G-4G/TDD-4G+,2G-3G-4G,NON,TOA,ENERGIE TOM,2012,110106,GREENFIELD,TDD-4G+
377,ORANGE_ANM_SUD_0017,Ambodiafontsy,ORANGE,ANALAMANGA,ANTANANARIVO ATSIMONDRANO,AMPITATAFIKA,null,-18.9631385803222,47.4583320617675,TRUE,TRUE,FALSE,FALSE,2G-3G,2G-3G,NON,TOA,ENERGIE TOM,2012,110510,GREENFIELD,null
378,ORANGE_BON_FEN_0002,Firavahana,ORANGE,BONGOLAVA,FENOARIVOBE,FIRAVAHANA,null,-18.6924724578857,46.85347366333,TRUE,TRUE,FALSE,FALSE,2G-3G/Backbone,2G-3G,NON,ORANGE,ENERGIE SOLAIRE,2012,120104,GREENFIELD,Backbone
379,ORANGE_ANO_TAO_0010,RanomafanaSud,ORANGE,ANOSY,TAOLANARO,BEVOAY,null,-24.4903335571289,46.986831665039,TRUE,TRUE,FALSE,FALSE,2G-3G,2G-3G,NON,ORANGE,ENERGIE SOLAIRE,2012,620309,GREENFIELD,null
380,ORANGE_DIA_ABL_0004,Andranotsara,ORANGE,DIANA,AMBILOBE,BERAMANJA,null,-13.3445281982421,48.8311119079589,TRUE,FALSE,FALSE,FALSE,2G/Backbone,2G,NON,ORANGE,ENERGIE SOLAIRE,2013,210211,GREENFIELD,Backbone
381,ORANGE_DIA_RUR_0005,Sadjoavato,ORANGE,DIANA,ANTSIRANANA II,SADJOAVATO,null,-12.6335000991821,49.3556098937988,TRUE,TRUE,FALSE,FALSE,2G-3G/Backbone,2G-3G,NON,ORANGE,ENERGIE SOLAIRE,2013,210420,GREENFIELD,Backbone
382,ORANGE_DIA_ABJ_0004,Miarena,ORANGE,DIANA,AMBANJA,ANTSIRABE,null,-13.8898334503173,48.2188873291015,TRUE,TRUE,FALSE,FALSE,2G-3G/Backbone,2G-3G,NON,ORANGE,ENERGIE SOLAIRE + GE,2013,210115,GREENFIELD,Backbone
383,ORANGE_ANJ_FEN_0003,Vohidrazana,ORANGE,ANALANJIROFO,FENERIVE EST,MAHANORO,null,-17.361083984375,49.3292236328125,TRUE,FALSE,FALSE,FALSE,2G/Backbone,2G,NON,ORANGE,ENERGIE SOLAIRE + GE,2013,520108,GREENFIELD,Backbone
384,ORANGE_ATS_RUR_0008,Sahafohy,ORANGE,ATSINANANA,TOAMASINA II,FOULPOINTE,null,-17.8408603668212,49.46577835083,TRUE,TRUE,FALSE,FALSE,2G-3G/Backbone,2G-3G,NON,ORANGE,ENERGIE SOLAIRE + GE,2013,530614,GREENFIELD,Backbone
385,ORANGE_SOF_ANA_0005,Ampitolovana,ORANGE,SOFIA,ANALALAVA,BEFOTAKA NORD,null,-14.4331941604614,48.0107765197753,TRUE,TRUE,FALSE,FALSE,2G-3G/Backbone,2G-3G,NON,ORANGE,ENERGIE SOLAIRE + GE,2013,440109,GREENFIELD,Backbone
386,ORANGE_SOF_ANA_0006,Anadroadro,ORANGE,SOFIA,ANALALAVA,ANKARAMY,null,-14.0599164962768,48.1084175109863,TRUE,TRUE,FALSE,FALSE,2G-3G/Backbone,2G-3G,NON,ORANGE,ENERGIE SOLAIRE + GE,2013,440107,GREENFIELD,Backbone
387,ORANGE_SOF_MAM_0002,Antsorolava,ORANGE,SOFIA,MAMPIKONY,BEKORATSAKA,null,-16.0863895416259,47.4937782287597,TRUE,FALSE,FALSE,FALSE,2G/Backbone,2G,NON,ORANGE,ENERGIE SOLAIRE,2013,440505,GREENFIELD,Backbone
388,ORANGE_SOF_MAM_0003,Masiadambo,ORANGE,SOFIA,MAMPIKONY,ANKIRIRIKY,null,-15.8808059692382,47.6206398010253,TRUE,FALSE,FALSE,FALSE,2G/Backbone,2G,NON,ORANGE,ENERGIE SOLAIRE + GE,2013,440504,GREENFIELD,Backbone
389,ORANGE_SOF_BOR_0002,PortBergerBB,ORANGE,SOFIA,PORT-BERGE,PORT BERGE II,null,-15.5999851226806,47.6131896972656,TRUE,TRUE,FALSE,FALSE,2G-3G/Backbone,2G-3G,NON,ORANGE,ENERGIE SOLAIRE,2013,440710,GREENFIELD,Backbone
390,ORANGE_SAV_ANT_0004,Ambohitralanana,ORANGE,SAVA,ANTALAHA,AMBOHITRALANANA,null,-15.2795829772949,50.4693870544433,TRUE,TRUE,FALSE,FALSE,2G-3G/Backbone,2G-3G,NON,ORANGE,ENERGIE SOLAIRE + GE,2013,220203,GREENFIELD,Backbone
391,ORANGE_ANM_NOR_0011,Ambohimalaza,ORANGE,ANALAMANGA,ANTANANARIVO AVARADRANO,AMBOHIMALAZA MIRAY,null,-18.9023609161376,47.6471939086914,TRUE,TRUE,FALSE,FALSE,2G-3G,2G-3G,NON,TOA,ENERGIE TOM,2013,110602,GREENFIELD,null
392,ORANGE_BOE_RUR_0003,MajungaAntsanitia,ORANGE,BOENY,MAHAJANGA II,BELOBAKA,null,-15.5831670761108,46.4496955871582,TRUE,TRUE,TRUE,FALSE,2G-3G-4G,2G-3G-4G,NON,TOA,ENERGIE TOM,2013,420305,GREENFIELD,null
393,ORANGE_ANM_AMB_0015,Golf2,ORANGE,ANALAMANGA,AMBOHIDRATRIMO,ANOSIALA,null,-18.7938652038574,47.4240531921386,TRUE,TRUE,TRUE,FALSE,2G-3G-4G,2G-3G-4G,NON,ORANGE,JIRAMA + GE,2013,110110,GREENFIELD,null
394,ORANGE_DIA_RUR_0006,DiegoRamena,ORANGE,DIANA,ANTSIRANANA II,RAMENA,null,-12.2665834426879,49.3511123657226,TRUE,TRUE,TRUE,FALSE,2G-3G-4G,2G-3G-4G,NON,TOA,ENERGIE TOM,2013,210419,GREENFIELD,null
395,ORANGE_AAN_URB_0006,TulearAndaboly,ORANGE,ATSIMO ANDREFANA,TOLIARA I,TOLIARA I,null,-23.3414726257324,43.6680564880371,TRUE,TRUE,TRUE,FALSE,2G-3G-4G,2G-3G-4G,NON,TOA,ENERGIE TOM,2013,630801,GREENFIELD,null
396,ORANGE_AAN_RUR_0008,Anakao,ORANGE,ATSIMO ANDREFANA,TOLIARY II,ANAKAO,null,-23.6415557861328,43.6555557250976,TRUE,TRUE,FALSE,FALSE,2G-3G,2G-3G,NON,TOA,ENERGIE TOM,2013,630903,GREENFIELD,null
397,ORANGE_ANM_REN_0065,TanaAnalakely,ORANGE,ANALAMANGA,ANTANANARIVO_I,CU ANTANANARIVO (Arr.I),null,-18.9064006805419,47.5256042480468,TRUE,TRUE,TRUE,FALSE,2G-3G-4G/TDD-4G+,2G-3G-4G,NON,ORANGE,JIRAMA,2013,110701,ROOFTOP,TDD-4G+
398,ORANGE_ANM_NOR_0012,TanaIlafy,ORANGE,ANALAMANGA,ANTANANARIVO AVARADRANO,ANKADIKELY ILAFY,null,-18.8512229919433,47.5581665039062,TRUE,TRUE,TRUE,FALSE,2G-3G-4G/TDD-4G+,2G-3G-4G,NON,TOA,ENERGIE TOM,2013,110607,GREENFIELD,TDD-4G+
399,ORANGE_ANM_SUD_0018,TanaIavoloha,ORANGE,ANALAMANGA,ANTANANARIVO ATSIMONDRANO,ANDOHARANOFOTSY,null,-19.0021381378173,47.5367240905761,TRUE,TRUE,TRUE,FALSE,2G-3G-4G,2G-3G-4G,NON,TOA,ENERGIE TOM,2013,110511,GREENFIELD,null
400,ORANGE_ATS_RUR_0009,Ambodilazana,ORANGE,ATSINANANA,TOAMASINA II,AMBODILAZANA,null,-18.0654716491699,49.1213073730468,TRUE,FALSE,FALSE,FALSE,2G/Backbone,2G,NON,ORANGE,ENERGIE SOLAIRE + GE,2013,530601,GREENFIELD,Backbone
401,ORANGE_ALA_AMP_0003,AlaotraAmbohijanahary,ORANGE,ALAOTRA MANGORO,AMPARAFARAVOLA,AMBOHIJANAHARY,null,-17.4111385345458,48.3739166259765,TRUE,TRUE,FALSE,FALSE,2G-3G,2G-3G,NON,TOA,ENERGIE TOM,2013,510204,GREENFIELD,null
402,ORANGE_BON_TSI_0003,Fierenana,ORANGE,BONGOLAVA,TSIROANOMANDIDY,FIERENANA,null,-18.5333881378173,45.8160285949707,TRUE,FALSE,FALSE,FALSE,2G/Backbone,2G,NON,ORANGE,ENERGIE SOLAIRE,2013,120210,GREENFIELD,Backbone
403,ORANGE_MEL_MOR_0002,Beravina,ORANGE,MELAKY,MORAFENOBE,BERAVINA,null,-18.1967506408691,45.2653350830078,TRUE,TRUE,FALSE,FALSE,2G-3G/Backbone,2G-3G,NON,ORANGE,ENERGIE SOLAIRE,2013,430502,GREENFIELD,Backbone
404,ORANGE_BOE_MIT_0002,Namakia,ORANGE,BOENY,MITSINJO,MATSAKABANJA,null,-15.9194164276123,45.8326950073242,TRUE,TRUE,FALSE,FALSE,2G-3G,2G-3G,NON,TOA,ENERGIE TOM,2013,420506,GREENFIELD,null
405,ORANGE_MEL_MOR_0003,Morafenobe2,ORANGE,MELAKY,MORAFENOBE,MORAFENOBE,null,-17.8252506256103,44.9961929321289,TRUE,TRUE,FALSE,FALSE,2G-3G/Backbone,2G-3G,NON,ORANGE,ENERGIE SOLAIRE,2013,430503,GREENFIELD,Backbone
406,ORANGE_MEL_MOR_0004,Ampiketrahana,ORANGE,MELAKY,MORAFENOBE,ANTRANOKOAKY,null,-17.8831119537353,44.5695571899414,TRUE,TRUE,FALSE,FALSE,2G-3G/Backbone,2G-3G,NON,ORANGE,ENERGIE SOLAIRE + GE,2013,430504,GREENFIELD,Backbone
76,GULFSAT_T58,Ambohimangakely,GULFSAT,ANALAMANGA,ANTANANARIVO_V,CU ANTANANARIVO (Arr.V),null,-18.900430555555555,47.610949,FALSE,FALSE,FALSE,FALSE,null,WIMAX,null,null,null,2020,111101,null,WIMAX
407,ORANGE_MEL_MAI_0001,Maintirano,ORANGE,MELAKY,MAINTIRANO,MAINTIRANO,null,-18.0575008392333,44.033390045166,TRUE,TRUE,TRUE,FALSE,2G-3G-4G/Backbone,2G-3G-4G,NON,ORANGE,JIRAMA + ENERGIE SOLAIRE + GE,2013,430413,GREENFIELD,Backbone
408,ORANGE_SAV_ANT_0005,Ambinanifaho,ORANGE,SAVA,ANTALAHA,LANJARIVO,null,-14.6346387863159,50.105110168457,TRUE,FALSE,FALSE,FALSE,2G,2G,NON,TOA,ENERGIE TOM,2013,220213,GREENFIELD,null
409,ORANGE_ITA_ARI_0005,Arivonimamo2,ORANGE,ITASY,ARIVONIMAMO,ARIVONIMAMO,null,-19.0153064727783,47.1811370849609,TRUE,TRUE,TRUE,FALSE,2G-3G-4G,2G-3G-4G,NON,ORANGE,JIRAMA,2013,130113,GREENFIELD,null
410,ORANGE_BOE_URB_0010,MajungaBelobaka,ORANGE,BOENY,MAHAJANGA I,MAHAJANGA,null,-15.7120304107666,46.3702125549316,TRUE,TRUE,TRUE,FALSE,2G-3G-4G/TDD-4G+,2G-3G-4G,NON,HELIOS,ENERGIE AIRTEL,2013,420201,GREENFIELD,TDD-4G+
411,ORANGE_VAK_URB_0008,AntsirabeIvohitra,ORANGE,VAKINANKARATRA,ANTSIRABE I,ANTSIRABE,null,-19.8793106079101,47.008689880371,TRUE,TRUE,TRUE,FALSE,2G-3G-4G,2G-3G-4G,NON,TOA,ENERGIE TOM,2013,140301,GREENFIELD,null
412,ORANGE_ATS_URB_0013,TamaTanamakoa,ORANGE,ATSINANANA,TOAMASINA I,CU TOAMASINA arr. TANAMBAO V,null,-18.1447620391845,49.4096908569335,TRUE,TRUE,TRUE,FALSE,2G-3G-4G/TDD-4G+,2G-3G-4G,NON,HELIOS,ENERGIE AIRTEL,2013,530505,GREENFIELD,TDD-4G+
413,ORANGE_MEL_AMB_0001,Ambatomainty,ORANGE,MELAKY,AMBATOMAINTY,AMBATOMAINTY,null,-17.702444076538,45.6907730102539,TRUE,TRUE,FALSE,FALSE,2G-3G,2G-3G,NON,ORANGE,ENERGIE SOLAIRE,2013,430101,GREENFIELD,null
414,ORANGE_ANM_SUD_0019,TanaTanjombato,ORANGE,ANALAMANGA,ANTANANARIVO ATSIMONDRANO,TANJOMBATO,null,-18.9544334411621,47.5231094360351,TRUE,TRUE,TRUE,FALSE,2G-3G-4G,2G-3G-4G,NON,TOA,ENERGIE TOM,2014,110525,GREENFIELD,null
415,ORANGE_DIA_URB_0010,DiegoCentre,ORANGE,DIANA,ANTSIRANANA I,ANTSIRANANA,null,-12.2767782211303,49.2907791137695,TRUE,TRUE,TRUE,FALSE,2G-3G-4G,2G-3G-4G,NON,TOA,ENERGIE TOM,2014,210301,GREENFIELD,null
416,ORANGE_ANM_MAN_0006,Ambohitrandriamanitra,ORANGE,ANALAMANGA,MANJAKANDRIANA,AMBOHITRANDRIAMANITRA,null,-19.0879173278808,47.7476387023925,TRUE,TRUE,FALSE,FALSE,2G-3G/Backbone,2G-3G,NON,ORANGE,ENERGIE SOLAIRE + GE,2014,111308,GREENFIELD,Backbone
417,ORANGE_MAT_MAH_0003,CampRobin,ORANGE,MATSIATRA AMBONY,AMBOHIMAHASOA,CAMP ROBIN,null,-20.953556060791,47.1573066711425,TRUE,TRUE,FALSE,FALSE,2G-3G,2G-3G,NON,ORANGE,ENERGIE SOLAIRE,2014,330209,GREENFIELD,null
418,ORANGE_MAT_VOH_0001,AlakamisyItenina,ORANGE,MATSIATRA AMBONY,VOHIBATO,ALAKAMISY ITENINA,null,-21.6266117095947,47.1814155578613,TRUE,TRUE,FALSE,FALSE,2G-3G,2G-3G,NON,ORANGE,ENERGIE SOLAIRE,2014,330601,GREENFIELD,null
419,ORANGE_MAT_ISA_0001,Isorana,ORANGE,MATSIATRA AMBONY,ISANDRA,AMBALAMIDERA II,null,-21.3341388702392,46.9036674499511,TRUE,FALSE,FALSE,FALSE,2G,2G,NON,ORANGE,ENERGIE SOLAIRE,2014,330401,GREENFIELD,null
420,ORANGE_ANM_NOR_0013,TanaAmboatany,ORANGE,ANALAMANGA,ANTANANARIVO AVARADRANO,AMBOHIMANGA ROVA,null,-18.7638339996337,47.5332794189453,TRUE,TRUE,TRUE,FALSE,2G-3G-4G/TDD,2G-3G-4G,NON,ORANGE,ENERGIE SOLAIRE,2014,110604,GREENFIELD,TDD
421,ORANGE_MAT_IKA_0001,Ikalamavony,ORANGE,MATSIATRA AMBONY,IKALAMAVONY,IKALAMAVONY,null,-21.1763896942138,46.6346092224121,TRUE,TRUE,FALSE,FALSE,2G-3G,2G-3G,NON,ORANGE,ENERGIE SOLAIRE,2014,330503,GREENFIELD,null
422,ORANGE_VAK_ANT_0004,Ambohimandroso2,ORANGE,VAKINANKARATRA,ANTANIFOTSY,AMBOHIMANDROSO,null,-19.5240840911865,47.4271392822265,TRUE,TRUE,FALSE,FALSE,2G-3G,2G-3G,NON,TOA,ENERGIE TOM,2014,140205,GREENFIELD,null
423,ORANGE_DIA_RUR_0007,Mahavanona,ORANGE,DIANA,ANTSIRANANA II,MAHAVANONA,null,-12.4677782058715,49.407470703125,TRUE,TRUE,FALSE,FALSE,2G-3G,2G-3G,NON,TOA,ENERGIE TOM,2014,210416,GREENFIELD,null
424,ORANGE_DIA_ABL_0005,Betsiaka,ORANGE,DIANA,AMBILOBE,BETSIAKA,null,-13.1746387481689,49.22847366333,TRUE,TRUE,FALSE,FALSE,2G-3G,2G-3G,NON,TOA,ENERGIE TOM,2014,210212,GREENFIELD,null
425,ORANGE_SAV_ANT_0006,AntalahaAntsirabato,ORANGE,SAVA,ANTALAHA,AMPOHIBE,null,-15.007788658142,50.3046951293945,TRUE,TRUE,FALSE,FALSE,2G-3G,2G-3G,NON,HELIOS,ENERGIE AIRTEL,2014,220206,GREENFIELD,null
426,ORANGE_AAN_RUR_0009,MangilyIfaty,ORANGE,ATSIMO ANDREFANA,TOLIARY II,BELALANDA,null,-23.1329441070556,43.6177787780761,TRUE,TRUE,TRUE,FALSE,2G-3G-4G,2G-3G-4G,NON,TOA,ENERGIE TOM,2014,630912,GREENFIELD,null
427,ORANGE_SAV_AND_0002,Ambatosoratra,ORANGE,SAVA,ANDAPA,BELAOKA LOKOHO,null,-14.548222541809,49.6981925964355,TRUE,TRUE,FALSE,FALSE,2G-3G,2G-3G,NON,ORANGE,ENERGIE SOLAIRE + GE,2014,220112,GREENFIELD,null
428,ORANGE_ALA_AMP_0004,MoraranoChrome,ORANGE,ALAOTRA MANGORO,AMPARAFARAVOLA,MORARANO CHROME,null,-17.75927734375,48.1746406555175,TRUE,TRUE,FALSE,FALSE,2G-3G,2G-3G,NON,TOA,ENERGIE TOM,2014,510215,GREENFIELD,null
429,ORANGE_VAK_FAR_0002,Vinaninony,ORANGE,VAKINANKARATRA,FARATSIHO,VINANINONY SUD,null,-19.5499992370605,46.9500007629394,TRUE,FALSE,FALSE,FALSE,2G,2G,NON,HELIOS,ENERGIE AIRTEL,2014,140609,GREENFIELD,null
430,ORANGE_SAV_AND_0003,Ambodiangezoka,ORANGE,SAVA,ANDAPA,ANDRANOMENA,null,-14.5816392898559,49.517333984375,TRUE,TRUE,TRUE,FALSE,2G-3G-4G,2G-3G-4G,NON,TOA,ENERGIE TOM,2014,220106,GREENFIELD,null
431,ORANGE_SAV_SAM_0006,Amboahangibe,ORANGE,SAVA,SAMBAVA,AMBOANGIBE,null,-14.1399164199829,49.800609588623,TRUE,TRUE,FALSE,FALSE,2G-3G,2G-3G,NON,HELIOS,ENERGIE AIRTEL,2014,220302,GREENFIELD,null
432,ORANGE_BOE_URB_0011,MajungaLaCorniche,ORANGE,BOENY,MAHAJANGA I,MAHAJANGA,null,-15.7154998779296,46.3009185791015,TRUE,TRUE,TRUE,FALSE,2G-3G-4G/TDD-4G+,2G-3G-4G,NON,ORANGE SHARED,JIRAMA + GE,2014,420201,GREENFIELD,TDD-4G+
433,ORANGE_ANM_MAN_0007,Sadabe,ORANGE,ANALAMANGA,MANJAKANDRIANA,SADABE,null,-18.6184158325195,47.7033042907714,TRUE,TRUE,FALSE,FALSE,2G-3G,2G-3G,NON,ORANGE,ENERGIE SOLAIRE,2014,111323,GREENFIELD,null
434,ORANGE_ANM_REN_0066,TanaLaCity,ORANGE,ANALAMANGA,ANTANANARIVO_V,CU ANTANANARIVO (Arr.V),null,-18.875,47.5192260742187,TRUE,TRUE,TRUE,FALSE,2G-3G-4G,2G-3G-4G,NON,ORANGE,JIRAMA,2014,111101,ROOFTOP,null
435,ORANGE_ALA_MOR_0009,AmboasaryGara,ORANGE,ALAOTRA MANGORO,MORAMANGA,AMBOASARY,null,-18.4337501525878,48.2878036499023,TRUE,TRUE,FALSE,FALSE,2G-3G,2G-3G,NON,HELIOS,ENERGIE AIRTEL,2014,510502,GREENFIELD,null
436,ORANGE_BON_TSI_0004,Mahasolo,ORANGE,BONGOLAVA,TSIROANOMANDIDY,MAHASOLO,null,-19.1664447784423,46.3041381835937,TRUE,FALSE,FALSE,FALSE,2G,2G,NON,TOA,ENERGIE TOM,2014,120211,GREENFIELD,null
437,ORANGE_ITA_MIA_0004,Soamahamanina,ORANGE,ITASY,MIARINARIVO,SOAMAHAMANINA,null,-18.9971389770507,47.0335807800292,TRUE,TRUE,FALSE,FALSE,2G-3G,2G-3G,NON,HELIOS,ENERGIE AIRTEL,2014,130212,GREENFIELD,null
438,ORANGE_AMO_ABS_0006,Tsarasaotra,ORANGE,AMORON'I MANIA,AMBOSITRA,TSARASAOTRA,null,-20.4558200836181,47.2109107971191,TRUE,FALSE,FALSE,FALSE,2G,2G,NON,HELIOS,ENERGIE AIRTEL,2014,310222,GREENFIELD,null
439,ORANGE_DIA_ABL_0006,Anaborano,ORANGE,DIANA,AMBILOBE,AMBARAKARAKA,null,-13.5003080368041,48.8109283447265,TRUE,TRUE,FALSE,FALSE,2G-3G,2G-3G,NON,TOA,ENERGIE TOM,2014,210202,GREENFIELD,null
440,ORANGE_MEN_MOR_0004,Marofandilia,ORANGE,MENABE,MORONDAVA,MAROFANDILIA,null,-20.1340389251708,44.5506248474121,TRUE,FALSE,FALSE,FALSE,2G,2G,NON,HELIOS,ENERGIE AIRTEL,2014,640506,GREENFIELD,null
441,ORANGE_VAK_ANT_0005,Ambohitompoina,ORANGE,VAKINANKARATRA,ANTANIFOTSY,AMBOHITOMPOINA,null,-19.8194103240966,47.5697364807128,TRUE,FALSE,FALSE,FALSE,2G,2G,NON,HELIOS,ENERGIE AIRTEL,2014,140206,GREENFIELD,null
442,ORANGE_ANM_ANJ_0004,Mangamila,ORANGE,ANALAMANGA,ANJOZOROBE,MANGAMILA,null,-18.5900001525878,47.8631401062011,TRUE,TRUE,FALSE,FALSE,2G-3G,2G-3G,NON,HELIOS,ENERGIE AIRTEL,2014,110316,GREENFIELD,null
443,ORANGE_MEN_MIA_0005,Ankiranomena,ORANGE,MENABE,MIANDRIVAZO,DABOLAVA,null,-19.6082229614257,45.6174736022949,TRUE,FALSE,FALSE,FALSE,2G,2G,NON,HELIOS,ENERGIE AIRTEL,2014,640409,GREENFIELD,null
444,ORANGE_AAT_VAN_0003,Manambondro,ORANGE,ATSIMO ATSINANANA,VANGAINDRANO,MANAMBONDRO,null,-23.8002643585205,47.5447731018066,TRUE,TRUE,FALSE,FALSE,2G-3G,2G-3G,NON,TOA,ENERGIE TOM,2014,320417,GREENFIELD,null
445,ORANGE_AAT_FAR_0002,Ambohigogo,ORANGE,ATSIMO ATSINANANA,FARAFANGANA,AMBOHIGOGO,null,-22.8106002807617,47.5338096618652,TRUE,FALSE,FALSE,FALSE,2G,2G,NON,PICOM3,ENERGIE TOM,2014,320204,GREENFIELD,null
446,ORANGE_DIA_URB_0011,DiegoMangarivotra,ORANGE,DIANA,ANTSIRANANA I,ANTSIRANANA,null,-12.2885274887084,49.2813606262207,TRUE,TRUE,TRUE,FALSE,2G-3G-4G/4G+,2G-3G-4G,NON,ORANGE,JIRAMA,2014,210301,GREENFIELD,4G+
447,ORANGE_ANM_MAN_0008,Carion,ORANGE,ANALAMANGA,MANJAKANDRIANA,NANDIHIZANA CARION,null,-18.9139881134033,47.7001113891601,TRUE,TRUE,FALSE,FALSE,2G-3G,2G-3G,NON,HELIOS,ENERGIE AIRTEL,2014,111321,GREENFIELD,null
448,ORANGE_ANM_REN_0067,TanaAnosipatrana,ORANGE,ANALAMANGA,ANTANANARIVO_IV,CU ANTANANARIVO (Arr.IV),null,-18.9209270477294,47.5035514831542,TRUE,TRUE,TRUE,FALSE,2G-3G-4G/TDD-4G+,2G-3G-4G,NON,HELIOS,ENERGIE AIRTEL,2014,111001,GREENFIELD,TDD-4G+
449,ORANGE_BET_MAE_0007,Berivotra5sur5,ORANGE,BETSIBOKA,MAEVATANANA,BERIVOTRA 5/5,null,-16.7605285644531,47.0471649169921,TRUE,FALSE,FALSE,FALSE,2G,2G,NON,HELIOS,ENERGIE AIRTEL,2014,410219,GREENFIELD,null
450,ORANGE_AMO_ABF_0002,Soavina,ORANGE,AMORON'I MANIA,AMBATOFINANDRAHANA,SOAVINA,null,-20.3848667144775,46.9123229980468,TRUE,FALSE,FALSE,FALSE,2G,2G,NON,HELIOS,ENERGIE AIRTEL,2014,310109,GREENFIELD,null
451,ORANGE_ATS_RUR_0010,Ambodiatafana,ORANGE,ATSINANANA,TOAMASINA II,ANTETEZAMBARO,null,-17.951150894165,49.4348793029785,TRUE,TRUE,FALSE,FALSE,2G-3G,2G-3G,NON,HELIOS,ENERGIE AIRTEL,2014,530611,GREENFIELD,null
452,ORANGE_ATS_URB_0014,TamaManangareza,ORANGE,ATSINANANA,TOAMASINA I,CU TOAMASINA arr. ANJOMA,null,-18.1754608154296,49.3917388916015,TRUE,TRUE,TRUE,FALSE,2G-3G-4G/4G+,2G-3G-4G,NON,HELIOS,ENERGIE AIRTEL,2014,530502,GREENFIELD,4G+
453,ORANGE_ATS_BRI_0008,AnivoranoEst,ORANGE,ATSINANANA,BRICKAVILLE,ANIVORANO EST,null,-18.7522220611572,48.9776878356933,TRUE,TRUE,FALSE,FALSE,2G-3G,2G-3G,NON,HELIOS,ENERGIE AIRTEL,2014,530207,GREENFIELD,null
454,ORANGE_DIA_NOS_0011,NosyBeAmbonara,ORANGE,DIANA,NOSY-BE,CU NOSY-BE,null,-13.3938808441162,48.2688102722167,TRUE,TRUE,TRUE,FALSE,2G-3G-4G/TDD-4G+,2G-3G-4G,NON,HELIOS,ENERGIE AIRTEL,2014,210501,GREENFIELD,TDD-4G+
455,ORANGE_DIA_ABJ_0005,Djangoa,ORANGE,DIANA,AMBANJA,DJANGOA,null,-13.798861503601,48.3596954345703,TRUE,TRUE,FALSE,FALSE,2G-3G,2G-3G,NON,ORANGE,ENERGIE SOLAIRE,2014,210119,GREENFIELD,null
456,ORANGE_BOE_RUR_0004,MajungaGrandPavois,ORANGE,BOENY,MAHAJANGA II,BELOBAKA,null,-15.6434249877929,46.349739074707,TRUE,TRUE,TRUE,FALSE,2G-3G-4G/4G+,2G-3G-4G,NON,TOA,ENERGIE TOM,2014,420305,GREENFIELD,4G+
457,ORANGE_SAV_SAM_0007,Sambava5,ORANGE,SAVA,SAMBAVA,SAMBAVA,null,-14.255220413208,50.1570510864257,TRUE,TRUE,TRUE,FALSE,2G-3G-4G/TDD,2G-3G-4G,NON,HELIOS,ENERGIE AIRTEL,2014,220325,GREENFIELD,TDD
458,ORANGE_VAK_URB_0009,AntsirabeAmbohimena,ORANGE,VAKINANKARATRA,ANTSIRABE I,ANTSIRABE,null,-19.8886394500732,47.0414428710937,TRUE,TRUE,TRUE,FALSE,2G-3G-4G,2G-3G-4G,NON,TOA,ENERGIE TOM,2014,140301,GREENFIELD,null
459,ORANGE_ANM_NOR_0014,Anjeva,ORANGE,ANALAMANGA,ANTANANARIVO AVARADRANO,ANJEVA GARA,null,-18.9394645690917,47.6601371765136,TRUE,TRUE,FALSE,FALSE,2G-3G,2G-3G,NON,HELIOS,ENERGIE AIRTEL,2014,110606,GREENFIELD,null
460,ORANGE_SOF_ANT_0003,AntsohihyAeroport,ORANGE,SOFIA,ANTSOHIHY,ANTSOHIHY,null,-14.8891859054565,47.9974822998046,TRUE,TRUE,TRUE,FALSE,2G-3G-4G,2G-3G-4G,NON,TOA,ENERGIE TOM,2014,440211,GREENFIELD,null
461,ORANGE_VAK_RUR_0003,AntsirabeAmpataka,ORANGE,VAKINANKARATRA,ANTSIRABE II,AMBANO,null,-19.8282089233398,47.0428047180175,TRUE,TRUE,TRUE,FALSE,2G-3G-4G/TDD,2G-3G-4G,OUI,ORANGE SHARED,JIRAMA + GE,2014,140403,GREENFIELD,TDD
462,ORANGE_ATS_RUR_0011,TamaBarikadimy,ORANGE,ATSINANANA,TOAMASINA II,TOAMASINA SUBURBAINE,null,-18.1193332672119,49.3867797851562,TRUE,TRUE,TRUE,FALSE,2G-3G-4G/TDD-4G+,2G-3G-4G,NON,TOA,ENERGIE TOM,2014,530617,GREENFIELD,TDD-4G+
463,ORANGE_MEN_MOR_0005,MorondavaBemanonga,ORANGE,MENABE,MORONDAVA,BEMANONGA,null,-20.2928619384765,44.3470268249511,TRUE,TRUE,TRUE,FALSE,2G-3G-4G,2G-3G-4G,NON,ORANGE,JIRAMA + GE,2014,640504,GREENFIELD,null
464,ORANGE_AAN_RUR_0010,Ankilimalinika,ORANGE,ATSIMO ANDREFANA,TOLIARY II,ANKILIMALINIKA,null,-22.9573307037353,43.5633888244628,TRUE,TRUE,FALSE,FALSE,2G-3G,2G-3G,NON,PICOM,ENERGIE TOM,2014,630908,GREENFIELD,null
465,ORANGE_AAN_RUR_0012,Analamisampy,ORANGE,ATSIMO ANDREFANA,TOLIARY II,SOAHAZO,null,-22.4596691131591,43.6800804138183,TRUE,TRUE,FALSE,FALSE,2G-3G,2G-3G,NON,PICOM,ENERGIE TOM,2014,630925,GREENFIELD,null
466,ORANGE_AAN_MOR_0004,Antanimieva,ORANGE,ATSIMO ANDREFANA,MOROMBE,ANTANIMIEVA,null,-22.2452507019042,43.7675285339355,TRUE,TRUE,FALSE,FALSE,2G-3G,2G-3G,NON,PICOM,ENERGIE TOM,2014,630602,GREENFIELD,null
467,ORANGE_AAN_MOR_0003,Bevoay,ORANGE,ATSIMO ANDREFANA,MOROMBE,ANKATSAKANTSA SUD,null,-21.8509998321533,43.8579444885253,TRUE,FALSE,FALSE,FALSE,2G,2G,NON,PICOM,ENERGIE TOM,2014,630610,GREENFIELD,null
468,ORANGE_AAN_RUR_0011,Tsingorotelo,ORANGE,ATSIMO ANDREFANA,TOLIARY II,BELALANDA,null,-23.2247009277343,43.6241111755371,TRUE,TRUE,FALSE,FALSE,2G-3G,2G-3G,NON,PICOM,ENERGIE TOM,2014,630912,GREENFIELD,null
469,ORANGE_MEN_MAN_0002,Ankiliabo,ORANGE,MENABE,MANJA,ANKILIABO,null,-21.7033615112304,43.8854103088378,TRUE,TRUE,FALSE,FALSE,2G-3G,2G-3G,NON,PICOM,ENERGIE TOM,2014,640302,GREENFIELD,null
470,ORANGE_AAN_MOR_0005,BefandrianaSud,ORANGE,ATSIMO ANDREFANA,MOROMBE,BEFANDRIANA SUD,null,-22.0968608856201,43.8908348083496,TRUE,TRUE,FALSE,FALSE,2G-3G,2G-3G,NON,PICOM,ENERGIE TOM,2014,630606,GREENFIELD,null
471,ORANGE_AAN_MOR_0006,Andavadoaka,ORANGE,ATSIMO ANDREFANA,MOROMBE,BEFANDEFA,null,-22.066499710083,43.2465705871582,TRUE,TRUE,FALSE,FALSE,2G-3G,2G-3G,NON,PICOM,ENERGIE TOM,2014,630605,GREENFIELD,null
472,ORANGE_MEN_MAN_0003,Soaserana,ORANGE,MENABE,MANJA,SOASERANA,null,-21.1026668548583,44.2196922302246,TRUE,FALSE,FALSE,FALSE,2G,2G,NON,PICOM,ENERGIE TOM,2014,640306,GREENFIELD,null
473,ORANGE_MEN_MAN_0004,Anotsibe,ORANGE,MENABE,MANJA,BETSIOKY,null,-21.4053707122802,44.5032615661621,TRUE,TRUE,FALSE,FALSE,2G-3G,2G-3G,NON,PICOM,ENERGIE TOM,2014,640307,GREENFIELD,null
474,ORANGE_MEN_MAH_0005,Marerano,ORANGE,MENABE,MAHABO,MANDABE,null,-21.1836948394775,44.7599182128906,TRUE,FALSE,FALSE,FALSE,2G,2G,NON,PICOM,ENERGIE TOM,2014,640210,GREENFIELD,null
475,ORANGE_MEN_MAH_0006,Mandabe,ORANGE,MENABE,MAHABO,MANDABE,null,-21.0487003326416,44.9355583190917,TRUE,FALSE,FALSE,FALSE,2G,2G,NON,PICOM,ENERGIE TOM,2014,640210,GREENFIELD,null
476,ORANGE_AAN_ANK_0001,AnkazoaboSud,ORANGE,ATSIMO ANDREFANA,ANKAZOABO SUD,FOTIVOLO,null,-22.4021492004394,44.5223693847656,TRUE,TRUE,FALSE,FALSE,2G-3G,2G-3G,NON,ORANGE,ENERGIE SOLAIRE,2014,630204,GREENFIELD,null
477,ORANGE_MEN_MOR_0006,BefasyPicom,ORANGE,MENABE,MORONDAVA,BEFASY,null,-20.5768337249755,44.364387512207,TRUE,TRUE,FALSE,FALSE,2G-3G,2G-3G,NON,PICOM,ENERGIE TOM,2014,640502,GREENFIELD,null
478,ORANGE_MEN_MAH_0007,Beronono,ORANGE,MENABE,MAHABO,BERONONO,null,-20.9096603393554,45.0490570068359,TRUE,FALSE,FALSE,FALSE,2G,2G,NON,PICOM,ENERGIE TOM,2014,640207,GREENFIELD,null
479,ORANGE_MEN_MOR_0007,AndranomenaPicom,ORANGE,MENABE,MORONDAVA,MAROFANDILIA,null,-20.1614437103271,44.432445526123,TRUE,TRUE,FALSE,FALSE,2G-3G,2G-3G,NON,PICOM,ENERGIE TOM,2014,640506,GREENFIELD,null
480,ORANGE_SAV_SAM_0008,Bemanevika,ORANGE,SAVA,SAMBAVA,ANJANGOVERATRA,null,-14.1532497406005,50.084415435791,TRUE,TRUE,FALSE,FALSE,2G-3G,2G-3G,NON,ORANGE,ENERGIE SOLAIRE,2014,220311,GREENFIELD,null
481,ORANGE_MEN_BEL_0002,BerobokaPicom,ORANGE,MENABE,BELO SUR TSIRIBIHINA,BEROBOKA,null,-19.9305801391601,44.5972366333007,TRUE,TRUE,FALSE,FALSE,2G-3G,2G-3G,NON,PICOM,ENERGIE TOM,2014,640111,GREENFIELD,null
482,ORANGE_AAN_MOR_0007,Antongo,ORANGE,ATSIMO ANDREFANA,MOROMBE,ANTONGO VAOVAO,null,-21.4204444885253,43.5908050537109,TRUE,FALSE,FALSE,FALSE,2G,2G,NON,PICOM,ENERGIE TOM,2014,630603,GREENFIELD,null
483,ORANGE_MEN_BEL_0004,BeloTsiribihinaPicom,ORANGE,MENABE,BELO SUR TSIRIBIHINA,BELO SUR TSIRIBIHINA,null,-19.6112995147705,44.5420989990234,TRUE,TRUE,FALSE,FALSE,2G-3G,2G-3G,NON,PICOM,ENERGIE TOM,2014,640108,GREENFIELD,null
484,ORANGE_MEN_BEL_0003,Tsasampa,ORANGE,MENABE,BELO SUR TSIRIBIHINA,ANDIMAKY MANAMBOLO,null,-19.3330097198486,44.6733283996582,TRUE,FALSE,FALSE,FALSE,2G,2G,NON,PICOM,ENERGIE TOM,2014,640103,GREENFIELD,null
485,ORANGE_MEL_ANT_0001,Bekopaka,ORANGE,MELAKY,ANTSALOVA,BEKOPAKA,null,-19.138385772705,44.7973823547363,TRUE,TRUE,FALSE,FALSE,2G-3G,2G-3G,NON,TOA,ENERGIE SOLAIRE,2014,430202,GREENFIELD,null
486,ORANGE_SAV_SAM_0009,Analanambe,ORANGE,SAVA,SAMBAVA,AMBODIVOARA,null,-14.4130001068115,49.9383316040039,TRUE,TRUE,FALSE,FALSE,2G-3G,2G-3G,NON,ORANGE,ENERGIE SOLAIRE,2014,220304,GREENFIELD,null
487,ORANGE_MEL_MAI_0004,Andrea,ORANGE,MELAKY,MAINTIRANO,ANDREA,null,-17.902660369873,44.1296691894531,TRUE,TRUE,FALSE,FALSE,2G-3G,2G-3G,NON,PICOM,ENERGIE TOM,2014,430403,GREENFIELD,null
488,ORANGE_MEL_MAI_0003,Ankilifito,ORANGE,MELAKY,MAINTIRANO,ANKISATRA,null,-18.3811092376708,44.2552795410156,TRUE,TRUE,FALSE,FALSE,2G-3G,2G-3G,NON,PICOM,ENERGIE TOM,2014,430404,GREENFIELD,null
489,ORANGE_MEL_MAI_0002,Ankisatra,ORANGE,MELAKY,MAINTIRANO,ANKISATRA,null,-18.2342796325683,44.1538009643554,TRUE,TRUE,FALSE,FALSE,2G-3G,2G-3G,NON,PICOM,ENERGIE TOM,2014,430404,GREENFIELD,null
490,ORANGE_MEL_ANT_0004,AntsalovaPicom,ORANGE,MELAKY,ANTSALOVA,ANTSALOVA,null,-18.6620903015136,44.5960617065429,TRUE,TRUE,FALSE,FALSE,2G-3G,2G-3G,NON,PICOM,ENERGIE TOM,2014,430201,GREENFIELD,null
491,ORANGE_MEL_ANT_0003,Bemonto,ORANGE,MELAKY,ANTSALOVA,SOAHANY,null,-18.558250427246,44.4162483215332,TRUE,FALSE,FALSE,FALSE,2G,2G,NON,PICOM,ENERGIE TOM,2014,430204,GREENFIELD,null
492,ORANGE_MEL_ANT_0002,Soahany,ORANGE,MELAKY,ANTSALOVA,SOAHANY,null,-18.6737785339355,44.2101936340332,TRUE,TRUE,FALSE,FALSE,2G-3G,2G-3G,NON,PICOM,ENERGIE TOM,2014,430204,GREENFIELD,null
493,ORANGE_MEL_MAI_0005,Manaritoka,ORANGE,MELAKY,MAINTIRANO,BEMOKOTRA SUD,null,-17.3284492492675,44.2515983581542,TRUE,FALSE,FALSE,FALSE,2G,2G,NON,PICOM,ENERGIE TOM,2014,430409,GREENFIELD,null
494,ORANGE_IHO_IHO_0008,Sakalalina,ORANGE,IHOROMBE,IHOSY,SAKALALINA,null,-22.3164291381835,46.457290649414,TRUE,TRUE,FALSE,FALSE,2G-3G,2G-3G,NON,PICOM3,ENERGIE TOM,2014,340215,GREENFIELD,null
495,ORANGE_MEL_BES_0002,MarovoaySud,ORANGE,MELAKY,BESALAMPY,MAROVOAY SUD,null,-16.9788608551025,44.582778930664,TRUE,FALSE,FALSE,FALSE,2G,2G,NON,PICOM,ENERGIE TOM,2014,430307,GREENFIELD,null
496,ORANGE_BOE_SOA_0003,Ambodimanary,ORANGE,BOENY,SOALALA,ANTSAKOAMILEKA,null,-16.1510486602783,45.5678405761718,TRUE,FALSE,FALSE,FALSE,2G,2G,NON,PICOM,ENERGIE TOM,2014,420604,GREENFIELD,null
497,ORANGE_BOE_SOA_0002,Amboroka,ORANGE,BOENY,SOALALA,SOALALA,null,-16.2135791778564,45.2779388427734,TRUE,FALSE,FALSE,FALSE,2G,2G,NON,PICOM,ENERGIE TOM,2014,420603,GREENFIELD,null
498,ORANGE_BOE_MIT_0003,Maroambay,ORANGE,BOENY,MITSINJO,MATSAKABANJA,null,-16.1096000671386,45.729881286621,TRUE,FALSE,FALSE,FALSE,2G,2G,NON,PICOM,ENERGIE TOM,2014,420506,GREENFIELD,null
499,ORANGE_BOE_URB_0012,MajungaMSC,ORANGE,BOENY,MAHAJANGA I,MAHAJANGA,null,-15.7140827178955,46.3514747619628,TRUE,TRUE,TRUE,FALSE,2G-3G-4G/TDD-4G+,2G-3G-4G,NON,ORANGE SHARED,JIRAMA + GE,2014,420201,GREENFIELD,TDD-4G+
500,ORANGE_VAT_MJR_0004,MananjaryBB,ORANGE,VATOVAVY,MANANJARY,TSARAVARY,null,-21.2306671142578,48.3063316345214,TRUE,TRUE,TRUE,FALSE,2G-3G-4G/Backbone,2G-3G-4G,NON,ORANGE,ENERGIE SOLAIRE + GE,2014,360226,GREENFIELD,Backbone
501,ORANGE_AMO_FAN_0002,Miarinavaratra,ORANGE,AMORON'I MANIA,FANDRIANA,MIARINAVARATRA,null,-20.2351665496826,47.4824180603027,TRUE,FALSE,FALSE,FALSE,2G,2G,NON,TOA,ENERGIE TOM,2014,310308,GREENFIELD,null
504,ORANGE_BOE_MIT_0005,Analatelo,ORANGE,BOENY,MITSINJO,KATSEPY,null,-15.9612197875976,46.091739654541,TRUE,FALSE,FALSE,FALSE,2G,2G,NON,PICOM,ENERGIE TOM,2014,420505,GREENFIELD,null
505,ORANGE_BOE_MIT_0004,Katsepy,ORANGE,BOENY,MITSINJO,KATSEPY,null,-15.7843704223632,46.1963310241699,TRUE,TRUE,TRUE,FALSE,2G-3G-4G,2G-3G-4G,NON,PICOM,ENERGIE TOM,2014,420505,GREENFIELD,null
506,ORANGE_MEL_MAI_0006,Tambohorano,ORANGE,MELAKY,MAINTIRANO,TAMBOHORANO,null,-17.5061893463134,43.9537696838378,TRUE,FALSE,FALSE,FALSE,2G,2G,NON,PICOM,ENERGIE TOM,2014,430416,GREENFIELD,null
507,ORANGE_ANM_REN_0068,67HaSudEst,ORANGE,ANALAMANGA,ANTANANARIVO_I,CU ANTANANARIVO (Arr.I),null,-18.9096050262451,47.508544921875,TRUE,TRUE,TRUE,FALSE,2G-3G-4G/TDD-4G+,2G-3G-4G,NON,TOA,ENERGIE TOM,2014,110701,GREENFIELD,TDD-4G+
508,ORANGE_MEN_MOR_0008,BeloSurMer,ORANGE,MENABE,MORONDAVA,BELO SUR MER,null,-20.7380409240722,44.0027389526367,TRUE,TRUE,TRUE,FALSE,2G-3G-4G,2G-3G-4G,NON,HELIOS,ENERGIE AIRTEL,2014,640503,GREENFIELD,null
509,ORANGE_VAT_MJR_0005,Andrasanga,ORANGE,VATOVAVY,MANANJARY,MAHAVOKY NORD,null,-20.8106384277343,48.2740821838378,TRUE,FALSE,FALSE,FALSE,2G/Backbone,2G,NON,ORANGE,ENERGIE SOLAIRE,2014,360216,GREENFIELD,Backbone
510,ORANGE_VAT_NOS_0002,Ambahy,ORANGE,VATOVAVY,NOSY VARIKA,AMBAHY,null,-20.7707996368408,48.480411529541,TRUE,FALSE,FALSE,FALSE,2G,2G,NON,PICOM3,ENERGIE TOM,2014,360301,GREENFIELD,null
511,ORANGE_MAT_AMB_0004,MiarinarivoPicom,ORANGE,MATSIATRA AMBONY,AMBALAVAO,MIARINARIVO,null,-22.1023616790771,47.0598602294921,TRUE,FALSE,FALSE,FALSE,2G,2G,NON,PICOM3,ENERGIE TOM,2014,330115,GREENFIELD,null
512,ORANGE_MAT_LAL_0003,Tataho,ORANGE,MATSIATRA AMBONY,LALANGINA,ALATSINAINY IALAMARINA,null,-21.5311107635498,47.2796669006347,TRUE,TRUE,FALSE,FALSE,2G-3G,2G-3G,NON,PICOM3,ENERGIE TOM,2014,330702,GREENFIELD,null
513,ORANGE_AAT_FAR_0003,Mahafasa,ORANGE,ATSIMO ATSINANANA,FARAFANGANA,MAHAFASA CENTRE,null,-22.6744594573974,47.6819992065429,TRUE,FALSE,FALSE,FALSE,2G,2G,NON,PICOM3,ENERGIE TOM,2014,320221,GREENFIELD,null
514,ORANGE_AAN_MOR_0008,Angarazy,ORANGE,ATSIMO ANDREFANA,MOROMBE,TANANDAVA STATION,null,-21.7057495117187,43.741470336914,TRUE,TRUE,FALSE,FALSE,2G-3G,2G-3G,NON,TOA,ENERGIE TOM,2014,630609,GREENFIELD,null
515,ORANGE_IHO_IVO_0001,Antambohobe,ORANGE,IHOROMBE,IVOHIBE,ANTAMBOHOBE,null,-22.3281116485595,46.7916374206542,TRUE,TRUE,FALSE,FALSE,2G-3G,2G-3G,NON,PICOM3,ENERGIE TOM,2014,340301,GREENFIELD,null
516,ORANGE_ANM_REN_0069,Tour,ORANGE,ANALAMANGA,ANTANANARIVO_III,CU ANTANANARIVO (Arr.III),null,-18.8844375610351,47.5235252380371,TRUE,TRUE,TRUE,TRUE,2G-3G-4G-5G/TDD-4G+,2G-3G-4G-5G,NON,ORANGE,JIRAMA,2014,110901,ROOFTOP,TDD-4G+
517,ORANGE_VAT_MJR_0007,VohilavaPicom,ORANGE,VATOVAVY,MANANJARY,VOHILAVA,null,-21.0897407531738,47.9914588928222,TRUE,FALSE,FALSE,FALSE,2G,2G,NON,PICOM3,ENERGIE TOM,2014,360229,GREENFIELD,null
518,ORANGE_VAT_MJR_0008,Vatohandrina,ORANGE,VATOVAVY,MANANJARY,VATOHANDRINA,null,-21.5564308166503,47.8588981628417,TRUE,FALSE,FALSE,FALSE,2G,2G,NON,PICOM3,ENERGIE TOM,2014,360228,GREENFIELD,null
519,ORANGE_AAT_VON_0002,Maroteza,ORANGE,ATSIMO ATSINANANA,VONDROZO,MOROTEZA,null,-22.3012294769287,47.1855583190917,TRUE,TRUE,FALSE,FALSE,2G-3G,2G-3G,NON,PICOM3,ENERGIE TOM,2014,320513,GREENFIELD,null
520,ORANGE_FIT_MAN_0003,Ambalatenina,ORANGE,FITOVINANY,MANAKARA,AMBAHIVE,null,-22.1959991455078,47.7279396057128,TRUE,FALSE,FALSE,FALSE,2G,2G,NON,PICOM3,ENERGIE TOM,2014,350202,GREENFIELD,null
521,ORANGE_FIT_MAN_0004,Vinanitelo,ORANGE,FITOVINANY,MANAKARA,ANOROMBATO,null,-21.9951438903808,47.780532836914,TRUE,TRUE,FALSE,FALSE,2G-3G,2G-3G,NON,PICOM3,ENERGIE TOM,2014,350215,GREENFIELD,null
522,ORANGE_FIT_IKO_0001,Ikongo,ORANGE,FITOVINANY,IKONGO,IKONGO,null,-21.9054164886474,47.4150009155273,TRUE,TRUE,FALSE,FALSE,2G-3G,2G-3G,NON,PICOM3,ENERGIE TOM,2014,350109,GREENFIELD,null
523,ORANGE_FIT_MAN_0005,Manampatrana,ORANGE,FITOVINANY,MANAKARA,AMPASIMBORAKA,null,-21.6645832061767,47.5965843200683,TRUE,TRUE,FALSE,FALSE,2G-3G,2G-3G,NON,PICOM3,ENERGIE TOM,2014,350212,GREENFIELD,null
524,ORANGE_ATS_ANT_0001,AntanambaoManampotsy,ORANGE,ATSINANANA,ANTANAMBAO MANAMPONTSY,ANTANAMBAO MANAMPOTSY,null,-19.5026397705078,48.5621681213378,TRUE,TRUE,FALSE,FALSE,2G-3G,2G-3G,NON,ORANGE,ENERGIE SOLAIRE,2014,530101,GREENFIELD,null
525,ORANGE_MAT_LAL_0004,FianaraAmbalakely,ORANGE,MATSIATRA AMBONY,LALANGINA,AMBALAKELY,null,-21.4124221801757,47.1728591918945,TRUE,TRUE,TRUE,FALSE,2G-3G-4G,2G-3G-4G,NON,HELIOS,ENERGIE AIRTEL,2014,330703,GREENFIELD,null
526,ORANGE_MAT_URB_0005,FianaraAmbanimaso,ORANGE,MATSIATRA AMBONY,FIANARANTSOA,CU FIANARANTSOA,null,-21.4714164733886,47.0834999084472,TRUE,TRUE,TRUE,FALSE,2G-3G-4G/TDD,2G-3G-4G,NON,HELIOS,ENERGIE AIRTEL,2014,330301,GREENFIELD,TDD
527,ORANGE_AAN_RUR_0013,SalaryBay,ORANGE,ATSIMO ANDREFANA,TOLIARY II,MANOMBO SUD,null,-22.586721420288,43.2965278625488,TRUE,TRUE,FALSE,FALSE,2G-3G,2G-3G,NON,ORANGE,ENERGIE SOLAIRE,2014,630914,GREENFIELD,null
528,ORANGE_AAN_RUR_0014,Tsifota,ORANGE,ATSIMO ANDREFANA,TOLIARY II,MANOMBO SUD,null,-22.8694725036621,43.3975296020507,TRUE,TRUE,FALSE,FALSE,2G-3G,2G-3G,NON,ORANGE,ENERGIE SOLAIRE,2014,630914,GREENFIELD,null
529,ORANGE_VAT_MJR_0009,Kianjavato,ORANGE,VATOVAVY,MANANJARY,KIANJAVATO,null,-21.3909435272216,47.8448600769042,TRUE,TRUE,FALSE,FALSE,2G-3G/Backbone,2G-3G,NON,ORANGE,ENERGIE SOLAIRE,2014,360213,GREENFIELD,Backbone
530,ORANGE_ANM_REN_0070,Faravohitra2,ORANGE,ANALAMANGA,ANTANANARIVO_I,CU ANTANANARIVO (Arr.I),null,-18.910680770874,47.5319099426269,TRUE,TRUE,TRUE,FALSE,2G-3G-4G/4G+,2G-3G-4G,NON,HELIOS,ENERGIE AIRTEL,2014,110701,GREENFIELD,4G+
531,ORANGE_BON_TSI_0005,Ambalanirana,ORANGE,BONGOLAVA,TSIROANOMANDIDY,AMBALANIRANA,null,-18.7644157409667,46.5160293579101,TRUE,TRUE,FALSE,FALSE,2G-3G,2G-3G,NON,TOA,ENERGIE TOM,2014,120201,GREENFIELD,null
532,ORANGE_DIA_ABJ_0006,BemanevikaAmbanja,ORANGE,DIANA,AMBANJA,BEMANEVIKA HAUT-SAMBIRANO,null,-13.8579998016357,48.4663887023925,TRUE,TRUE,FALSE,FALSE,2G-3G,2G-3G,NON,TOA,ENERGIE TOM,2015,210116,GREENFIELD,null
533,ORANGE_DIA_ABJ_0007,MarotolanaAmbanja,ORANGE,DIANA,AMBANJA,AMBOHITRANDRIANA,null,-13.9998054504394,48.5972518920898,TRUE,FALSE,FALSE,FALSE,2G,2G,NON,TOA,ENERGIE TOM,2015,210107,GREENFIELD,null
534,ORANGE_VAT_NOS_0003,FiadananaPicom,ORANGE,VATOVAVY,NOSY VARIKA,SOAVINA,null,-20.4440193176269,48.3058204650878,TRUE,FALSE,FALSE,FALSE,2G,2G,NON,PICOM3,ENERGIE TOM,2015,360315,GREENFIELD,null
535,ORANGE_AMO_ABS_0007,Ambinanindrano,ORANGE,AMORON'I MANIA,AMBOSITRA,AMBINANINDRANO,null,-20.6924648284912,47.5543594360351,TRUE,TRUE,FALSE,FALSE,2G-3G,2G-3G,NON,PICOM3,ENERGIE TOM,2015,310204,GREENFIELD,null
536,ORANGE_VAT_IFA_0003,Maroharatra,ORANGE,VATOVAVY,IFANADIANA,MAROHARATRA,null,-20.723777770996,47.7836380004882,TRUE,TRUE,FALSE,FALSE,2G-3G,2G-3G,NON,PICOM3,ENERGIE TOM,2015,360110,GREENFIELD,null
537,ORANGE_DIA_NOS_0012,NosyBeDzamandzar,ORANGE,DIANA,NOSY-BE,CU NOSY-BE,null,-13.3718795776367,48.1896591186523,TRUE,TRUE,TRUE,FALSE,2G-3G-4G/TDD-4G+,2G-3G-4G,NON,HELIOS,ENERGIE AIRTEL,2015,210501,GREENFIELD,TDD-4G+
538,ORANGE_DIA_NOS_0013,NosyBeMontpassot,ORANGE,DIANA,NOSY-BE,CU NOSY-BE,null,-13.3221101760864,48.2285537719726,TRUE,TRUE,FALSE,FALSE,2G-3G,2G-3G,NON,HELIOS,ENERGIE AIRTEL,2015,210501,GREENFIELD,null
539,ORANGE_DIA_RUR_0008,DiegoRouteRamena,ORANGE,DIANA,ANTSIRANANA II,RAMENA,null,-12.3194723129272,49.3282203674316,TRUE,TRUE,FALSE,FALSE,2G-3G,2G-3G,NON,HELIOS,ENERGIE AIRTEL,2015,210419,GREENFIELD,null
540,ORANGE_DIA_URB_0012,DiegoSecren,ORANGE,DIANA,ANTSIRANANA I,ANTSIRANANA,null,-12.2804613113403,49.2799263000488,TRUE,TRUE,FALSE,FALSE,2G-3G,2G-3G,NON,HELIOS,ENERGIE AIRTEL,2015,210301,GREENFIELD,null
541,ORANGE_ALA_AMB_0004,Soalazaina,ORANGE,ALAOTRA MANGORO,AMBATONDRAZAKA,SOALAZAINA,null,-17.9763603210449,48.0808334350585,TRUE,FALSE,FALSE,FALSE,2G,2G,NON,TOA,ENERGIE TOM,2015,510119,GREENFIELD,null
542,ORANGE_ALA_AND_0002,Antanimenabaka,ORANGE,ALAOTRA MANGORO,ANDILAMENA,ANTANIMENABAKA,null,-16.9394721984863,48.4929161071777,TRUE,TRUE,FALSE,FALSE,2G-3G,2G-3G,NON,TOA,ENERGIE TOM,2015,510302,GREENFIELD,null
543,ORANGE_DIA_ABJ_0008,AmbanjaAnkify,ORANGE,DIANA,AMBANJA,AMBOHIMENA,null,-13.5581111907958,48.3549423217773,TRUE,TRUE,TRUE,FALSE,2G-3G-4G,2G-3G-4G,NON,ORANGE,ENERGIE SOLAIRE,2015,210106,GREENFIELD,null
544,ORANGE_DIA_ABJ_0009,AmbanjaAmparankova,ORANGE,DIANA,AMBANJA,AMBANJA,null,-13.6515998840332,48.4511070251464,TRUE,TRUE,TRUE,FALSE,2G-3G-4G,2G-3G-4G,NON,ORANGE,JIRAMA + GE,2015,210103,GREENFIELD,null
545,ORANGE_ATS_RUR_0012,TamaMarovato,ORANGE,ATSINANANA,TOAMASINA II,TOAMASINA SUBURBAINE,null,-18.1926193237304,49.3424797058105,TRUE,TRUE,TRUE,FALSE,2G-3G-4G,2G-3G-4G,NON,HELIOS,ENERGIE AIRTEL,2015,530617,GREENFIELD,null
546,ORANGE_ANJ_FEN_0004,AmpasimbeManasatrana,ORANGE,ANALANJIROFO,FENERIVE EST,AMPASIMBE MANANTSANTRANA,null,-17.0879440307617,49.4802780151367,TRUE,TRUE,FALSE,FALSE,2G-3G,2G-3G,NON,TOA,ENERGIE TOM,2015,520103,GREENFIELD,null
547,ORANGE_SAV_SAM_0010,SambavaAnalamandrorofo,ORANGE,SAVA,SAMBAVA,SAMBAVA,null,-14.2598752975463,50.1427955627441,TRUE,TRUE,TRUE,FALSE,2G-3G-4G,2G-3G-4G,NON,ORANGE,JIRAMA + GE,2015,220325,ROOFTOP,null
548,ORANGE_SAV_SAM_0011,Marojala,ORANGE,SAVA,SAMBAVA,MAROJALA,null,-14.4631662368774,50.0496940612792,TRUE,TRUE,FALSE,FALSE,2G-3G,2G-3G,NON,TOA,ENERGIE TOM,2015,220322,GREENFIELD,null
549,ORANGE_DIA_ABL_0007,Ambilobe3,ORANGE,DIANA,AMBILOBE,AMBILOBE,null,-13.1891937255859,49.0572319030761,TRUE,TRUE,TRUE,FALSE,2G-3G-4G/4G+,2G-3G-4G,NON,ORANGE,JIRAMA + GE,2015,210204,GREENFIELD,4G+
550,ORANGE_DIA_RUR_0009,AnivoranoNord,ORANGE,DIANA,ANTSIRANANA II,ANIVORANO NORD,null,-12.7425832748413,49.2309455871582,TRUE,TRUE,TRUE,FALSE,2G-3G-4G,2G-3G-4G,NON,ORANGE,JIRAMA + GE,2015,210405,GREENFIELD,null
551,ORANGE_SAV_SAM_0012,Maroambihy,ORANGE,SAVA,SAMBAVA,AMBODIAMPANA,null,-14.5212774276733,49.8610000610351,TRUE,TRUE,FALSE,FALSE,2G-3G,2G-3G,NON,TOA,ENERGIE TOM,2015,220303,GREENFIELD,null
552,ORANGE_DIA_NOS_0015,NosyBeLokobe,ORANGE,DIANA,NOSY-BE,CU NOSY-BE,null,-13.4013891220092,48.3322792053222,TRUE,TRUE,TRUE,FALSE,2G-3G-4G,2G-3G-4G,NON,ORANGE SHARED - NON FACTURÉ,ENERGIE SOLAIRE + GE,2015,210501,GREENFIELD,null
553,ORANGE_SAV_AND_0004,AndapaAmbalamanasy,ORANGE,SAVA,ANDAPA,AMBALAMANASY II,null,-14.5454998016357,49.5543060302734,TRUE,TRUE,FALSE,FALSE,2G-3G,2G-3G,NON,TOA,ENERGIE TOM,2015,220101,GREENFIELD,null
554,ORANGE_ANJ_STM_0005,SainteMarieBB,ORANGE,ANALANJIROFO,SAINTE MARIE,SAINTE MARIE,null,-16.9390277862548,49.8588600158691,TRUE,TRUE,TRUE,FALSE,2G-3G-4G/Backbone,2G-3G-4G,NON,ORANGE,ENERGIE SOLAIRE + GE,2015,520401,GREENFIELD,Backbone
555,ORANGE_AAT_FAR_0004,Farafangana2,ORANGE,ATSIMO ATSINANANA,FARAFANGANA,FARAFANGANA,null,-22.8194980621337,47.8292655944824,TRUE,TRUE,TRUE,FALSE,2G-3G-4G,2G-3G-4G,NON,TOA,ENERGIE TOM,2015,320215,GREENFIELD,null
556,ORANGE_DIA_RUR_0010,DiegoAeroport,ORANGE,DIANA,ANTSIRANANA II,ANTANAMITARANA,null,-12.341851234436,49.2946548461914,TRUE,TRUE,TRUE,FALSE,2G-3G-4G,2G-3G-4G,NON,ORANGE,JIRAMA,2015,210408,GREENFIELD,null
557,ORANGE_ANM_REN_0071,TanaRasalama,ORANGE,ANALAMANGA,ANTANANARIVO_III,CU ANTANANARIVO (Arr.III),null,-18.9016208648681,47.5336074829101,TRUE,TRUE,TRUE,FALSE,2G-3G-4G/TDD-4G+,2G-3G-4G,NON,ORANGE,JIRAMA,2015,110901,ROOFTOP,TDD-4G+
558,ORANGE_ANJ_MAN_0002,Sandrakatsy,ORANGE,ANALANJIROFO,MANANARA-NORD,SANDRAKATSY,null,-16.3410568237304,49.6413078308105,TRUE,TRUE,FALSE,FALSE,2G-3G,2G-3G,OUI,ORANGE SHARED,ENERGIE SOLAIRE + GE,2015,520211,GREENFIELD,null
559,ORANGE_SAV_SAM_0013,SambavaSoavinandriana,ORANGE,SAVA,SAMBAVA,SAMBAVA,null,-14.2691850662231,50.102237701416,TRUE,TRUE,TRUE,FALSE,2G-3G-4G,2G-3G-4G,NON,ORANGE,ENERGIE SOLAIRE,2015,220325,GREENFIELD,null
560,ORANGE_SAV_ANT_0007,AntalahaAnkoalabe,ORANGE,SAVA,ANTALAHA,ANTALAHA,null,-14.9136772155761,50.2885665893554,TRUE,TRUE,TRUE,FALSE,2G-3G-4G,2G-3G-4G,NON,ORANGE,JIRAMA + GE,2015,220208,ROOFTOP,null
561,ORANGE_ANM_REN_0072,Tsaralalana,ORANGE,ANALAMANGA,ANTANANARIVO_I,CU ANTANANARIVO (Arr.I),null,-18.9057312011718,47.5204772949218,TRUE,TRUE,TRUE,FALSE,2G-3G-4G,2G-3G-4G,NON,ORANGE,JIRAMA,2015,110701,ROOFTOP,null
562,ORANGE_ANM_SUD_0020,ItaosyCite,ORANGE,ANALAMANGA,ANTANANARIVO ATSIMONDRANO,AMBOHIDRAPETO,null,-18.9087924957275,47.4754295349121,TRUE,TRUE,TRUE,FALSE,2G-3G-4G/TDD-4G+,2G-3G-4G,NON,ORANGE,JIRAMA,2015,110506,ROOFTOP,TDD-4G+
563,ORANGE_MEN_MOR_0009,Beroboka,ORANGE,MENABE,MORONDAVA,MAROFANDILIA,null,-19.9771575927734,44.605167388916,TRUE,FALSE,FALSE,FALSE,2G,2G,NON,HELIOS,ENERGIE AIRTEL,2015,640506,GREENFIELD,null
564,ORANGE_ANJ_MAN_0003,AntanambeBBNord,ORANGE,ANALANJIROFO,MANANARA-NORD,ANTANAMBE,null,-16.4631938934326,49.849609375,TRUE,FALSE,FALSE,FALSE,2G/Backbone,2G,NON,ORANGE,ENERGIE SOLAIRE,2015,520206,GREENFIELD,Backbone
565,ORANGE_ANM_REN_0073,IvandryLaTerrasse,ORANGE,ANALAMANGA,ANTANANARIVO_V,CU ANTANANARIVO (Arr.V),null,-18.8735828399658,47.5313606262207,TRUE,TRUE,TRUE,FALSE,2G-3G-4G/TDD-4G+,2G-3G-4G,NON,ORANGE,JIRAMA,2015,111101,GREENFIELD,TDD-4G+
566,ORANGE_ATS_URB_0015,TamaValpinson,ORANGE,ATSINANANA,TOAMASINA I,CU TOAMASINA arr. ANKIRIHIRY,null,-18.1347103118896,49.3994102478027,TRUE,TRUE,TRUE,FALSE,2G-3G-4G/TDD-4G+,2G-3G-4G,NON,HELIOS,ENERGIE AIRTEL,2015,530503,GREENFIELD,TDD-4G+
567,ORANGE_ATS_RUR_0014,TamaFarafaty,ORANGE,ATSINANANA,TOAMASINA II,TOAMASINA SUBURBAINE,null,-18.136360168457,49.3577995300292,TRUE,TRUE,TRUE,FALSE,2G-3G-4G/TDD,2G-3G-4G,NON,HELIOS,ENERGIE AIRTEL,2015,530617,GREENFIELD,TDD
568,ORANGE_ATS_RUR_0013,TamaSalazamayNord,ORANGE,ATSINANANA,TOAMASINA II,TOAMASINA SUBURBAINE,null,-18.1196594238281,49.4029693603515,TRUE,TRUE,TRUE,FALSE,2G-3G-4G/TDD,2G-3G-4G,NON,HELIOS,ENERGIE AIRTEL,2015,530617,GREENFIELD,TDD
569,ORANGE_ATS_BRI_0009,AmbilaLemaitso,ORANGE,ATSINANANA,BRICKAVILLE,ANDOVORANTO,null,-18.8466682434082,49.1489486694335,TRUE,TRUE,FALSE,FALSE,2G-3G,2G-3G,NON,HELIOS,ENERGIE AIRTEL,2015,530206,GREENFIELD,null
570,ORANGE_ANJ_SOA_0002,SoanieranaIvongo2,ORANGE,ANALANJIROFO,SOANIERANA IVONGO,SOANIERANA IVONGO,null,-16.918550491333,49.5859184265136,TRUE,TRUE,FALSE,FALSE,2G-3G,2G-3G,NON,HELIOS,ENERGIE AIRTEL,2015,520508,GREENFIELD,null
571,ORANGE_AAN_URB_0007,TulearSoatalily,ORANGE,ATSIMO ANDREFANA,TOLIARA I,TOLIARA I,null,-23.3565845489501,43.6741371154785,TRUE,TRUE,TRUE,FALSE,2G-3G-4G,2G-3G-4G,NON,HELIOS,ENERGIE AIRTEL,2015,630801,GREENFIELD,null
572,ORANGE_VAK_URB_0010,AntsirabeMahazoarivo,ORANGE,VAKINANKARATRA,ANTSIRABE I,ANTSIRABE,null,-19.8547687530517,47.0289688110351,TRUE,TRUE,TRUE,FALSE,2G-3G-4G,2G-3G-4G,NON,HELIOS,ENERGIE AIRTEL,2015,140301,GREENFIELD,null
573,ORANGE_VAK_URB_0001,AntsirabeVatofotsy,ORANGE,VAKINANKARATRA,ANTSIRABE I,ANTSIRABE,null,-19.8418407440185,47.0389328002929,TRUE,TRUE,TRUE,FALSE,2G-3G-4G/TDD,2G-3G-4G,NON,HELIOS,ENERGIE AIRTEL,2016,140301,GREENFIELD,TDD
574,ORANGE_SAV_ANT_0008,Andrapengy,ORANGE,SAVA,ANTALAHA,AMPAHANA,null,-14.6651334762573,50.2083168029785,TRUE,TRUE,FALSE,FALSE,2G-3G,2G-3G,NON,ORANGE,ENERGIE SOLAIRE,2016,220204,GREENFIELD,null
575,ORANGE_ANM_SUD_0021,TanaAndohatanjona,ORANGE,ANALAMANGA,ANTANANARIVO ATSIMONDRANO,ITAOSY,null,-18.9097652435302,47.4663276672363,TRUE,TRUE,TRUE,FALSE,2G-3G-4G/TDD-4G+,2G-3G-4G,NON,HELIOS,ENERGIE AIRTEL,2016,110522,GREENFIELD,TDD-4G+
576,ORANGE_ANM_NOR_0015,TanaAnosyAvaratra,ORANGE,ANALAMANGA,ANTANANARIVO AVARADRANO,AMBOHIMANGA ROVA,null,-18.8070812225341,47.5747299194335,TRUE,TRUE,TRUE,FALSE,2G-3G-4G,2G-3G-4G,NON,HELIOS,ENERGIE AIRTEL,2016,110604,GREENFIELD,null
577,ORANGE_SAV_AND_0005,AndapaAnkevaheva,ORANGE,SAVA,ANDAPA,ANDAPA,null,-14.6601133346557,49.6509819030761,TRUE,TRUE,TRUE,FALSE,2G-3G-4G,2G-3G-4G,NON,ORANGE,JIRAMA + GE,2016,220104,ROOFTOP,null
578,ORANGE_VAK_URB_0011,AntsirabeTsarasaotra,ORANGE,VAKINANKARATRA,ANTSIRABE I,ANTSIRABE,null,-19.8732681274414,47.0413017272949,TRUE,TRUE,TRUE,FALSE,2G-3G-4G/TDD,2G-3G-4G,NON,ORANGE,JIRAMA,2016,140301,GREENFIELD,TDD
579,ORANGE_DIA_ABL_0008,AnkaranaSirama,ORANGE,DIANA,AMBILOBE,SIRAMA,null,-13.0905609130859,48.9058380126953,TRUE,TRUE,TRUE,FALSE,2G-3G-4G,2G-3G-4G,NON,HELIOS,ENERGIE AIRTEL,2016,210217,GREENFIELD,null
580,ORANGE_AMO_ABS_0008,IvatoCentre,ORANGE,AMORON'I MANIA,AMBOSITRA,ILAKA CENTRE,null,-20.6149444580078,47.1749877929687,TRUE,FALSE,FALSE,FALSE,2G,2G,NON,HELIOS,ENERGIE AIRTEL,2016,310214,GREENFIELD,null
581,ORANGE_DIA_NOS_0016,NosyBeNordVigie,ORANGE,DIANA,NOSY-BE,CU NOSY-BE,null,-13.3988332748413,48.2573776245117,TRUE,TRUE,TRUE,FALSE,2G-3G-4G/4G+,2G-3G-4G,NON,HELIOS,ENERGIE AIRTEL,2016,210501,GREENFIELD,4G+
582,ORANGE_ANM_AMB_0016,Ambohitrandraina,ORANGE,ANALAMANGA,AMBOHIDRATRIMO,MAHITSY,null,-18.763967514038,47.4096031188964,TRUE,TRUE,TRUE,FALSE,2G-3G-4G/TDD,2G-3G-4G,NON,ORANGE,ENERGIE SOLAIRE,2016,110121,GREENFIELD,TDD
583,ORANGE_ANM_NOR_0016,TanaAmbohimangakely,ORANGE,ANALAMANGA,ANTANANARIVO AVARADRANO,AMBOHIMANGAKELY,null,-18.9002933502197,47.6110038757324,TRUE,TRUE,TRUE,FALSE,2G-3G-4G,2G-3G-4G,NON,HELIOS,ENERGIE AIRTEL,2016,110605,GREENFIELD,null
584,ORANGE_ATS_RUR_0015,TamaSherritt2,ORANGE,ATSINANANA,TOAMASINA II,TOAMASINA SUBURBAINE,null,-18.1988887786865,49.3516387939453,TRUE,TRUE,TRUE,FALSE,2G-3G-4G/4G+,2G-3G-4G,NON,HELIOS,ENERGIE AIRTEL,2016,530617,GREENFIELD,4G+
585,ORANGE_DIA_NOS_0017,NosyBeDarEsSalam,ORANGE,DIANA,NOSY-BE,CU NOSY-BE,null,-13.3906106948852,48.2060546875,TRUE,TRUE,TRUE,FALSE,2G-3G-4G/TDD-4G+,2G-3G-4G,NON,ORANGE,JIRAMA,2016,210501,ROOFTOP,TDD-4G+
586,ORANGE_BOE_URB_0013,MajungaAmbondrona,ORANGE,BOENY,MAHAJANGA I,MAHAJANGA,null,-15.7007780075073,46.3349266052246,TRUE,TRUE,TRUE,FALSE,2G-3G-4G/TDD-4G+,2G-3G-4G,NON,HELIOS,ENERGIE AIRTEL,2016,420201,GREENFIELD,TDD-4G+
587,ORANGE_ANM_REN_0074,TanaAlhambra,ORANGE,ANALAMANGA,ANTANANARIVO_II,CU ANTANANARIVO (Arr.II),null,-18.9478721618652,47.5295600891113,TRUE,TRUE,TRUE,FALSE,2G-3G-4G/TDD-4G+,2G-3G-4G,NON,ORANGE,JIRAMA,2016,110801,ROOFTOP,TDD-4G+
588,ORANGE_SOF_MAM_0004,Tsarahasina,ORANGE,SOFIA,MAMPIKONY,ANKIRIRIKY,null,-15.8059701919555,47.63911819458,TRUE,TRUE,FALSE,FALSE,2G-3G,2G-3G,NON,HELIOS,ENERGIE AIRTEL,2016,440504,GREENFIELD,null
589,ORANGE_ALA_MOR_0010,Morarano,ORANGE,ALAOTRA MANGORO,MORAMANGA,MORARANO GARE,null,-18.6441326141357,48.2811126708984,TRUE,TRUE,FALSE,FALSE,2G-3G,2G-3G,NON,HELIOS,ENERGIE AIRTEL,2016,510519,GREENFIELD,null
590,ORANGE_IHO_IHO_0009,RelaisdelaReine,ORANGE,IHOROMBE,IHOSY,ANDOHAN'ILAKAKA,null,-22.6748065948486,45.3314094543457,TRUE,TRUE,TRUE,FALSE,2G-3G-4G,2G-3G-4G,NON,HELIOS,ENERGIE AIRTEL,2016,340220,GREENFIELD,null
591,ORANGE_AAT_VAN_0005,Masihanaka,ORANGE,ATSIMO ATSINANANA,VANGAINDRANO,MASIANAKA,null,-23.629201889038,47.5943870544433,TRUE,TRUE,FALSE,FALSE,2G-3G,2G-3G,NON,TOA,ENERGIE TOM,2016,320419,GREENFIELD,null
592,ORANGE_SAV_ANT_0009,AntalahaAmbinany,ORANGE,SAVA,ANTALAHA,ANTALAHA,null,-14.8771800994873,50.2624282836914,TRUE,TRUE,TRUE,FALSE,2G-3G-4G/4G+,2G-3G-4G,NON,TOA,ENERGIE TOM,2016,220208,GREENFIELD,4G+
593,ORANGE_SAV_ANT_0010,Andratany,ORANGE,SAVA,ANTALAHA,AMBALABE,null,-15.1354331970214,50.4073982238769,TRUE,TRUE,FALSE,FALSE,2G-3G,2G-3G,NON,ORANGE,ENERGIE SOLAIRE,2016,220201,GREENFIELD,null
594,ORANGE_SAV_SAM_0014,Marogaona,ORANGE,SAVA,SAMBAVA,MAROGAONA,null,-14.180097579956,49.8558883666992,TRUE,TRUE,FALSE,FALSE,2G-3G,2G-3G,NON,HELIOS,ENERGIE AIRTEL,2016,220321,GREENFIELD,null
595,ORANGE_SAV_VOH_0007,Fanambana,ORANGE,SAVA,VOHEMAR,FANAMBANA,null,-13.5839118957519,49.9877204895019,TRUE,TRUE,FALSE,FALSE,2G-3G,2G-3G,NON,HELIOS,ENERGIE AIRTEL,2016,220414,GREENFIELD,null
596,ORANGE_ANO_TAO_0011,FortDauphinAmparihy,ORANGE,ANOSY,TAOLANARO,TOLAGNARO,null,-25.0167999267578,46.979679107666,TRUE,TRUE,TRUE,FALSE,2G-3G-4G,2G-3G-4G,NON,HELIOS,ENERGIE AIRTEL,2016,620327,GREENFIELD,null
597,ORANGE_BOE_AMB_0004,Madirovalo,ORANGE,BOENY,AMBATO BOENI,MADIROVALO,null,-16.4408359527587,46.5450553894042,TRUE,TRUE,FALSE,FALSE,2G-3G,2G-3G,NON,HELIOS,ENERGIE AIRTEL,2016,420108,GREENFIELD,null
598,ORANGE_ANM_AMB_0017,TanaIvatoHorizon,ORANGE,ANALAMANGA,AMBOHIDRATRIMO,IVATO,null,-18.8153324127197,47.4835014343261,TRUE,TRUE,TRUE,FALSE,2G-3G-4G/TDD-4G+,2G-3G-4G,NON,ORANGE,JIRAMA,2016,110118,GREENFIELD,TDD-4G+
599,ORANGE_ANJ_SOA_0003,ManompanaBBNord,ORANGE,ANALANJIROFO,SOANIERANA IVONGO,MANOMPANA,null,-16.6678047180175,49.7490005493164,TRUE,TRUE,FALSE,FALSE,2G-3G/Backbone,2G-3G,NON,ORANGE,ENERGIE SOLAIRE + GE,2016,520507,GREENFIELD,Backbone
600,ORANGE_ANM_ANJ_0005,AmparatanjonaLC,ORANGE,ANALAMANGA,ANJOZOROBE,AMPARATANJONA,null,-18.0734176635742,47.8229446411132,TRUE,TRUE,FALSE,FALSE,2G-3G,2G-3G,NON,ORANGE,ENERGIE SOLAIRE,2016,110308,GREENFIELD,null
601,ORANGE_ANM_ANJ_0006,BetataoLC,ORANGE,ANALAMANGA,ANJOZOROBE,BETATAO,null,-18.1841392517089,47.8883323669433,TRUE,TRUE,FALSE,FALSE,2G-3G,2G-3G,NON,ORANGE,ENERGIE SOLAIRE,2016,110315,GREENFIELD,null
602,ORANGE_VAK_RUR_0004,Ibity,ORANGE,VAKINANKARATRA,ANTSIRABE II,ALATSINAINY IBITY,null,-20.0572776794433,46.9959716796875,TRUE,TRUE,FALSE,FALSE,2G-3G,2G-3G,NON,ORANGE,ENERGIE TIERS,2016,140402,ROOFTOP,null
603,ORANGE_DIA_ABJ_0010,AmbanjaCentre,ORANGE,DIANA,AMBANJA,AMBANJA,null,-13.6807823181152,48.4556846618652,TRUE,TRUE,TRUE,FALSE,2G-3G-4G,2G-3G-4G,NON,ORANGE,JIRAMA + GE,2016,210103,GREENFIELD,null
604,ORANGE_ANM_REN_0075,FortVoyron,ORANGE,ANALAMANGA,ANTANANARIVO_IV,CU ANTANANARIVO (Arr.IV),null,-18.9295272827148,47.5229187011718,TRUE,TRUE,TRUE,FALSE,2G-3G-4G/TDD-4G+,2G-3G-4G,NON,ORANGE,JIRAMA + GE,2016,111001,GREENFIELD,TDD-4G+
605,ORANGE_ANM_AMB_0018,TanaAntehiroka,ORANGE,ANALAMANGA,AMBOHIDRATRIMO,ANTEHIROKA,null,-18.8337650299072,47.4919090270996,TRUE,TRUE,TRUE,FALSE,2G-3G-4G,2G-3G-4G,NON,HELIOS,ENERGIE AIRTEL,2016,110112,GREENFIELD,null
606,ORANGE_DIA_URB_0013,DiegoRouteBezara,ORANGE,DIANA,ANTSIRANANA I,ANTSIRANANA,null,-12.2896966934204,49.2901763916015,TRUE,TRUE,TRUE,FALSE,2G-3G-4G/TDD-4G+,2G-3G-4G,NON,ORANGE,JIRAMA,2016,210301,ROOFTOP,TDD-4G+
607,ORANGE_ANM_AMB_0019,TanaIvatoCCI,ORANGE,ANALAMANGA,AMBOHIDRATRIMO,IVATO,null,-18.8158740997314,47.4758872985839,TRUE,TRUE,TRUE,FALSE,2G-3G-4G,2G-3G-4G,NON,ORANGE,ENERGIE TIERS,2016,110118,ROOFTOP,null
608,ORANGE_ITA_ARI_0006,Ampahimanga,ORANGE,ITASY,ARIVONIMAMO,AMPAHIMANGA,null,-19.1039714813232,47.2061653137207,TRUE,TRUE,FALSE,FALSE,2G-3G,2G-3G,NON,ORANGE,JIRAMA,2016,130109,GREENFIELD,null
609,ORANGE_VAK_RUR_0005,Sahanivotry,ORANGE,VAKINANKARATRA,ANTSIRABE II,SAHANIVOTRY MANANDONA,null,-20.1247997283935,47.0878524780273,TRUE,TRUE,FALSE,FALSE,2G-3G,2G-3G,NON,ORANGE,ENERGIE TIERS,2016,140417,GREENFIELD,null
610,ORANGE_SAV_ANT_0011,Ampahana,ORANGE,SAVA,ANTALAHA,AMPAHANA,null,-14.7758655548095,50.2264251708984,TRUE,TRUE,FALSE,FALSE,2G-3G,2G-3G,NON,TOA,ENERGIE TOM,2016,220204,GREENFIELD,null
611,ORANGE_SAV_ANT_0012,Antsahanoro,ORANGE,SAVA,ANTALAHA,ANTANANAMBO,null,-14.8534717559814,50.1678314208984,TRUE,TRUE,FALSE,FALSE,2G-3G,2G-3G,NON,TOA,ENERGIE TOM,2016,220209,GREENFIELD,null
612,ORANGE_SAV_SAM_0015,TanambaoDaoud,ORANGE,SAVA,SAMBAVA,TANAMBAO DAOUD,null,-13.996277809143,50.1193618774414,TRUE,TRUE,FALSE,FALSE,2G-3G,2G-3G,NON,TOA,ENERGIE TOM,2016,220326,GREENFIELD,null
613,ORANGE_SAV_VOH_0008,Milanoa,ORANGE,SAVA,VOHEMAR,MILANOA,null,-13.5741672515869,49.8057518005371,TRUE,TRUE,FALSE,FALSE,2G-3G,2G-3G,NON,TOA,ENERGIE TOM,2016,220416,GREENFIELD,null
614,ORANGE_SAV_VOH_0009,Belambo,ORANGE,SAVA,VOHEMAR,BELAMBO,null,-14.0055284500122,49.8594436645507,TRUE,TRUE,FALSE,FALSE,2G-3G,2G-3G,NON,TOA,ENERGIE TOM,2016,220411,GREENFIELD,null
615,ORANGE_SAV_SAM_0016,Andratamarina,ORANGE,SAVA,SAMBAVA,ANDRATAMARINA,null,-14.3574171066284,49.9148902893066,TRUE,TRUE,FALSE,FALSE,2G-3G,2G-3G,NON,TOA,ENERGIE TOM,2016,220309,GREENFIELD,null
616,ORANGE_FIT_MAN_0007,Ampasimanjeva,ORANGE,FITOVINANY,MANAKARA,VOHIMASINA NORD,null,-21.7445831298828,48.1013870239257,TRUE,TRUE,FALSE,FALSE,2G-3G/Backbone,2G-3G,NON,ORANGE,ENERGIE SOLAIRE,2016,350243,GREENFIELD,Backbone
617,ORANGE_IHO_IHO_0010,Satrokala,ORANGE,IHOROMBE,IHOSY,SATROKALA,null,-22.3321914672851,45.7164230346679,TRUE,TRUE,FALSE,FALSE,2G-3G,2G-3G,NON,ORANGE,ENERGIE TIERS,2016,340216,GREENFIELD,null
618,ORANGE_SAV_VOH_0010,Antsahavaribe,ORANGE,SAVA,VOHEMAR,AMBODISAMBALAHY,null,-13.849193572998,49.8750572204589,TRUE,TRUE,FALSE,FALSE,2G-3G,2G-3G,NON,TOA,ENERGIE TOM,2016,220409,GREENFIELD,null
619,ORANGE_ANM_REN_0076,TanaSiloDigue,ORANGE,ANALAMANGA,ANTANANARIVO_VI,CU ANTANANARIVO (ARR.VI ),null,-18.8905925750732,47.4915390014648,TRUE,TRUE,TRUE,FALSE,2G-3G-4G/TDD,2G-3G-4G,NON,ORANGE,JIRAMA,2016,111201,ROOFTOP,TDD
620,ORANGE_ATS_RUR_0016,TamaTapakala,ORANGE,ATSINANANA,TOAMASINA II,TOAMASINA SUBURBAINE,null,-18.2046108245849,49.3716659545898,TRUE,TRUE,TRUE,FALSE,2G-3G-4G/4G+,2G-3G-4G,NON,ORANGE,ENERGIE TIERS,2017,530617,GREENFIELD,4G+
621,ORANGE_ANM_ANJ_0007,MarotsipoyLC,ORANGE,ANALAMANGA,ANJOZOROBE,MAROTSIPOY,null,-17.9643878936767,47.6934089660644,TRUE,FALSE,FALSE,FALSE,2G,2G,NON,ORANGE,ENERGIE SOLAIRE,2017,110317,GREENFIELD,null
622,ORANGE_ANM_AMB_0020,Farahantsana,ORANGE,ANALAMANGA,AMBOHIDRATRIMO,AMPANOTOKANA,null,-18.7797222137451,47.2720832824707,TRUE,TRUE,FALSE,FALSE,2G-3G,2G-3G,NON,ORANGE,ENERGIE SOLAIRE,2017,110108,GREENFIELD,null
623,ORANGE_ATS_VAT_0004,Marovintsy,ORANGE,ATSINANANA,VATOMANDRY,SAHAMATEVINA,null,-19.2414569854736,48.9483985900878,FALSE,TRUE,FALSE,FALSE,3G,3G,NON,ORANGE,ENERGIE TIERS,2017,530715,GREENFIELD,null
624,ORANGE_DIA_NOS_0018,NosyBeSenganinga,ORANGE,DIANA,NOSY-BE,CU NOSY-BE,null,-13.3994998931884,48.2716674804687,TRUE,TRUE,TRUE,FALSE,2G-3G-4G/4G+,2G-3G-4G,NON,ORANGE,JIRAMA,2017,210501,GREENFIELD,4G+
625,ORANGE_ANM_NOR_0017,TanaBypass,ORANGE,ANALAMANGA,ANTANANARIVO AVARADRANO,AMBOHIMANAMBOLA,null,-18.926212310791,47.5893096923828,TRUE,TRUE,TRUE,FALSE,2G-3G-4G/TDD-4G+,2G-3G-4G,NON,HELIOS,ENERGIE AIRTEL,2017,110603,GREENFIELD,TDD-4G+
626,ORANGE_ALA_MOR_0011,AmbatovyPK5,ORANGE,ALAOTRA MANGORO,MORAMANGA,AMBOHIBARY,null,-18.8668193817138,48.2779312133789,TRUE,TRUE,TRUE,FALSE,2G-3G-4G,2G-3G-4G,NON,HELIOS,ENERGIE AIRTEL,2017,510503,GREENFIELD,null
627,ORANGE_DIA_NOS_0019,NosyBeAndilana2,ORANGE,DIANA,NOSY-BE,CU NOSY-BE,null,-13.2627363204956,48.1925964355468,TRUE,TRUE,TRUE,FALSE,2G-3G-4G/TDD-4G+,2G-3G-4G,NON,HELIOS,JIRAMA,2017,210501,GREENFIELD,TDD-4G+
628,ORANGE_ATS_RUR_0017,TamaSherrittIndoor,ORANGE,ATSINANANA,TOAMASINA II,TOAMASINA SUBURBAINE,null,-18.2029094696044,49.3650283813476,TRUE,TRUE,TRUE,FALSE,2G-3G-4G,2G-3G-4G,NON,ORANGE,ENERGIE TIERS,2017,530617,GREENFIELD,null
629,ORANGE_ANM_NOR_0018,TanaIlafyAndafiavaratra,ORANGE,ANALAMANGA,ANTANANARIVO AVARADRANO,ANKADIKELY ILAFY,null,-18.8561496734619,47.5482101440429,TRUE,TRUE,TRUE,FALSE,2G-3G-4G/TDD-4G+,2G-3G-4G,NON,DIGITEL,ENERGIE TIERS,2017,110607,GREENFIELD,TDD-4G+
630,ORANGE_ALA_MOR_0012,Ambatovy2,ORANGE,ALAOTRA MANGORO,MORAMANGA,AMBOHIBARY,null,-18.8298530578613,48.3123435974121,TRUE,TRUE,TRUE,FALSE,2G-3G-4G,2G-3G-4G,NON,HELIOS,GE,2017,510503,GREENFIELD,null
631,ORANGE_VAK_RUR_0006,SambainaAmbohibary,ORANGE,VAKINANKARATRA,ANTSIRABE II,AMBOHIBARY,null,-19.6421661376953,47.1370277404785,FALSE,TRUE,FALSE,FALSE,3G,3G,NON,ORANGE,ENERGIE SOLAIRE,2017,140405,GREENFIELD,null
632,ORANGE_ANJ_MAR_0003,MaroantsetraVille2,ORANGE,ANALANJIROFO,MAROANTSETRA,MAROANTSETRA,null,-15.421739578247,49.7369689941406,TRUE,TRUE,TRUE,FALSE,2G-3G-4G,2G-3G-4G,NON,HELIOS,JIRAMA + GE,2017,520315,GREENFIELD,null
633,ORANGE_ATS_RUR_0018,TamaTanandavaTailings,ORANGE,ATSINANANA,TOAMASINA II,TOAMASINA SUBURBAINE,null,-18.1713619232177,49.3115577697753,TRUE,TRUE,FALSE,FALSE,2G-3G,2G-3G,NON,SHERRITT,ENERGIE TIERS,2018,530617,GREENFIELD,null
634,ORANGE_AAN_AMP_0004,Ambalabe,ORANGE,ATSIMO ANDREFANA,AMPANIHY OUEST,ANDROKA,null,-25.1442508697509,44.4650573730468,TRUE,TRUE,FALSE,FALSE,2G-3G/Backbone,2G-3G,NON,ORANGE,ENERGIE SOLAIRE,2018,630103,GREENFIELD,Backbone
635,ORANGE_ANM_REN_0077,TanaAmbohidempona,ORANGE,ANALAMANGA,ANTANANARIVO_II,CU ANTANANARIVO (Arr.II),null,-18.9184436798095,47.5516662597656,TRUE,TRUE,TRUE,FALSE,2G-3G-4G/TDD-4G+,2G-3G-4G,NON,YOGA OBSERVATOIRE,JIRAMA,2018,110801,GREENFIELD,TDD-4G+
636,ORANGE_DIA_RUR_0011,Ecloserie,ORANGE,DIANA,ANTSIRANANA II,MOSOROLAVA,null,-12.7316665649414,48.9129180908203,TRUE,TRUE,FALSE,FALSE,2G-3G,2G-3G,NON,ORANGE,ENERGIE SOLAIRE + GE,2018,210418,GREENFIELD,null
637,ORANGE_VAK_URB_0012,AntsirabeAndranonahoatra,ORANGE,VAKINANKARATRA,ANTSIRABE I,ANTSIRABE,null,-19.9336109161376,47.0758323669433,FALSE,TRUE,TRUE,FALSE,3G-4G,3G-4G,NON,ORANGE,ENERGIE SOLAIRE,2018,140301,GREENFIELD,null
638,ORANGE_ATS_URB_0016,TamaTsararivotra,ORANGE,ATSINANANA,TOAMASINA I,CU TOAMASINA arr. ANKIRIHIRY,null,-18.1572227478027,49.3747215270996,TRUE,TRUE,TRUE,FALSE,2G-3G-4G/TDD,2G-3G-4G,NON,ORANGE,JIRAMA + GE,2018,530503,GREENFIELD,TDD
639,ORANGE_DIA_RUR_0012,Antsahampano,ORANGE,DIANA,ANTSIRANANA II,ANTSAHAMPANO,null,-12.3450002670288,49.1761093139648,TRUE,TRUE,FALSE,FALSE,2G-3G,2G-3G,NON,ORANGE,ENERGIE SOLAIRE + GE,2018,210409,GREENFIELD,null
640,ORANGE_ALA_MOR_0013,MoramangaAmbarilava,ORANGE,ALAOTRA MANGORO,MORAMANGA,MORAMANGA,null,-18.9396114349365,48.2057228088378,TRUE,TRUE,TRUE,FALSE,2G-3G-4G/TDD,2G-3G-4G,NON,ORANGE,JIRAMA + GE,2018,510518,GREENFIELD,TDD
641,ORANGE_DIA_RUR_0013,Andranofanjava,ORANGE,DIANA,ANTSIRANANA II,ANDRANOFANJAVA,null,-12.5363893508911,49.0891685485839,TRUE,TRUE,FALSE,FALSE,2G-3G,2G-3G,NON,ORANGE,ENERGIE SOLAIRE + GE,2018,210403,GREENFIELD,null
642,ORANGE_ANM_AMB_0021,TanaMaibahoaka,ORANGE,ANALAMANGA,AMBOHIDRATRIMO,TALATAMATY,null,-18.8263339996337,47.4596099853515,TRUE,TRUE,TRUE,FALSE,2G-3G-4G/TDD,2G-3G-4G,NON,ORANGE,JIRAMA,2018,110125,ROOFTOP,TDD
643,ORANGE_ANM_ANJ_0008,Ambatomanoina,ORANGE,ANALAMANGA,ANJOZOROBE,AMBATOMANOINA,null,-18.3344440460205,47.6775016784667,TRUE,TRUE,FALSE,FALSE,2G-3G,2G-3G,NON,ORANGE,ENERGIE SOLAIRE,2018,110302,GREENFIELD,null
644,ORANGE_AAT_BEF_0002,BefotakaRelais,ORANGE,ATSIMO ATSINANANA,BEFOTAKA ATSIMO,BEFOTAKA SUD,null,-23.8453617095947,46.9490547180175,TRUE,TRUE,FALSE,FALSE,2G-3G,2G-3G,NON,ORANGE,ENERGIE SOLAIRE,2018,320103,GREENFIELD,null
645,ORANGE_ANO_TAO_0012,Manambaro,ORANGE,ANOSY,TAOLANARO,MANAMBARO,null,-25.0036659240722,46.8024444580078,TRUE,TRUE,TRUE,FALSE,2G-3G-4G,2G-3G-4G,NON,ORANGE,ENERGIE TIERS,2018,620318,GREENFIELD,null
646,ORANGE_VAK_ANT_0006,Antsampandrano,ORANGE,VAKINANKARATRA,ANTANIFOTSY,ANTSAMPANDRANO,null,-19.9924449920654,47.6437759399414,TRUE,TRUE,FALSE,FALSE,2G-3G,2G-3G,NON,ORANGE,ENERGIE SOLAIRE,2018,140211,GREENFIELD,null
647,ORANGE_ANM_REN_0078,TanaAmbohitsoa,ORANGE,ANALAMANGA,ANTANANARIVO_II,CU ANTANANARIVO (Arr.II),null,-18.9392700195312,47.5408515930175,TRUE,TRUE,TRUE,FALSE,2G-3G-4G/TDD-4G+,2G-3G-4G,NON,TOA,ENERGIE TOM,2018,110801,GREENFIELD,TDD-4G+
648,ORANGE_ANM_REN_0079,TanaAnkorondrano,ORANGE,ANALAMANGA,ANTANANARIVO_III,CU ANTANANARIVO (Arr.III),null,-18.8862018585205,47.5223121643066,TRUE,TRUE,TRUE,FALSE,2G-3G-4G/TDD-4G+,2G-3G-4G,null,ORANGE,JIRAMA,2019,110901,ROOFTOP,TDD-4G+
649,ORANGE_SAV_VOH_0011,VohemarFloribis,ORANGE,SAVA,VOHEMAR,VOHEMAR,null,-13.3840723037719,50.0135040283203,TRUE,TRUE,TRUE,FALSE,2G-3G-4G,2G-3G-4G,null,ORANGE,ENERGIE TIERS,2019,220419,ROOFTOP,null
650,ORANGE_ANM_SUD_0022,TanaVontovorona,ORANGE,ANALAMANGA,ANTANANARIVO ATSIMONDRANO,ALAKAMISY FENOARIVO,null,-18.9850215911865,47.4113960266113,TRUE,TRUE,TRUE,FALSE,2G-3G-4G,2G-3G-4G,null,ORANGE,JIRAMA,2019,110501,ROOFTOP,null
651,ORANGE_ANM_SUD_0023,TanaAmbodiafontsy,ORANGE,ANALAMANGA,ANTANANARIVO ATSIMONDRANO,AMPITATAFIKA,null,-18.942943572998,47.4651107788085,TRUE,TRUE,TRUE,FALSE,2G-3G-4G/TDD-4G+,2G-3G-4G,null,ORANGE,JIRAMA,2019,110510,GREENFIELD,TDD-4G+
652,ORANGE_DIA_ABL_0009,Tsarabanjina,ORANGE,DIANA,AMBILOBE,ANTSOHIMBONDRONA,null,-13.0286388397216,48.5434989929199,TRUE,TRUE,TRUE,FALSE,2G-3G-4G,2G-3G-4G,null,ORANGE,ENERGIE SOLAIRE,2019,210210,GREENFIELD,null
653,ORANGE_ITA_MIA_0005,AmpefyAmbodiamontana,ORANGE,ITASY,MIARINARIVO,ANALAVORY,null,-19.0125999450683,46.7321014404296,TRUE,TRUE,TRUE,FALSE,2G-3G-4G,2G-3G-4G,null,HELIOS,GE,2019,130203,GREENFIELD,null
654,ORANGE_ANM_AMB_0022,AmbatoLC,ORANGE,ANALAMANGA,AMBOHIDRATRIMO,AMBATO,null,-18.6297225952148,47.4899177551269,TRUE,TRUE,FALSE,FALSE,2G-3G,2G-3G,null,ORANGE,ENERGIE SOLAIRE,2019,110101,GREENFIELD,null
655,ORANGE_SAV_SAM_0018,SambavaAntsirabe,ORANGE,SAVA,SAMBAVA,SAMBAVA,null,-14.2678890228271,50.1334724426269,TRUE,TRUE,TRUE,FALSE,2G-3G-4G,2G-3G-4G,null,TOA,ENERGIE TOM,2019,220325,GREENFIELD,null
656,ORANGE_SAV_SAM_0017,SambavaBetsopaka,ORANGE,SAVA,SAMBAVA,SAMBAVA,null,-14.2636947631835,50.1466407775878,TRUE,TRUE,TRUE,FALSE,2G-3G-4G/4G+,2G-3G-4G,null,TOA,ENERGIE TOM,2019,220325,GREENFIELD,4G+
657,ORANGE_SAV_SAM_0019,Nosiarina,ORANGE,SAVA,SAMBAVA,ANJANGOVERATRA,null,-14.185471534729,50.039306640625,TRUE,TRUE,FALSE,FALSE,2G-3G,2G-3G,null,TOA,ENERGIE TOM,2019,220311,GREENFIELD,null
658,ORANGE_SAV_VOH_0012,Tsarabaria,ORANGE,SAVA,VOHEMAR,TSARABARIA,null,-13.7614097595214,49.9482803344726,TRUE,TRUE,FALSE,FALSE,2G-3G,2G-3G,null,TOA,ENERGIE TOM,2019,220418,GREENFIELD,null
659,ORANGE_SAV_AND_0007,AndapaAntsirandava,ORANGE,SAVA,ANDAPA,BEALAMPONA,null,-14.6468887329101,49.574779510498,TRUE,TRUE,FALSE,FALSE,2G-3G,2G-3G,null,TOA,ENERGIE TOM,2019,220111,GREENFIELD,null
660,ORANGE_SAV_AND_0006,AndapaMaherivaratra,ORANGE,SAVA,ANDAPA,TANANDAVA,null,-14.7097225189208,49.6283340454101,TRUE,TRUE,FALSE,FALSE,2G-3G,2G-3G,null,TOA,ENERGIE TOM,2019,220118,GREENFIELD,null
661,ORANGE_ANM_MAN_0009,AnjepyLC,ORANGE,ANALAMANGA,MANJAKANDRIANA,ANJEPY,null,-18.8587493896484,47.720832824707,TRUE,TRUE,FALSE,FALSE,2G-3G,2G-3G,null,ORANGE,ENERGIE SOLAIRE,2019,111313,GREENFIELD,null
662,ORANGE_SAV_SAM_0020,Andrahanjo,ORANGE,SAVA,SAMBAVA,ANDRAHANJO,null,-14.2956666946411,49.7728881835937,TRUE,TRUE,FALSE,FALSE,2G-3G,2G-3G,null,TOA,ENERGIE TOM,2019,220308,GREENFIELD,null
663,ORANGE_SAV_AND_0008,Doany,ORANGE,SAVA,ANDAPA,DOANY,null,-14.3981113433837,49.4988059997558,TRUE,TRUE,FALSE,FALSE,2G-3G,2G-3G,null,TOA,ENERGIE TOM,2019,220115,GREENFIELD,null
664,ORANGE_SAV_VOH_0013,AntsirabeNord2,ORANGE,SAVA,VOHEMAR,ANTSIRABE NORD,null,-13.9544095993041,49.9522895812988,TRUE,TRUE,FALSE,FALSE,2G-3G,2G-3G,null,TOA,ENERGIE TOM,2019,220410,GREENFIELD,null
665,ORANGE_SAV_VOH_0014,Andrafainkona,ORANGE,SAVA,VOHEMAR,ANDRAFAINKONA,null,-13.7302780151367,49.4946937561035,TRUE,TRUE,FALSE,FALSE,2G-3G,2G-3G,null,TOA,ENERGIE TOM,2019,220407,GREENFIELD,null
666,ORANGE_ANM_REN_0080,TanaAmpandrana,ORANGE,ANALAMANGA,ANTANANARIVO_I,CU ANTANANARIVO (Arr.I),null,-18.9055805206298,47.531997680664,TRUE,TRUE,TRUE,FALSE,2G-3G-4G/TDD-4G+,2G-3G-4G,null,GULFSAT,ENERGIE GULFSAT,2019,110701,GREENFIELD,TDD-4G+
667,ORANGE_ANJ_MAR_0004,MaroantsetraVoloina,ORANGE,ANALANJIROFO,MAROANTSETRA,VOLOINA,null,-15.5375003814697,49.548053741455,TRUE,TRUE,FALSE,FALSE,2G-3G,2G-3G,null,ORANGE,ENERGIE SOLAIRE,2019,520318,GREENFIELD,null
668,ORANGE_MAT_URB_0006,FianaraAmpopoka,ORANGE,MATSIATRA AMBONY,FIANARANTSOA,CU FIANARANTSOA,null,-21.429027557373,47.1226119995117,TRUE,TRUE,TRUE,FALSE,2G-3G-4G,2G-3G-4G,null,ORANGE,JIRAMA,2019,330301,GREENFIELD,null
669,ORANGE_SAV_VOH_0015,Analovana,ORANGE,SAVA,VOHEMAR,FANAMBANA,null,-13.6776943206787,50.0275268554687,TRUE,TRUE,FALSE,FALSE,2G-3G/Backbone,2G-3G,null,ORANGE,ENERGIE SOLAIRE + GE,2019,220414,GREENFIELD,Backbone
670,ORANGE_ITA_MIA_0006,Ifanja,ORANGE,ITASY,MIARINARIVO,SAROBARATRA,null,-18.8670005798339,46.7245826721191,TRUE,TRUE,FALSE,FALSE,2G-3G,2G-3G,null,ORANGE,ENERGIE SOLAIRE,2019,130211,GREENFIELD,null
671,ORANGE_ANM_REN_0081,TanaFenomanana,ORANGE,ANALAMANGA,ANTANANARIVO_II,CU ANTANANARIVO (Arr.II),null,-18.9298057556152,47.5434455871582,TRUE,TRUE,TRUE,FALSE,2G-3G-4G/TDD-4G+,2G-3G-4G,null,TOA,ENERGIE TOM,2019,110801,GREENFIELD,TDD-4G+
672,ORANGE_ANM_REN_0082,TanaTsarahonenana,ORANGE,ANALAMANGA,ANTANANARIVO_III,CU ANTANANARIVO (Arr.III),null,-18.9054431915283,47.5470275878906,TRUE,TRUE,TRUE,FALSE,2G-3G-4G/4G+,2G-3G-4G,null,TOA,ENERGIE TOM,2019,110901,GREENFIELD,4G+
673,ORANGE_ANM_REN_0083,TanaBetongolo,ORANGE,ANALAMANGA,ANTANANARIVO_III,CU ANTANANARIVO (Arr.III),null,-18.9077224731445,47.5416946411132,FALSE,TRUE,TRUE,FALSE,3G-4G/TDD,3G-4G,null,TOA,ENERGIE TOM,2019,110901,GREENFIELD,TDD
674,ORANGE_MAT_URB_0007,FianaraAnjoma,ORANGE,MATSIATRA AMBONY,FIANARANTSOA,CU FIANARANTSOA,null,-21.4544219970703,47.0868606567382,TRUE,TRUE,TRUE,FALSE,2G-3G-4G/TDD,2G-3G-4G,null,ORANGE,JIRAMA,2019,330301,ROOFTOP,TDD
675,ORANGE_ANM_REN_0084,TanaAmbolokandrina,ORANGE,ANALAMANGA,ANTANANARIVO_II,CU ANTANANARIVO (Arr.II),null,-18.9198532104492,47.5683097839355,TRUE,TRUE,TRUE,FALSE,2G-3G-4G/TDD-4G+,2G-3G-4G,null,ORANGE,JIRAMA,2019,110801,GREENFIELD,TDD-4G+
676,ORANGE_ANM_AMB_0023,TanaSiloAmbohibao,ORANGE,ANALAMANGA,AMBOHIDRATRIMO,ANTEHIROKA,null,-18.8478603363037,47.4785575866699,TRUE,TRUE,TRUE,FALSE,2G-3G-4G/TDD-4G+,2G-3G-4G,null,ORANGE,JIRAMA,2019,110112,ROOFTOP,TDD-4G+
677,ORANGE_VAK_FAR_0003,Ambatondradama,ORANGE,VAKINANKARATRA,FARATSIHO,FARAVOHITRA,null,-19.5161933898925,47.0520553588867,TRUE,TRUE,FALSE,FALSE,2G-3G,2G-3G,null,ORANGE,ENERGIE SOLAIRE,2019,140608,GREENFIELD,null
678,ORANGE_ANJ_MAN_0004,CapBeloneBBNord,ORANGE,ANALANJIROFO,MANANARA-NORD,IMORONA,null,-16.2272224426269,49.8496665954589,TRUE,TRUE,FALSE,FALSE,2G-3G/Backbone,2G-3G,null,ORANGE,ENERGIE SOLAIRE + GE,2019,520208,GREENFIELD,Backbone
679,ORANGE_MAT_URB_0008,FianaraBesorohitra,ORANGE,MATSIATRA AMBONY,FIANARANTSOA,CU FIANARANTSOA,null,-21.4424724578857,47.0984725952148,TRUE,TRUE,TRUE,FALSE,2G-3G-4G,2G-3G-4G,null,ORANGE,JIRAMA,2019,330301,GREENFIELD,null
680,ORANGE_ANJ_MAN_0005,Mananara2,ORANGE,ANALANJIROFO,MANANARA-NORD,MANANARA NORD,null,-16.1714401245117,49.762409210205,FALSE,TRUE,TRUE,FALSE,3G-4G,3G-4G,null,HELIOS,ENERGIE AIRTEL,2019,520210,GREENFIELD,null
681,ORANGE_MAT_URB_0009,FianaraMahamanina,ORANGE,MATSIATRA AMBONY,FIANARANTSOA,CU FIANARANTSOA,null,-21.4348335266113,47.0972518920898,TRUE,TRUE,TRUE,FALSE,2G-3G-4G,2G-3G-4G,null,ORANGE,JIRAMA,2020,330301,GREENFIELD,null
682,ORANGE_ANO_AMB_0003,Tranomaro,ORANGE,ANOSY,AMBOASARY SUD,TRANOMARO,null,-24.4803619384765,46.5504989624023,TRUE,TRUE,FALSE,FALSE,2G-3G,2G-3G,null,ORANGE,ENERGIE SOLAIRE,2020,620115,GREENFIELD,null
683,ORANGE_ANM_SUD_0024,VinanyAmpitatafika,ORANGE,ANALAMANGA,ANTANANARIVO ATSIMONDRANO,AMBAVAHADITOKANA,null,-18.9269256591796,47.47119140625,TRUE,TRUE,TRUE,FALSE,2G-3G-4G/TDD-4G+,2G-3G-4G,null,HELIOS,ENERGIE AIRTEL,2020,110505,GREENFIELD,TDD-4G+
684,ORANGE_ATS_URB_0018,TamaPort,ORANGE,ATSINANANA,TOAMASINA I,CU TOAMASINA,null,-18.1560897827148,49.4268646240234,TRUE,TRUE,TRUE,FALSE,2G-3G-4G/TDD,2G-3G-4G,null,ORANGE,ENERGIE TIERS + GE,2020,530501,ROOFTOP,TDD
685,ORANGE_ALA_MOR_0014,Andasibe2,ORANGE,ALAOTRA MANGORO,MORAMANGA,AMPASIPOTSY GARE,null,-19.0031948089599,48.4054450988769,TRUE,TRUE,FALSE,FALSE,2G-3G/Backbone,2G-3G,null,ORANGE,ENERGIE SOLAIRE + GE,2020,510505,GREENFIELD,Backbone
686,ORANGE_ATS_BRI_0010,Anivoranokely,ORANGE,ATSINANANA,BRICKAVILLE,ANJAHAMANA,null,-18.3715553283691,48.8502235412597,TRUE,TRUE,FALSE,FALSE,2G-3G/Backbone,2G-3G,null,ORANGE,ENERGIE SOLAIRE + GE,2020,530208,GREENFIELD,Backbone
687,ORANGE_ANM_NOR_0020,TanaAmbatonjara,ORANGE,ANALAMANGA,ANTANANARIVO AVARADRANO,ALASORA,null,-18.9420833587646,47.5602226257324,TRUE,TRUE,TRUE,FALSE,2G-3G-4G/4G+,2G-3G-4G,null,TOA,ENERGIE TOM,2020,110601,GREENFIELD,4G+
830,ORANGE_ATS_RUR_0022,TamaMahatsara,ORANGE,ATSINANANA,TOAMASINA II,AMBODITANDROHO,null,-18.275833,49.341666,TRUE,TRUE,FALSE,FALSE,2G-3G,2G-3G,null,TOA,ENERGIE TOM,2022,530603,GREENFIELD,null
688,ORANGE_ANM_REN_0085,TanaAndraharo,ORANGE,ANALAMANGA,ANTANANARIVO_VI,CU ANTANANARIVO (ARR.VI ),null,-18.8792133331298,47.5063018798828,TRUE,TRUE,TRUE,FALSE,2G-3G-4G/TDD,2G-3G-4G,null,GULFSAT,ENERGIE GULFSAT,2020,111201,GREENFIELD,TDD
689,ORANGE_ANM_REN_0086,TanaAnkadifotsy,ORANGE,ANALAMANGA,ANTANANARIVO_III,CU ANTANANARIVO (Arr.III),null,-18.8974990844726,47.5258293151855,TRUE,TRUE,TRUE,FALSE,2G-3G-4G/TDD-4G+,2G-3G-4G,null,ORANGE,JIRAMA,2020,110901,ROOFTOP,TDD-4G+
690,ORANGE_VAK_ANT_0007,Belanitra,ORANGE,VAKINANKARATRA,ANTANIFOTSY,BELANITRA,null,-19.7673664093017,47.6735038757324,TRUE,TRUE,FALSE,FALSE,2G-3G,2G-3G,null,ORANGE,ENERGIE SOLAIRE,2020,140212,GREENFIELD,null
691,ORANGE_ANM_SUD_0025,TanaBevalala,ORANGE,ANALAMANGA,ANTANANARIVO ATSIMONDRANO,AMPANEFY,null,-18.9776668548583,47.5098609924316,FALSE,TRUE,TRUE,FALSE,3G-4G,3G-4G,null,TOA,ENERGIE TOM,2020,110509,GREENFIELD,null
692,ORANGE_ANM_AMB_0024,TanaMandriambero,ORANGE,ANALAMANGA,AMBOHIDRATRIMO,ANTEHIROKA,null,-18.8394165039062,47.4724731445312,FALSE,TRUE,TRUE,FALSE,3G-4G,3G-4G,null,TOA,ENERGIE TOM,2020,110112,GREENFIELD,null
693,ORANGE_BET_MAE_0008,Maevatanana2,ORANGE,BETSIBOKA,MAEVATANANA,MAEVATANANA I,null,-16.9535503387451,46.8315734863281,TRUE,TRUE,TRUE,FALSE,2G-3G-4G,2G-3G-4G,null,HELIOS,ENERGIE AIRTEL,2020,410209,GREENFIELD,null
694,ORANGE_ANM_AMB_0025,TanaIvatoMamory,ORANGE,ANALAMANGA,AMBOHIDRATRIMO,TALATAMATY,null,-18.8064174652099,47.4724731445312,TRUE,TRUE,TRUE,FALSE,2G-3G-4G,2G-3G-4G,null,TOA,ENERGIE TOM,2020,110125,GREENFIELD,null
695,ORANGE_ANM_NOR_0019,TanaAnosyAvaratra2,ORANGE,ANALAMANGA,ANTANANARIVO AVARADRANO,ANOSY AVARATRA,null,-18.8151950836181,47.5569381713867,TRUE,TRUE,TRUE,FALSE,2G-3G-4G/TDD-4G+,2G-3G-4G,null,TOA,ENERGIE TOM,2020,110615,GREENFIELD,TDD-4G+
696,ORANGE_ANM_REN_0087,TanaAndraisoro2,ORANGE,ANALAMANGA,ANTANANARIVO_V,CU ANTANANARIVO (Arr.V),null,-18.8996105194091,47.5602226257324,TRUE,TRUE,TRUE,FALSE,2G-3G-4G/TDD,2G-3G-4G,null,TOA,ENERGIE TOM,2020,111101,GREENFIELD,TDD
697,ORANGE_ANM_REN_0088,TanaNamontana,ORANGE,ANALAMANGA,ANTANANARIVO_IV,CU ANTANANARIVO (Arr.IV),null,-18.9370002746582,47.5116119384765,FALSE,TRUE,TRUE,FALSE,3G-4G/4G+,3G-4G,null,TOA,ENERGIE TOM,2020,111001,GREENFIELD,4G+
698,ORANGE_ANM_REN_0089,TanaFasankarana,ORANGE,ANALAMANGA,ANTANANARIVO_IV,CU ANTANANARIVO (Arr.IV),null,-18.9456119537353,47.513916015625,TRUE,TRUE,TRUE,FALSE,2G-3G-4G,2G-3G-4G,null,TOA,ENERGIE TOM,2020,111001,GREENFIELD,null
699,ORANGE_ANM_SUD_0026,TanaAmbohimamory,ORANGE,ANALAMANGA,ANTANANARIVO ATSIMONDRANO,AMBAVAHADITOKANA,null,-18.93017578125,47.4763374328613,TRUE,TRUE,TRUE,FALSE,2G-3G-4G/TDD-4G+,2G-3G-4G,null,TOA,ENERGIE TOM,2020,110505,GREENFIELD,TDD-4G+
700,ORANGE_ANM_SUD_0027,TanaAndoharanofotsy2,ORANGE,ANALAMANGA,ANTANANARIVO ATSIMONDRANO,ANDOHARANOFOTSY,null,-18.980110168457,47.5330009460449,TRUE,TRUE,TRUE,FALSE,2G-3G-4G/TDD-4G+,2G-3G-4G,null,ORANGE,JIRAMA,2020,110511,ROOFTOP,TDD-4G+
701,ORANGE_BOE_URB_0014,MajungaMahatsinjo,ORANGE,BOENY,MAHAJANGA I,MAHAJANGA,null,-15.7148838043212,46.3344955444335,TRUE,TRUE,TRUE,FALSE,2G-3G-4G/4G+,2G-3G-4G,null,TOA,ENERGIE TOM,2020,420201,GREENFIELD,4G+
702,ORANGE_AMO_ABS_0009,Ambositra2,ORANGE,AMORON'I MANIA,AMBOSITRA,AMBOSITRA,null,-20.5452499389648,47.2411651611328,FALSE,TRUE,TRUE,FALSE,3G-4G,3G-4G,null,TOA,ENERGIE TOM,2020,310207,GREENFIELD,null
703,ORANGE_ANM_REN_0090,TanaAnkerana,ORANGE,ANALAMANGA,ANTANANARIVO_V,CU ANTANANARIVO (Arr.V),null,-18.8905925750732,47.5572624206542,TRUE,TRUE,TRUE,FALSE,2G-3G-4G/TDD-4G+,2G-3G-4G,null,ORANGE,JIRAMA,2020,111101,GREENFIELD,TDD-4G+
704,ORANGE_ATS_URB_0019,TamaAnjoma2,ORANGE,ATSINANANA,TOAMASINA I,CU TOAMASINA,null,-18.1575832366943,49.4060134887695,TRUE,TRUE,TRUE,FALSE,2G-3G-4G/4G+,2G-3G-4G,null,TOA,ENERGIE TOM,2020,530501,GREENFIELD,4G+
705,ORANGE_ATS_URB_0020,TamaSalazamay,ORANGE,ATSINANANA,TOAMASINA I,CU TOAMASINA arr. ANKIRIHIRY,null,-18.1347885131835,49.4100761413574,TRUE,TRUE,TRUE,FALSE,2G-3G-4G/4G+,2G-3G-4G,null,TOA,ENERGIE TOM,2020,530503,GREENFIELD,4G+
706,ORANGE_SOF_ANA_0007,Mifoko,ORANGE,SOFIA,ANALALAVA,MAHADRODROKA,null,-15.1184997558593,47.0972785949707,TRUE,TRUE,TRUE,FALSE,2G-3G-4G,2G-3G-4G,null,TOA,ENERGIE TOM,2020,440110,GREENFIELD,null
707,ORANGE_MEN_MOR_0010,MorondavaTsimahavaokely,ORANGE,MENABE,MORONDAVA,MORONDAVA,null,-20.294822692871,44.3004989624023,TRUE,TRUE,TRUE,FALSE,2G-3G-4G,2G-3G-4G,null,TOA,ENERGIE TOM,2020,640505,GREENFIELD,null
708,ORANGE_SAV_SAM_0021,Antsahavaribe2,ORANGE,SAVA,SAMBAVA,ANTSAHAVARIBE,null,-14.0138893127441,49.6515007019042,TRUE,TRUE,FALSE,FALSE,2G-3G,2G-3G,null,TOA,ENERGIE TOM,2020,220315,GREENFIELD,null
709,ORANGE_SAV_VOH_0016,Bobakindro,ORANGE,SAVA,VOHEMAR,BOBAKINDRO,null,-13.4578504562377,49.7159042358398,TRUE,TRUE,FALSE,FALSE,2G-3G,2G-3G,null,TOA,ENERGIE TOM,2020,220412,GREENFIELD,null
710,ORANGE_ANJ_MAR_0005,Mahalevona,ORANGE,ANALANJIROFO,MAROANTSETRA,MAHALEVONA,null,-15.4053058624267,49.9215278625488,TRUE,TRUE,FALSE,FALSE,2G-3G,2G-3G,null,TOA,ENERGIE TOM,2020,520313,GREENFIELD,null
711,ORANGE_DIA_URB_0014,DiegoManongalaza,ORANGE,DIANA,ANTSIRANANA I,ANTSIRANANA,null,-12.3135747909545,49.2870025634765,TRUE,TRUE,TRUE,FALSE,2G-3G-4G/4G+,2G-3G-4G,null,ORANGE,JIRAMA,2020,210301,GREENFIELD,4G+
712,ORANGE_ANM_NOR_0021,TanaAnkadikelyIlafy,ORANGE,ANALAMANGA,ANTANANARIVO AVARADRANO,ANKADIKELY ILAFY,null,-18.846300125122,47.5534515380859,FALSE,TRUE,TRUE,FALSE,3G-4G/4G+,3G-4G,null,TOA,ENERGIE TOM,2020,110607,GREENFIELD,4G+
713,ORANGE_ANJ_MAR_0006,BezavonaAntakotako,ORANGE,ANALANJIROFO,MAROANTSETRA,ANTAKOTAKO,null,-15.3877220153808,49.8240280151367,TRUE,TRUE,FALSE,FALSE,2G-3G,2G-3G,null,ORANGE,ENERGIE SOLAIRE,2020,520311,GREENFIELD,null
714,ORANGE_ANJ_MAR_0007,Ambinanitelo,ORANGE,ANALANJIROFO,MAROANTSETRA,AMBINANITELO,null,-15.3330001831054,49.6086120605468,TRUE,TRUE,FALSE,FALSE,2G-3G,2G-3G,null,TOA,ENERGIE TOM,2020,520302,GREENFIELD,null
715,ORANGE_ATS_URB_0021,TamaTanambao5,ORANGE,ATSINANANA,TOAMASINA I,CU TOAMASINA arr. TANAMBAO V,null,-18.1501331329345,49.4056396484375,TRUE,TRUE,TRUE,FALSE,2G-3G-4G/TDD-4G+,2G-3G-4G,null,ORANGE,JIRAMA,2020,530505,ROOFTOP,TDD-4G+
716,ORANGE_ANJ_FEN_0005,FeneriveEst,ORANGE,ANALANJIROFO,FENERIVE EST,FENERIVE VILLE,null,-17.3737506866455,49.4033889770507,TRUE,TRUE,TRUE,FALSE,2G-3G-4G/TDD,2G-3G-4G,null,HELIOS,JIRAMA + GE,2020,520106,GREENFIELD,TDD
717,ORANGE_ANM_REN_0091,TanaAmbatoroka,ORANGE,ANALAMANGA,ANTANANARIVO_II,CU ANTANANARIVO (Arr.II),null,-18.922981262207,47.541690826416,TRUE,TRUE,TRUE,FALSE,2G-3G-4G/TDD-4G+,2G-3G-4G,null,ORANGE,JIRAMA,2021,110801,ROOFTOP,TDD-4G+
718,ORANGE_ANJ_MAN_0006,Tanjona,ORANGE,ANALANJIROFO,MANANARA-NORD,MANAMBOLOSY,null,-15.9090280532836,49.7282791137695,TRUE,TRUE,FALSE,FALSE,2G-3G/Backbone,2G-3G,null,ORANGE,ENERGIE SOLAIRE,2021,520209,GREENFIELD,Backbone
719,ORANGE_ATS_RUR_0019,AmpisokinaAndodabe,ORANGE,ATSINANANA,TOAMASINA II,AMPISOKINA,null,-17.7461395263671,49.2527770996093,TRUE,TRUE,FALSE,FALSE,2G-3G/Backbone,2G-3G,null,ORANGE,ENERGIE SOLAIRE + GE,2021,530606,GREENFIELD,Backbone
720,ORANGE_ANJ_FEN_0006,VohipenoBBNord,ORANGE,ANALANJIROFO,FENERIVE EST,VOHIPENO,null,-17.1476116180419,49.2742500305175,TRUE,TRUE,FALSE,FALSE,2G-3G/Backbone,2G-3G,null,ORANGE,ENERGIE SOLAIRE + GE,2021,520112,GREENFIELD,Backbone
721,ORANGE_ANJ_SOA_0004,Ambodibilahy,ORANGE,ANALANJIROFO,SOANIERANA IVONGO,AMBAHOABE,null,-16.6363887786865,49.519416809082,TRUE,TRUE,FALSE,FALSE,2G-3G/Backbone,2G-3G,null,ORANGE,ENERGIE SOLAIRE + GE,2021,520501,GREENFIELD,Backbone
722,ORANGE_BON_TSI_0006,Tsiroanomandidy3,ORANGE,BONGOLAVA,TSIROANOMANDIDY,TSIROANOMANDIDY VILLE,null,-18.7724723815917,46.0500297546386,TRUE,TRUE,TRUE,FALSE,2G-3G-4G,2G-3G-4G,null,TOA,ENERGIE TOM,2021,120218,GREENFIELD,null
723,ORANGE_BON_TSI_0007,Tsiroanomandidy2,ORANGE,BONGOLAVA,TSIROANOMANDIDY,TSIROANOMANDIDY VILLE,null,-18.7632408142089,46.0414314270019,TRUE,TRUE,TRUE,FALSE,2G-3G-4G,2G-3G-4G,null,TOA,ENERGIE TOM,2021,120218,GREENFIELD,null
724,ORANGE_ANJ_MAR_0008,Fizoana,ORANGE,ANALANJIROFO,MAROANTSETRA,MAHALEVONA,null,-15.3670501708984,49.9204902648925,TRUE,TRUE,FALSE,FALSE,2G-3G/Backbone,2G-3G,null,ORANGE,ENERGIE SOLAIRE + GE,2021,520313,GREENFIELD,Backbone
725,ORANGE_SAV_ANT_0013,ManakambahinyBB,ORANGE,SAVA,ANTALAHA,MANAKAMBAHINY ANKAVIA,null,-15.1861114501953,50.1107215881347,TRUE,TRUE,FALSE,FALSE,2G-3G/Backbone,2G-3G,null,ORANGE,ENERGIE SOLAIRE + GE,2021,220218,GREENFIELD,Backbone
726,ORANGE_ANM_AMB_0026,TanaAmbodifasina,ORANGE,ANALAMANGA,AMBOHIDRATRIMO,ANTEHIROKA,null,-18.8116111755371,47.513084411621,TRUE,TRUE,TRUE,FALSE,2G-3G-4G,2G-3G-4G,null,TOA,ENERGIE TOM,2021,110112,GREENFIELD,null
727,ORANGE_DIA_NOS_0020,NosyBeAndavakotakona,ORANGE,DIANA,NOSY-BE,CU NOSY-BE,null,-13.4005556106567,48.2655296325683,TRUE,TRUE,TRUE,FALSE,2G-3G-4G/4G+,2G-3G-4G,null,TOA,ENERGIE TOM,2021,210501,GREENFIELD,4G+
728,ORANGE_VAK_URB_0013,AntsirabeAntanimenakely,ORANGE,VAKINANKARATRA,ANTSIRABE I,ANTSIRABE,null,-19.8486671447753,47.030418395996,TRUE,TRUE,TRUE,FALSE,2G-3G-4G,2G-3G-4G,null,TOA,ENERGIE TOM,2021,140301,GREENFIELD,null
729,ORANGE_DIA_ABJ_0011,AmbanjaTanambao5,ORANGE,DIANA,AMBANJA,AMBANJA,null,-13.6686172485351,48.4518394470214,TRUE,TRUE,TRUE,FALSE,2G-3G-4G,2G-3G-4G,null,TOA,ENERGIE TOM,2021,210103,GREENFIELD,null
730,ORANGE_BOE_URB_0015,MajungaAmbondrona2,ORANGE,BOENY,MAHAJANGA I,MAHAJANGA,null,-15.6988611221313,46.3523063659667,TRUE,TRUE,TRUE,FALSE,2G-3G-4G,2G-3G-4G,null,TOA,ENERGIE TOM,2021,420201,GREENFIELD,null
731,ORANGE_ANM_REN_0092,TanaAlarobia,ORANGE,ANALAMANGA,ANTANANARIVO_V,CU ANTANANARIVO (Arr.V),null,-18.8740558624267,47.5190849304199,TRUE,TRUE,TRUE,FALSE,2G-3G-4G/4G+,2G-3G-4G,null,ORANGE,JIRAMA,2021,111101,ROOFTOP,4G+
732,ORANGE_ANM_REN_0093,TanaAnkatso2,ORANGE,ANALAMANGA,ANTANANARIVO_II,CU ANTANANARIVO (Arr.II),null,-18.9195003509521,47.5555267333984,TRUE,TRUE,TRUE,FALSE,2G-3G-4G/4G+,2G-3G-4G,null,TOA,ENERGIE TOM,2021,110801,GREENFIELD,4G+
733,ORANGE_ITA_MIA_0007,Soavimbazaha,ORANGE,ITASY,MIARINARIVO,SOAVIMBAZAHA,null,-18.8115940093994,47.0350494384765,TRUE,TRUE,FALSE,FALSE,2G-3G,2G-3G,null,TOA,ENERGIE TOM,2021,130213,GREENFIELD,null
734,ORANGE_ATS_URB_0022,TamaManangareza2,ORANGE,ATSINANANA,TOAMASINA I,CU TOAMASINA arr. ANJOMA,null,-18.1673603057861,49.4029426574707,TRUE,TRUE,TRUE,FALSE,2G-3G-4G,2G-3G-4G,null,TOA,ENERGIE TOM,2021,530502,GREENFIELD,null
735,ORANGE_SAV_SAM_0022,SambavaTsararivotra,ORANGE,SAVA,SAMBAVA,SAMBAVA,null,-14.2831392288208,50.173526763916,TRUE,TRUE,TRUE,FALSE,2G-3G-4G/TDD,2G-3G-4G,null,ORANGE,JIRAMA,2021,220325,GREENFIELD,TDD
736,ORANGE_ANM_SUD_0028,TanaFenoarivo,ORANGE,ANALAMANGA,ANTANANARIVO ATSIMONDRANO,FENOARIVO,null,-18.9135551452636,47.4314460754394,TRUE,TRUE,TRUE,FALSE,2G-3G-4G,2G-3G-4G,null,TOA,ENERGIE TOM,2021,110520,GREENFIELD,null
737,ORANGE_ANM_SUD_0029,TanaImerimanjaka,ORANGE,ANALAMANGA,ANTANANARIVO ATSIMONDRANO,AMBOHIJANAKA,null,-18.9792785644531,47.5479431152343,TRUE,TRUE,TRUE,FALSE,2G-3G-4G/4G+,2G-3G-4G,null,TOA,ENERGIE TOM,2021,110507,GREENFIELD,4G+
738,ORANGE_SAV_ANT_0014,Marofinaritra,ORANGE,SAVA,ANTALAHA,MAROFINARITRA,null,-15.0810003280639,50.0939178466796,TRUE,TRUE,FALSE,FALSE,2G-3G,2G-3G,null,TOA,ENERGIE TOM,2021,220214,GREENFIELD,null
739,ORANGE_ANM_NOR_0022,TanaIlafyAntsampandrano,ORANGE,ANALAMANGA,ANTANANARIVO AVARADRANO,SABOTSY NAMEHANA,null,-18.8386554718017,47.57710647583,TRUE,TRUE,TRUE,FALSE,2G-3G-4G,2G-3G-4G,null,TOA,ENERGIE TOM,2021,110612,GREENFIELD,null
740,ORANGE_DIA_ABJ_0012,Manirenja,ORANGE,DIANA,AMBANJA,MAROVATO,null,-13.921,48.557333,TRUE,TRUE,FALSE,FALSE,2G-3G,2G-3G,null,TOA,ENERGIE TOM,2021,210123,GREENFIELD,null
741,ORANGE_ANJ_MAR_0009,MaroantsetraAnkiakalava,ORANGE,ANALANJIROFO,MAROANTSETRA,MAROANTSETRA,null,-15.429805556,49.746861111,TRUE,TRUE,TRUE,FALSE,2G-3G-4G,2G-3G-4G,null,TOA,ENERGIE TOM,2021,520315,GREENFIELD,null
742,ORANGE_SAV_SAM_0023,Ambatoafo,ORANGE,SAVA,SAMBAVA,AMBATOAFO,null,-14.148722,49.705306,TRUE,TRUE,FALSE,FALSE,2G-3G,2G-3G,null,TOA,ENERGIE TOM,2021,220301,GREENFIELD,null
743,ORANGE_SAV_SAM_0025,Anjialava,ORANGE,SAVA,SAMBAVA,ANJIALAVA,null,-14.080631,49.727337,TRUE,TRUE,FALSE,FALSE,2G-3G,2G-3G,null,TOA,ENERGIE TOM,2021,220312,GREENFIELD,null
744,ORANGE_SAV_SAM_0024,Ambanjahilatra,ORANGE,SAVA,SAMBAVA,BEVONOTRA,null,-14.087528,49.56263,TRUE,TRUE,FALSE,FALSE,2G-3G,2G-3G,null,TOA,ENERGIE TOM,2021,220318,GREENFIELD,null
745,ORANGE_ANM_REN_0094,TanaAmbatomitsangana2,ORANGE,ANALAMANGA,ANTANANARIVO_III,CU ANTANANARIVO (Arr.III),null,-18.9016388,47.5287776,TRUE,TRUE,TRUE,FALSE,2G-3G-4G,2G-3G-4G,null,ORANGE,JIRAMA,2021,110901,ROOFTOP,null
746,ORANGE_ANJ_MAN_0007,Ambalahoraka,ORANGE,ANALANJIROFO,MANANARA-NORD,ANTANAMBAOBE,null,-16.234,49.685583,TRUE,TRUE,FALSE,FALSE,2G-3G,2G-3G,null,TOA,ENERGIE TOM,2021,520205,GREENFIELD,null
747,ORANGE_ATS_URB_0027,TamaAmpasimazava2,ORANGE,ATSINANANA,TOAMASINA I,CU TOAMASINA,null,-18.161129,49.420937,TRUE,TRUE,TRUE,FALSE,2G-3G-4G/TDD-4G+,2G-3G-4G,null,GULFSAT,null,2021,530501,GREENFIELD,TDD-4G+
748,ORANGE_ATS_URB_0023,TamaAndranomadio,ORANGE,ATSINANANA,TOAMASINA I,CU TOAMASINA arr. ANKIRIHIRY,null,-18.136194,49.392666,TRUE,TRUE,TRUE,FALSE,2G-3G-4G/4G+,2G-3G-4G,null,TOA,ENERGIE TOM,2021,530503,GREENFIELD,4G+
749,ORANGE_DIA_URB_0015,DiegoSoafeno,ORANGE,DIANA,ANTSIRANANA I,ANTSIRANANA,null,-12.295214,49.287997,TRUE,TRUE,TRUE,FALSE,2G-3G-4G/4G+,2G-3G-4G,null,TOA,ENERGIE TOM,2021,210301,GREENFIELD,4G+
750,ORANGE_BOE_URB_0016,MajungaTsararano2,ORANGE,BOENY,MAHAJANGA I,MAHAJANGA,null,-15.709436,46.325119,TRUE,TRUE,TRUE,FALSE,2G-3G-4G,2G-3G-4G,null,TOA,ENERGIE TOM,2021,420201,GREENFIELD,null
751,ORANGE_MEN_MOR_0011,MorondavaCentre,ORANGE,MENABE,MORONDAVA,MORONDAVA,null,-20.290806,44.274417,TRUE,TRUE,TRUE,FALSE,2G-3G-4G,2G-3G-4G,null,TOA,ENERGIE TOM,2021,640505,GREENFIELD,null
752,ORANGE_SAV_VOH_0017,Ampanefena2,ORANGE,SAVA,VOHEMAR,AMPANEFENA,null,-13.870278,49.93225,FALSE,TRUE,TRUE,FALSE,3G-4G,3G-4G,null,TOA,ENERGIE TOM,2021,220404,GREENFIELD,null
753,ORANGE_SAV_VOH_0018,Vohemar4,ORANGE,SAVA,VOHEMAR,VOHEMAR,null,-13.366917,49.99906,FALSE,TRUE,TRUE,FALSE,3G-4G,3G-4G,null,TOA,ENERGIE TOM,2021,220419,GREENFIELD,null
754,ORANGE_MEN_MIA_0007,Iorimbato,ORANGE,MENABE,MIANDRIVAZO,SOALOKA,null,-18.30152777,45.56197222,TRUE,TRUE,FALSE,FALSE,2G-3G/Backbone,2G-3G,null,ORANGE,ENERGIE SOLAIRE,2021,640415,GREENFIELD,Backbone
755,ORANGE_SAV_ANT_0015,AntalahaAmbondrona,ORANGE,SAVA,ANTALAHA,ANTALAHA,null,-14.893351,50.269989,FALSE,TRUE,TRUE,FALSE,3G-4G/4G+,3G-4G,null,TOA,ENERGIE TOM,2021,220208,GREENFIELD,4G+
756,ORANGE_BOE_MAR_0006,Ankazomborona,ORANGE,BOENY,MAROVOAY,ANKAZOMBORONA,null,-16.1436667,46.7528056,TRUE,TRUE,FALSE,FALSE,2G-3G,2G-3G,null,TOA,ENERGIE TOM,2021,420403,GREENFIELD,null
757,ORANGE_ANM_REN_0095,TanaAndohatapenaka,ORANGE,ANALAMANGA,ANTANANARIVO_I,CU ANTANANARIVO (Arr.I),null,-18.902056,47.49792,TRUE,TRUE,TRUE,FALSE,2G-3G-4G,2G-3G-4G,null,TOA,ENERGIE TOM,2021,110701,GREENFIELD,null
758,ORANGE_ANM_NOR_0023,Masindray,ORANGE,ANALAMANGA,ANTANANARIVO AVARADRANO,MASINDRAY,null,-18.989833,47.61431,TRUE,TRUE,TRUE,FALSE,2G-3G-4G,2G-3G-4G,null,TOA,ENERGIE TOM,2021,110611,GREENFIELD,null
759,ORANGE_ITA_ARI_0007,Amboniriana,ORANGE,ITASY,ARIVONIMAMO,AMBATOMIRAHAVAVY,null,-19.029506,47.381311,TRUE,TRUE,FALSE,FALSE,2G-3G,2G-3G,null,TOA,ENERGIE TOM,2022,130103,GREENFIELD,null
760,ORANGE_ANM_MAN_0010,AndidyAlarobia,ORANGE,ANALAMANGA,MANJAKANDRIANA,ALAROBIA,null,-18.982686,47.726414,TRUE,TRUE,FALSE,FALSE,2G-3G,2G-3G,null,TOA,ENERGIE TOM,2022,111301,GREENFIELD,null
761,ORANGE_ANM_AMB_0027,AntokomaroMahitsy,ORANGE,ANALAMANGA,AMBOHIDRATRIMO,MAHITSY,null,-18.8121,47.338881,TRUE,TRUE,TRUE,FALSE,2G-3G-4G,2G-3G-4G,null,TOA,ENERGIE TOM,2022,110121,GREENFIELD,null
762,ORANGE_ANM_SUD_0030,AmbohidahyAmbalavao,ORANGE,ANALAMANGA,ANTANANARIVO ATSIMONDRANO,AMBALAVAO,null,-19.092036,47.514064,TRUE,TRUE,TRUE,FALSE,2G-3G-4G,2G-3G-4G,null,TOA,ENERGIE TOM,2022,110503,GREENFIELD,null
763,ORANGE_ANM_NOR_0024,Ambanitsena,ORANGE,ANALAMANGA,ANTANANARIVO AVARADRANO,AMBOHIMALAZA MIRAY,null,-18.871861,47.670806,TRUE,TRUE,TRUE,FALSE,2G-3G-4G,2G-3G-4G,null,TOA,ENERGIE TOM,2022,110602,GREENFIELD,null
764,ORANGE_ANM_NOR_0025,Manandriana,ORANGE,ANALAMANGA,ANTANANARIVO AVARADRANO,AMBOHITRABIBY,null,-18.803986,47.614803,TRUE,TRUE,TRUE,FALSE,2G-3G-4G,2G-3G-4G,null,TOA,ENERGIE TOM,2022,110616,GREENFIELD,null
765,ORANGE_ANM_AND_0006,SabotsyAmbohitromby,ORANGE,ANALAMANGA,ANDRAMASINA,ALAROBIA VATOSOLA,null,-19.244023,47.668408,TRUE,TRUE,FALSE,FALSE,2G-3G,2G-3G,null,TOA,ENERGIE TOM,2022,110201,GREENFIELD,null
766,ORANGE_ANM_SUD_0031,TanaAmbohijanaka,ORANGE,ANALAMANGA,ANTANANARIVO ATSIMONDRANO,AMBOHIJANAKA,null,-18.999275,47.56103,TRUE,TRUE,TRUE,FALSE,2G-3G-4G/TDD,2G-3G-4G,null,TOA,ENERGIE TOM,2022,110507,GREENFIELD,TDD
767,ORANGE_ANM_MAN_0011,AnjomaBetoho,ORANGE,ANALAMANGA,MANJAKANDRIANA,ANJOMA BETOHO,null,-18.818764,47.704117,TRUE,TRUE,TRUE,FALSE,2G-3G-4G,2G-3G-4G,null,TOA,ENERGIE TOM,2022,111314,GREENFIELD,null
768,ORANGE_ANM_NOR_0026,Ankadinandriana,ORANGE,ANALAMANGA,ANTANANARIVO AVARADRANO,ANKADINANDRIANA,null,-19.036472,47.687056,TRUE,TRUE,TRUE,FALSE,2G-3G-4G,2G-3G-4G,null,TOA,ENERGIE TOM,2022,110608,GREENFIELD,null
769,ORANGE_ANM_SUD_0032,TanaAnkadivoribe,ORANGE,ANALAMANGA,ANTANANARIVO ATSIMONDRANO,AMPANEFY,null,-18.978861,47.494944,TRUE,TRUE,TRUE,FALSE,2G-3G-4G,2G-3G-4G,null,TOA,ENERGIE TOM,2022,110509,GREENFIELD,null
770,ORANGE_ANM_AND_0005,AntanamadioTsiazompaniry,ORANGE,ANALAMANGA,ANDRAMASINA,AMBOHIMIADANA,null,-19.271847,47.807336,TRUE,TRUE,FALSE,FALSE,2G-3G,2G-3G,null,TOA,ENERGIE TOM,2022,110203,GREENFIELD,null
771,ORANGE_ANM_AND_0007,Antsahakely,ORANGE,ANALAMANGA,ANDRAMASINA,SABOTSY MANJAKAVAHOAKA,null,-19.147028,47.690417,TRUE,TRUE,FALSE,FALSE,2G-3G,2G-3G,null,TOA,ENERGIE TOM,2022,110211,GREENFIELD,null
772,ORANGE_ANM_REN_0096,TanaAndranomahery,ORANGE,ANALAMANGA,ANTANANARIVO_VI,CU ANTANANARIVO (ARR.VI ),null,-18.888372,47.510917,TRUE,TRUE,TRUE,FALSE,2G-3G-4G,2G-3G-4G,null,TOA,ENERGIE TOM,2022,111201,GREENFIELD,null
773,ORANGE_BOE_URB_0017,MajungaMahavoky,ORANGE,BOENY,MAHAJANGA I,MAHAJANGA,null,-15.70225,46.312619,TRUE,TRUE,TRUE,FALSE,2G-3G-4G/4G+,2G-3G-4G,null,TOA,ENERGIE TOM,2022,420201,GREENFIELD,4G+
774,ORANGE_BOE_RUR_0005,Boanamary,ORANGE,BOENY,MAHAJANGA II,BOANAMARY,null,-15.826158,46.3326,TRUE,TRUE,TRUE,FALSE,2G-3G-4G,2G-3G-4G,null,TOA,ENERGIE TOM,2022,420307,GREENFIELD,null
775,ORANGE_ANM_REN_0110,TanaAmbodivonaIndoor,ORANGE,ANALAMANGA,ANTANANARIVO_III,CU ANTANANARIVO (Arr.III),null,-18.890363,47.524599,FALSE,TRUE,TRUE,FALSE,3G-4G,3G-4G,null,ORANGE,null,2022,110901,INDOOR,null
776,ORANGE_VAK_URB_0014,AntsirabeTomboarivo,ORANGE,VAKINANKARATRA,ANTSIRABE I,ANTSIRABE,null,-19.868743,47.042214,TRUE,TRUE,TRUE,FALSE,2G-3G-4G/TDD,2G-3G-4G,null,ORANGE,JIRAMA,2022,140301,GREENFIELD,TDD
777,ORANGE_ATS_URB_0024,TamaMangarano2,ORANGE,ATSINANANA,TOAMASINA I,CU TOAMASINA arr. ANKIRIHIRY,null,-18.143917,49.379694,TRUE,TRUE,TRUE,FALSE,2G-3G-4G/TDD-4G+,2G-3G-4G,null,TOA,ENERGIE TOM,2022,530503,GREENFIELD,TDD-4G+
778,ORANGE_ALA_MOR_0016,MoramangaAntanamandroso,ORANGE,ALAOTRA MANGORO,MORAMANGA,MORAMANGA,null,-18.958306,48.226667,TRUE,TRUE,TRUE,FALSE,2G-3G-4G,2G-3G-4G,null,TOA,ENERGIE TOM,2022,510518,GREENFIELD,null
779,ORANGE_ALA_MOR_0015,MoramangaMangoro,ORANGE,ALAOTRA MANGORO,MORAMANGA,AMBOHIBARY,null,-18.850139,48.104583,TRUE,TRUE,TRUE,FALSE,2G-3G-4G,2G-3G-4G,null,ORANGE,ENERGIE SOLAIRE,2022,510503,GREENFIELD,null
780,ORANGE_DIA_ABJ_0014,AmbanjaAmbalahonko,ORANGE,DIANA,AMBANJA,AMBALAHONKO,null,-13.594778,48.471306,TRUE,TRUE,TRUE,FALSE,2G-3G-4G,2G-3G-4G,null,TOA,ENERGIE TOM,2022,210101,GREENFIELD,null
781,ORANGE_ANM_REN_0100,TanaManakambahiny,ORANGE,ANALAMANGA,ANTANANARIVO_IV,CU ANTANANARIVO (Arr.IV),null,-18.93357,47.53495,TRUE,TRUE,TRUE,FALSE,2G-3G-4G,2G-3G-4G,null,TOA,ENERGIE TOM,2022,111001,GREENFIELD,null
782,ORANGE_DIA_NOS_0021,NosyBeAmbanoro,ORANGE,DIANA,NOSY-BE,CU NOSY-BE,null,-13.407474,48.289172,TRUE,TRUE,TRUE,FALSE,2G-3G-4G,2G-3G-4G,null,TOA,ENERGIE TOM,2022,210501,GREENFIELD,null
783,ORANGE_AAN_RUR_0016,TulearAmpasikibo,ORANGE,ATSIMO ANDREFANA,TOLIARY II,MITSINJO BETANIMENA,null,-23.35025,43.687833,TRUE,TRUE,TRUE,FALSE,2G-3G-4G,2G-3G-4G,null,TOA,ENERGIE TOM,2022,630920,GREENFIELD,null
784,ORANGE_AAN_RUR_0017,Maromiandra,ORANGE,ATSIMO ANDREFANA,TOLIARY II,MAROMIANDRA,null,-23.2865,43.74375,TRUE,TRUE,FALSE,FALSE,2G-3G,2G-3G,null,TOA,ENERGIE TOM,2022,630917,GREENFIELD,null
785,ORANGE_DIA_URB_0016,DiegoLazaretCUR,ORANGE,DIANA,ANTSIRANANA I,ANTSIRANANA,null,-12.294694,49.299389,TRUE,TRUE,TRUE,FALSE,2G-3G-4G/4G+,2G-3G-4G,null,TOA,ENERGIE TOM,2022,210301,GREENFIELD,4G+
786,ORANGE_DIA_ABJ_0013,AmbanjaAnkatahely,ORANGE,DIANA,AMBANJA,AMBANJA,null,-13.674,48.444528,TRUE,TRUE,TRUE,FALSE,2G-3G-4G,2G-3G-4G,null,ORANGE,JIRAMA,2022,210103,GREENFIELD,null
787,ORANGE_DIA_ABL_0011,AmbilobeAntanimariazy,ORANGE,DIANA,AMBILOBE,AMBILOBE,null,-13.192611,49.05533,TRUE,TRUE,TRUE,FALSE,2G-3G-4G,2G-3G-4G,null,TOA,ENERGIE TOM,2022,210204,GREENFIELD,null
788,ORANGE_DIA_ABL_0012,Ampondralava,ORANGE,DIANA,AMBILOBE,AMPONDRALAVA,null,-13.176056,48.908333,TRUE,TRUE,TRUE,FALSE,2G-3G-4G,2G-3G-4G,null,TOA,ENERGIE TOM,2022,210206,GREENFIELD,null
789,ORANGE_ANM_REN_0108,TanaAmbolokandrina2,ORANGE,ANALAMANGA,ANTANANARIVO_II,CU ANTANANARIVO (Arr.II),null,-18.925111,47.570306,TRUE,TRUE,TRUE,FALSE,2G-3G-4G,2G-3G-4G,null,TOA,ENERGIE TOM,2022,110801,GREENFIELD,null
790,ORANGE_ATS_RUR_0020,Melville,ORANGE,ATSINANANA,TOAMASINA II,FANANDRANA,null,-18.226167,49.284306,TRUE,TRUE,TRUE,FALSE,2G-3G-4G,2G-3G-4G,null,TOA,ENERGIE TOM,2022,530612,GREENFIELD,null
791,ORANGE_DIA_RUR_0015,DiegoBaiedeSakalava,ORANGE,DIANA,ANTSIRANANA II,RAMENA,null,-12.285972,49.392375,TRUE,TRUE,TRUE,FALSE,2G-3G-4G,2G-3G-4G,null,TOA,ENERGIE TOM,2022,210419,GREENFIELD,null
792,ORANGE_DIA_RUR_0014,DiegoStAugustin,ORANGE,DIANA,ANTSIRANANA II,ANTANAMITARANA,null,-12.318861,49.298806,TRUE,TRUE,TRUE,FALSE,2G-3G-4G,2G-3G-4G,null,ORANGE,JIRAMA,2022,210408,GREENFIELD,null
793,ORANGE_DIA_ABL_0014,Manambato,ORANGE,DIANA,AMBILOBE,MANAMBATO,null,-13.650917,49.12981,TRUE,TRUE,FALSE,FALSE,2G-3G,2G-3G,null,TOA,ENERGIE TOM,2022,210213,GREENFIELD,null
794,ORANGE_SAV_ANT_0017,AntalahaMaherifody,ORANGE,SAVA,ANTALAHA,ANTALAHA,null,-14.926639,50.2845,TRUE,TRUE,TRUE,FALSE,2G-3G-4G,2G-3G-4G,null,TOA,ENERGIE TOM,2022,220208,GREENFIELD,null
795,ORANGE_ATS_BRI_0011,BrickavilleRazanaka,ORANGE,ATSINANANA,BRICKAVILLE,ANIVORANO EST,null,-18.791769,48.905553,TRUE,TRUE,FALSE,FALSE,2G-3G,2G-3G,null,ORANGE,GE PROVISOIRE,2022,530207,GREENFIELD,null
796,ORANGE_SOF_ANA_0009,BefotakaNord,ORANGE,SOFIA,ANALALAVA,BEFOTAKA NORD,null,-14.50583611,48.02055556,TRUE,TRUE,TRUE,FALSE,2G-3G-4G,2G-3G-4G,null,TOA,ENERGIE TOM,2022,440109,GREENFIELD,null
797,ORANGE_SOF_ANT_0004,Ampandriakilandy,ORANGE,SOFIA,ANTSOHIHY,AMPANDRIANKILANDY,null,-14.92675,48.05761111,TRUE,TRUE,FALSE,FALSE,2G-3G,2G-3G,null,TOA,ENERGIE TOM,2022,440204,GREENFIELD,null
798,ORANGE_SOF_ANT_0007,AntsohihyAmbodimadiro,ORANGE,SOFIA,ANTSOHIHY,ANTSOHIHY,null,-14.887972,47.989197,TRUE,TRUE,TRUE,FALSE,2G-3G-4G,2G-3G-4G,null,TOA,ENERGIE TOM,2022,440211,GREENFIELD,null
799,ORANGE_SOF_BEF_0004,Tsiamalao,ORANGE,SOFIA,BEFANDRIANA NORD,TSIAMALAO,null,-15.026389,48.468139,TRUE,TRUE,FALSE,FALSE,2G-3G,2G-3G,null,TOA,ENERGIE TOM,2022,440412,GREENFIELD,null
800,ORANGE_SOF_BOR_0003,Leanja,ORANGE,SOFIA,PORT-BERGE,LEANJA,null,-15.568636,47.909417,TRUE,TRUE,FALSE,FALSE,2G-3G,2G-3G,null,TOA,ENERGIE TOM,2022,440707,GREENFIELD,null
801,ORANGE_BOE_MAR_0007,Manaratsandry,ORANGE,BOENY,MAROVOAY,MANARATSANDRY,null,-16.18527778,46.50783333,TRUE,TRUE,FALSE,FALSE,2G-3G,2G-3G,null,TOA,ENERGIE TOM,2022,420408,GREENFIELD,null
802,ORANGE_SOF_ANT_0006,AntsohihyAmbodimandresy,ORANGE,SOFIA,ANTSOHIHY,AMBODIMANDRESY,null,-14.790306,48.09775,TRUE,TRUE,FALSE,FALSE,2G-3G,2G-3G,null,TOA,ENERGIE TOM,2022,440203,GREENFIELD,null
803,ORANGE_SOF_ANT_0005,AntsohihyAntsahabe,ORANGE,SOFIA,ANTSOHIHY,ANTSAHABE,null,-14.782917,48.362222,TRUE,TRUE,FALSE,FALSE,2G-3G,2G-3G,null,TOA,ENERGIE TOM,2022,440210,GREENFIELD,null
804,ORANGE_SAV_SAM_0026,Antsahalalina,ORANGE,SAVA,SAMBAVA,AMBOHIMALAZA,null,-14.29272222,50.00380556,TRUE,TRUE,FALSE,FALSE,2G-3G,2G-3G,null,TOA,ENERGIE TOM,2022,220305,GREENFIELD,null
805,ORANGE_SOF_BEF_0005,BefandrianaMarohazo,ORANGE,SOFIA,BEFANDRIANA NORD,AMBODIMOTSO SUD,null,-15.35925,48.598971,TRUE,TRUE,FALSE,FALSE,2G-3G,2G-3G,null,TOA,ENERGIE TOM,2022,440402,GREENFIELD,null
806,ORANGE_SAV_AND_0009,Andilandrano,ORANGE,SAVA,ANDAPA,AMBODIMANGA I,null,-14.77763889,49.56702778,TRUE,TRUE,FALSE,FALSE,2G-3G,2G-3G,null,TOA,ENERGIE TOM,2022,220103,GREENFIELD,null
807,ORANGE_SOF_BEF_0006,BefandrianaTsarahonenana,ORANGE,SOFIA,BEFANDRIANA NORD,TSARAHONENANA,null,-15.561889,48.501219,TRUE,TRUE,FALSE,FALSE,2G-3G,2G-3G,null,TOA,ENERGIE TOM,2022,440411,GREENFIELD,null
808,ORANGE_SOF_MAN_0004,MandritsaraAmbodisaina,ORANGE,SOFIA,MANDRITSARA,KALANDY,null,-15.718166,48.623583,TRUE,TRUE,FALSE,FALSE,2G-3G,2G-3G,null,TOA,ENERGIE TOM,2022,440622,GREENFIELD,null
809,ORANGE_SOF_MAN_0005,MandritsaraKalandy,ORANGE,SOFIA,MANDRITSARA,ANTSOHA,null,-15.793194,48.773639,TRUE,TRUE,FALSE,FALSE,2G-3G,2G-3G,null,TOA,ENERGIE TOM,2022,440621,GREENFIELD,null
810,ORANGE_SOF_BEF_0007,BefandrianaBeromba,ORANGE,SOFIA,BEFANDRIANA NORD,AMBODIMOTSO SUD,null,-15.170305,48.448805,TRUE,TRUE,FALSE,FALSE,2G-3G,2G-3G,null,TOA,ENERGIE TOM,2022,440402,GREENFIELD,null
811,ORANGE_SOF_ANT_0008,AntsohihyAnkerika,ORANGE,SOFIA,ANTSOHIHY,ANKERIKA,null,-14.986167,47.831222,TRUE,TRUE,FALSE,FALSE,2G-3G,2G-3G,null,TOA,ENERGIE TOM,2022,440209,GREENFIELD,null
812,ORANGE_SOF_ANT_0009,AntsohihyAnjalazala,ORANGE,SOFIA,ANTSOHIHY,ANJALAZALA,null,-15.06122,48.1935,TRUE,TRUE,FALSE,FALSE,2G-3G,2G-3G,null,TOA,ENERGIE TOM,2022,440207,GREENFIELD,null
813,ORANGE_FIT_MAN_0009,ManakaraAmbodimanga2,ORANGE,FITOVINANY,MANAKARA,MANAKARA,null,-22.150583,48.00103,TRUE,TRUE,TRUE,FALSE,2G-3G-4G,2G-3G-4G,null,TOA,ENERGIE TOM,2022,350224,GREENFIELD,null
814,ORANGE_ANM_REN_0111,TanaAmbohidroa,ORANGE,ANALAMANGA,ANTANANARIVO_VI,CU ANTANANARIVO (ARR.VI ),null,-18.854129,47.484968,TRUE,TRUE,TRUE,FALSE,2G-3G-4G/TDD-4G+,2G-3G-4G,null,TOA,ENERGIE TOM,2022,111201,GREENFIELD,TDD-4G+
815,ORANGE_ANM_SUD_0035,TanaAnosizato2,ORANGE,ANALAMANGA,ANTANANARIVO ATSIMONDRANO,ANOSIZATO ANDREFANA,null,-18.937754,47.489622,TRUE,TRUE,TRUE,FALSE,2G-3G-4G/TDD-4G+,2G-3G-4G,null,ORANGE,null,2022,110516,ROOFTOP,TDD-4G+
816,ORANGE_ANM_REN_0112,TanaAmbohimitsimbina,ORANGE,ANALAMANGA,ANTANANARIVO_II,CU ANTANANARIVO (Arr.II),null,-18.926806,47.531694,TRUE,TRUE,TRUE,FALSE,2G-3G-4G/4G+,2G-3G-4G,null,TOA,ENERGIE TOM,2022,110801,GREENFIELD,4G+
817,ORANGE_ANJ_FEN_0008,FeneriveEstAmpasimpotsy,ORANGE,ANALANJIROFO,FENERIVE EST,FENERIVE VILLE,null,-17.3936,49.4273,TRUE,TRUE,TRUE,FALSE,2G-3G-4G,2G-3G-4G,null,TOA,ENERGIE TOM,2022,520106,GREENFIELD,null
818,ORANGE_ALA_AMB_0008,AmbatoAmbohimanarivo,ORANGE,ALAOTRA MANGORO,AMBATONDRAZAKA,FERAMANGA NORD,null,-17.81033333,48.42191667,TRUE,TRUE,TRUE,FALSE,2G-3G-4G,2G-3G-4G,null,TOA,ENERGIE TOM,2022,510114,GREENFIELD,null
819,ORANGE_ATS_URB_0028,TamaHopitalibe,ORANGE,ATSINANANA,TOAMASINA I,CU TOAMASINA arr. ANKIRIHIRY,null,-18.1413,49.4167,TRUE,TRUE,TRUE,FALSE,2G-3G-4G,2G-3G-4G,null,TOA,ENERGIE TOM,2022,530503,GREENFIELD,null
820,ORANGE_SOF_ANT_0010,AntsohihyAmbalafaminty,ORANGE,SOFIA,ANTSOHIHY,AMBALAFAMINTY,null,-15.3511,47.8095,TRUE,TRUE,FALSE,FALSE,2G-3G,2G-3G,null,TOA,ENERGIE TOM,2022,440213,GREENFIELD,null
821,ORANGE_ATS_RUR_0025,TamaAnalamalotra,ORANGE,ATSINANANA,TOAMASINA I,CU TOAMASINA arr. MORARANO,null,-18.152361,49.393444,TRUE,TRUE,TRUE,FALSE,2G-3G-4G,2G-3G-4G,null,TOA,ENERGIE TOM,2022,530504,GREENFIELD,null
822,ORANGE_ANJ_FEN_0009,FeneriveEstAmbatoharana,ORANGE,ANALANJIROFO,FENERIVE EST,AMBATOHARANANA,null,-17.2766,49.3052,TRUE,TRUE,FALSE,FALSE,2G-3G,2G-3G,null,TOA,ENERGIE TOM,2022,520101,GREENFIELD,null
823,ORANGE_ATS_URB_0029,TamaTanambao,ORANGE,ATSINANANA,TOAMASINA I,CU TOAMASINA arr. MORARANO,null,-18.15592,49.38725,TRUE,TRUE,TRUE,FALSE,2G-3G-4G/4G+,2G-3G-4G,null,TOA,ENERGIE TOM,2022,530504,GREENFIELD,4G+
824,ORANGE_ATS_RUR_0021,TamaAntetezambaro,ORANGE,ATSINANANA,TOAMASINA II,ANTETEZAMBARO,null,-18.014916,49.402222,TRUE,TRUE,FALSE,FALSE,2G-3G,2G-3G,null,TOA,ENERGIE TOM,2022,530611,GREENFIELD,null
825,ORANGE_ALA_AMB_0009,AmbatoManakambahiny,ORANGE,ALAOTRA MANGORO,AMBATONDRAZAKA,MANAKAMBAHINY OUEST,null,-17.87001111,48.29943056,TRUE,TRUE,FALSE,FALSE,2G-3G,2G-3G,null,TOA,ENERGIE TOM,2022,510118,GREENFIELD,null
826,ORANGE_MAT_URB_0012,FianaraBeravina,ORANGE,MATSIATRA AMBONY,FIANARANTSOA,CU FIANARANTSOA,null,-21.440639,47.111389,TRUE,TRUE,TRUE,FALSE,2G-3G-4G,2G-3G-4G,null,HELIOS,ENERGIE AIRTEL,2022,330301,GREENFIELD,null
827,ORANGE_MAT_URB_0013,FianaraTalatamaty,ORANGE,MATSIATRA AMBONY,FIANARANTSOA,CU FIANARANTSOA,null,-21.42930556,47.10025,TRUE,TRUE,TRUE,FALSE,2G-3G-4G,2G-3G-4G,null,TOA,ENERGIE TOM,2022,330301,GREENFIELD,null
828,ORANGE_IHO_IHO_0012,Ilakaka2,ORANGE,IHOROMBE,IHOSY,ANDOHAN'ILAKAKA,null,-22.68322222,45.24466667,TRUE,TRUE,TRUE,FALSE,2G-3G-4G,2G-3G-4G,null,TOA,ENERGIE TOM,2022,340220,GREENFIELD,null
829,ORANGE_ATS_URB_0031,TamaTsarakofafa,ORANGE,ATSINANANA,TOAMASINA II,TOAMASINA SUBURBAINE,null,-18.181639,49.368556,TRUE,TRUE,TRUE,FALSE,2G-3G-4G,2G-3G-4G,null,TOA,ENERGIE TOM,2022,530617,GREENFIELD,null
831,ORANGE_SOF_BEF_0008,BefandrianaAnkorangana,ORANGE,SOFIA,BEFANDRIANA NORD,ANKARONGANA,null,-15.40444444,48.85733333,TRUE,TRUE,FALSE,FALSE,2G-3G,2G-3G,null,TOA,ENERGIE TOM,2022,440404,GREENFIELD,null
832,ORANGE_ANJ_MAN_0009,MananaraAndraokaraoka,ORANGE,ANALANJIROFO,MANANARA-NORD,MANANARA NORD,null,-16.17008333,49.77702778,TRUE,TRUE,TRUE,FALSE,2G-3G-4G,2G-3G-4G,null,TOA,ENERGIE TOM,2022,520210,GREENFIELD,null
833,ORANGE_SOF_MAN_0006,MandritsaraAntsoha,ORANGE,SOFIA,MANDRITSARA,ANTSOHA,null,-15.77077778,48.89391667,TRUE,TRUE,FALSE,FALSE,2G-3G,2G-3G,null,TOA,ENERGIE TOM,2022,440621,GREENFIELD,null
834,ORANGE_ANJ_MAN_0010,MananaraAmbodiampana,ORANGE,ANALANJIROFO,MANANARA-NORD,AMBODIAMPANA,null,-16.127417,49.608833,TRUE,TRUE,FALSE,FALSE,2G-3G,2G-3G,null,TOA,ENERGIE TOM,2022,520202,GREENFIELD,null
835,ORANGE_ANM_AMB_0029,TanaAmbohidratrimo,ORANGE,ANALAMANGA,AMBOHIDRATRIMO,AMBOHIDRATRIMO,null,-18.81353056,47.45093889,TRUE,TRUE,TRUE,FALSE,2G-3G-4G,2G-3G-4G,null,TOA,ENERGIE TOM,2022,110103,GREENFIELD,null
836,ORANGE_MAT_URB_0014,FianaraAmpitakely,ORANGE,MATSIATRA AMBONY,FIANARANTSOA,CU FIANARANTSOA,null,-21.464528,47.090028,TRUE,TRUE,TRUE,FALSE,2G-3G-4G,2G-3G-4G,null,TOA,ENERGIE TOM,2022,330301,GREENFIELD,null
837,ORANGE_ANJ_MAN_0012,MananaraAmbodivoanio,ORANGE,ANALANJIROFO,MANANARA-NORD,AMBODIVOANIO,null,-16.198861,49.656944,TRUE,TRUE,FALSE,FALSE,2G-3G,2G-3G,null,TOA,ENERGIE TOM,2022,520203,GREENFIELD,null
838,ORANGE_ANJ_MAN_0011,MananaraManambolosy,ORANGE,ANALANJIROFO,MANANARA-NORD,MANAMBOLOSY,null,-16.052389,49.674806,TRUE,TRUE,FALSE,FALSE,2G-3G,2G-3G,null,TOA,ENERGIE TOM,2022,520209,GREENFIELD,null
839,ORANGE_ANJ_MAN_0013,MananaraAmbodivoandraozana,ORANGE,ANALANJIROFO,MANANARA-NORD,SANDRAKATSY,null,-16.35586111,49.53505556,TRUE,TRUE,FALSE,FALSE,2G-3G,2G-3G,null,TOA,ENERGIE TOM,2022,520211,GREENFIELD,null
840,ORANGE_AMO_ABS_0010,AmbositraTanamahalana,ORANGE,AMORON'I MANIA,AMBOSITRA,AMBOSITRA,null,-20.541417,47.254583,TRUE,TRUE,TRUE,FALSE,2G-3G-4G,2G-3G-4G,null,TOA,ENERGIE TOM,2022,310207,GREENFIELD,null
841,ORANGE_ANJ_MAN_0014,MananaraAndasibe,ORANGE,ANALANJIROFO,MANANARA-NORD,MANANARA NORD,null,-16.227013,49.776159,TRUE,TRUE,FALSE,FALSE,2G-3G,2G-3G,null,TOA,ENERGIE TOM,2022,520210,GREENFIELD,null
842,ORANGE_ANJ_MAR_0010,MaroantsetraAnkofa,ORANGE,ANALANJIROFO,MAROANTSETRA,ANKOFA,null,-15.395639,49.676444,TRUE,TRUE,TRUE,FALSE,2G-3G-4G,2G-3G-4G,null,TOA,ENERGIE TOM,2022,520309,GREENFIELD,null
843,ORANGE_MAT_URB_0015,FianaraIsada,ORANGE,MATSIATRA AMBONY,FIANARANTSOA,CU FIANARANTSOA,null,-21.458722,47.09119,TRUE,TRUE,TRUE,FALSE,2G-3G-4G,2G-3G-4G,null,TOA,ENERGIE TOM,2022,330301,GREENFIELD,null
844,ORANGE_SOF_ANA_0010,AnalalavaAndrevorevo,ORANGE,SOFIA,ANALALAVA,ANDREVOREVO,null,-15.37163889,47.68419444,TRUE,TRUE,FALSE,FALSE,2G-3G,2G-3G,null,TOA,ENERGIE TOM,2022,440115,GREENFIELD,null
845,ORANGE_SOF_MAN_0007,MandritsaraAntsatramidola,ORANGE,SOFIA,MANDRITSARA,ANTSATRAMIDOLA,null,-15.62727778,48.92858333,TRUE,TRUE,FALSE,FALSE,2G-3G,2G-3G,null,TOA,ENERGIE TOM,2022,440618,GREENFIELD,null
846,ORANGE_ANM_REN_0113,TanaSoavimbahoaka,ORANGE,ANALAMANGA,ANTANANARIVO_V,CU ANTANANARIVO (Arr.V),null,-18.889694,47.542333,TRUE,TRUE,TRUE,FALSE,2G-3G-4G,2G-3G-4G,null,TOA,ENERGIE TOM,2022,111101,GREENFIELD,null
847,ORANGE_DIA_URB_0017,DiegoLazaret2,ORANGE,DIANA,ANTSIRANANA I,ANTSIRANANA,null,-12.27852778,49.3,TRUE,TRUE,TRUE,FALSE,2G-3G-4G/4G+,2G-3G-4G,null,TOA,ENERGIE TOM,2022,210301,GREENFIELD,4G+
848,ORANGE_ATS_RUR_0023,Foulpointe2,ORANGE,ATSINANANA,TOAMASINA II,FOULPOINTE,null,-17.693472,49.510722,TRUE,TRUE,TRUE,FALSE,2G-3G-4G,2G-3G-4G,null,TOA,ENERGIE TOM,2022,530614,GREENFIELD,null
849,ORANGE_ANJ_MAN_0016,MananaraAmbatoharanana,ORANGE,ANALANJIROFO,MANANARA-NORD,AMBATOHARANANA,null,-16.40091667,49.60702778,TRUE,TRUE,FALSE,FALSE,2G-3G,2G-3G,null,TOA,ENERGIE TOM,2022,520201,GREENFIELD,null
850,ORANGE_ANJ_MAN_0015,MananaraAntananivo,ORANGE,ANALANJIROFO,MANANARA-NORD,ANTANANANIVO,null,-16.27155556,49.71352778,TRUE,TRUE,FALSE,FALSE,2G-3G,2G-3G,null,TOA,ENERGIE TOM,2022,520207,GREENFIELD,null
851,ORANGE_SOF_BOR_0004,BorizinyMarosely,ORANGE,SOFIA,PORT-BERGE,PORT BERGE II,null,-15.64208333,47.58208333,TRUE,TRUE,FALSE,FALSE,2G-3G,2G-3G,null,TOA,ENERGIE TOM,2022,440710,GREENFIELD,null
852,ORANGE_ANM_NOR_0027,TanaAmbohimahitsy,ORANGE,ANALAMANGA,ANTANANARIVO AVARADRANO,AMBOHIMANGAKELY,null,-18.898111,47.575944,TRUE,TRUE,TRUE,FALSE,2G-3G-4G,2G-3G-4G,null,TOA,ENERGIE TOM,2022,110605,GREENFIELD,null
853,ORANGE_ANM_NOR_0028,TanaAmbohimangakely2,ORANGE,ANALAMANGA,ANTANANARIVO AVARADRANO,AMBOHIMANGAKELY,null,-18.901,47.59997,TRUE,TRUE,TRUE,FALSE,2G-3G-4G,2G-3G-4G,null,TOA,ENERGIE TOM,2022,110605,GREENFIELD,null
854,ORANGE_ANM_NOR_0029,TanaAmbohitrombihavana,ORANGE,ANALAMANGA,ANTANANARIVO AVARADRANO,AMBOHIMANGAKELY,null,-18.884742,47.615308,TRUE,TRUE,TRUE,FALSE,2G-3G-4G,2G-3G-4G,null,TOA,ENERGIE TOM,2022,110605,GREENFIELD,null
855,ORANGE_ANM_SUD_0036,TanaFenoarivo2,ORANGE,ANALAMANGA,ANTANANARIVO ATSIMONDRANO,FENOARIVO,null,-18.93769444,47.43361111,TRUE,TRUE,TRUE,FALSE,2G-3G-4G,2G-3G-4G,null,TOA,ENERGIE TOM,2022,110520,GREENFIELD,null
856,ORANGE_SOF_BOR_0005,BorizinyTsiningia,ORANGE,SOFIA,PORT-BERGE,TSININGIA,null,-15.46477778,47.44044444,TRUE,TRUE,FALSE,FALSE,2G-3G,2G-3G,null,TOA,ENERGIE TOM,2022,440714,GREENFIELD,null
857,ORANGE_ANJ_STM_0006,SainteMarieAgniribe,ORANGE,ANALANJIROFO,SAINTE MARIE,SAINTE MARIE,null,-17.113722,49.80283,TRUE,TRUE,TRUE,FALSE,2G-3G-4G,2G-3G-4G,null,TOA,ENERGIE TOM,2022,520401,GREENFIELD,null
858,ORANGE_DIA_ABL_0016,AmbilobeAntsaravibe,ORANGE,DIANA,AMBILOBE,ANTSARAVIBE,null,-13.059861,48.97622,TRUE,TRUE,TRUE,FALSE,2G-3G-4G,2G-3G-4G,null,TOA,ENERGIE TOM,2022,210209,GREENFIELD,null
859,ORANGE_ANJ_MAN_0017,MananaraAmbodivoanio2,ORANGE,ANALANJIROFO,MANANARA-NORD,AMBODIVOANIO,null,-16.19258333,49.55972222,TRUE,TRUE,FALSE,FALSE,2G-3G,2G-3G,null,TOA,ENERGIE TOM,2022,520203,GREENFIELD,null
860,ORANGE_ANM_SUD_0037,TanaVontovorona2,ORANGE,ANALAMANGA,ANTANANARIVO ATSIMONDRANO,ALAKAMISY FENOARIVO,null,-18.980056,47.425583,TRUE,TRUE,TRUE,FALSE,2G-3G-4G,2G-3G-4G,null,TOA,ENERGIE TOM,2022,110501,GREENFIELD,null
861,ORANGE_IHO_IHO_0013,IhosyTsaramandroso,ORANGE,IHOROMBE,IHOSY,IHOSY,null,-22.399083,46.119472,TRUE,TRUE,TRUE,FALSE,2G-3G-4G,2G-3G-4G,null,TOA,ENERGIE TOM,2022,340208,GREENFIELD,null
862,ORANGE_ANJ_FEN_0010,FeneriveEstAmparatanana,ORANGE,ANALANJIROFO,FENERIVE EST,FENERIVE VILLE,null,-17.385828,49.40332,TRUE,TRUE,TRUE,FALSE,2G-3G-4G,2G-3G-4G,null,TOA,ENERGIE TOM,2022,520106,GREENFIELD,null
863,ORANGE_BOE_URB_0019,MajungaAmborovy2,ORANGE,BOENY,MAHAJANGA I,MAHAJANGA,null,-15.676222,46.337472,TRUE,TRUE,TRUE,FALSE,2G-3G-4G/4G+,2G-3G-4G,null,TOA,ENERGIE TOM,2022,420201,GREENFIELD,4G+
864,ORANGE_SAV_AND_0010,AndapaBealampona,ORANGE,SAVA,ANDAPA,BEALAMPONA,null,-14.68838,49.50666,TRUE,TRUE,FALSE,FALSE,2G-3G,2G-3G,null,TOA,ENERGIE TOM,2022,220111,GREENFIELD,null
865,ORANGE_AMO_ABS_0011,AmbositraVatovory,ORANGE,AMORON'I MANIA,AMBOSITRA,AMBOSITRA,null,-20.517194,47.250806,TRUE,TRUE,TRUE,FALSE,2G-3G-4G,2G-3G-4G,null,TOA,ENERGIE TOM,2022,310207,GREENFIELD,null
866,ORANGE_ANJ_MAR_0011,MaroantsetraAnjahana,ORANGE,ANALANJIROFO,MAROANTSETRA,ANJAHANA,null,-15.4102,49.8678,TRUE,TRUE,FALSE,FALSE,2G-3G,2G-3G,null,TOA,ENERGIE TOM,2022,520307,GREENFIELD,null
867,ORANGE_ANM_NOR_0031,TanaMendrikolovana,ORANGE,ANALAMANGA,ANTANANARIVO AVARADRANO,ALASORA,null,-18.969028,47.56153,TRUE,TRUE,TRUE,FALSE,2G-3G-4G,2G-3G-4G,null,TOA,ENERGIE TOM,2022,110601,GREENFIELD,null
868,ORANGE_MAT_URB_0016,FianaraSahalava,ORANGE,MATSIATRA AMBONY,FIANARANTSOA,CU FIANARANTSOA,null,-21.44088889,47.08963889,TRUE,TRUE,TRUE,FALSE,2G-3G-4G,2G-3G-4G,null,TOA,ENERGIE TOM,2022,330301,GREENFIELD,null
869,ORANGE_ALA_MOR_0018,MoramangaTsarafasina,ORANGE,ALAOTRA MANGORO,MORAMANGA,MORAMANGA,null,-18.94025,48.224056,TRUE,TRUE,TRUE,FALSE,2G-3G-4G,2G-3G-4G,null,TOA,ENERGIE TOM,2022,510518,GREENFIELD,null
870,ORANGE_AAN_AMP_0007,Ejeda2,ORANGE,ATSIMO ANDREFANA,AMPANIHY OUEST,EJEDA,null,-24.345528,44.51606,TRUE,TRUE,FALSE,FALSE,2G-3G,2G-3G,null,TOA,ENERGIE TOM,2022,630111,GREENFIELD,null
871,ORANGE_ANM_AMB_0030,TanaAnosiala,ORANGE,ANALAMANGA,AMBOHIDRATRIMO,ANOSIALA,null,-18.8045,47.402806,TRUE,TRUE,TRUE,FALSE,2G-3G-4G,2G-3G-4G,null,TOA,ENERGIE TOM,2022,110110,GREENFIELD,null
872,ORANGE_ANJ_VAV_0003,VavateninaMaromitety,ORANGE,ANALANJIROFO,VAVATENINA,MAROMITETY,null,-17.4522,49.2825,TRUE,TRUE,FALSE,FALSE,2G-3G,2G-3G,null,TOA,ENERGIE TOM,2022,520607,GREENFIELD,null
873,ORANGE_ANM_NOR_0030,TanaIlafyAntanandrano,ORANGE,ANALAMANGA,ANTANANARIVO AVARADRANO,ANKADIKELY ILAFY,null,-18.85144444,47.53858333,TRUE,TRUE,TRUE,FALSE,2G-3G-4G,2G-3G-4G,null,TOA,ENERGIE TOM,2022,110607,GREENFIELD,null
874,ORANGE_DIA_ABL_0015,AmbilobeBetsiaka2,ORANGE,DIANA,AMBILOBE,BETSIAKA,null,-13.131333,49.34872,TRUE,TRUE,FALSE,FALSE,2G-3G,2G-3G,null,TOA,ENERGIE TOM,2022,210212,GREENFIELD,null
875,ORANGE_AAN_URB_0008,TulearMahavatse2,ORANGE,ATSIMO ANDREFANA,TOLIARA I,TOLIARA I,null,-23.36225,43.676167,TRUE,TRUE,TRUE,FALSE,2G-3G-4G,2G-3G-4G,null,TOA,ENERGIE TOM,2022,630801,GREENFIELD,null
876,ORANGE_AAN_URB_0009,TulearMahavatse3,ORANGE,ATSIMO ANDREFANA,TOLIARA I,TOLIARA I,null,-23.370185,43.69546,TRUE,TRUE,TRUE,FALSE,2G-3G-4G,2G-3G-4G,null,TOA,ENERGIE TOM,2022,630801,GREENFIELD,null
877,ORANGE_MEN_MOR_0014,MorondavaAntsakoameloka,ORANGE,MENABE,MORONDAVA,MORONDAVA,null,-20.289096,44.325,TRUE,TRUE,TRUE,FALSE,2G-3G-4G,2G-3G-4G,null,TOA,ENERGIE TOM,2022,640505,GREENFIELD,null
878,ORANGE_MEL_BES_0007,BesalampyAnkokoabo2,ORANGE,MELAKY,BESALAMPY,SOANENGA,null,-16.601917,44.489861,TRUE,TRUE,TRUE,FALSE,2G-3G-4G,2G-3G-4G,null,TOA,ENERGIE TOM,2022,430308,GREENFIELD,null
879,ORANGE_AAN_RUR_0018,TulearAndakoro,ORANGE,ATSIMO ANDREFANA,TOLIARY II,BETSINJAKA,null,-23.357861,43.693222,TRUE,TRUE,TRUE,FALSE,2G-3G-4G,2G-3G-4G,null,TOA,ENERGIE TOM,2022,630913,GREENFIELD,null
880,ORANGE_BOE_RUR_0007,Mahajamba3,ORANGE,BOENY,MAHAJANGA II,MAHAJAMBA USINE,null,-15.56747222,47.03694444,TRUE,TRUE,TRUE,FALSE,2G-3G-4G,2G-3G-4G,null,TOA,ENERGIE TOM,2022,420308,GREENFIELD,null
881,ORANGE_DIA_NOS_0022,NosyBeBemanondro,ORANGE,DIANA,NOSY-BE,CU NOSY-BE,null,-13.281167,48.301944,TRUE,TRUE,TRUE,FALSE,2G-3G-4G,2G-3G-4G,null,TOA,ENERGIE TOM,2022,210501,GREENFIELD,null
882,ORANGE_SOF_ANA_0011,AnalalavaAntonibe,ORANGE,SOFIA,ANALALAVA,ANTONIBE,null,-14.872917,47.300861,TRUE,TRUE,TRUE,FALSE,2G-3G-4G,2G-3G-4G,null,TOA,ENERGIE TOM,2022,440108,GREENFIELD,null
883,ORANGE_ALA_AND_0003,Andilamena2,ORANGE,ALAOTRA MANGORO,ANDILAMENA,ANDILAMENA,null,-17.011861,48.573,TRUE,TRUE,TRUE,FALSE,2G-3G-4G,2G-3G-4G,null,TOA,ENERGIE TOM,2022,510301,GREENFIELD,null
884,ORANGE_ANO_TAO_0013,FortDauphinTanambao,ORANGE,ANOSY,TAOLANARO,TOLAGNARO,null,-25.02975,46.98102778,TRUE,TRUE,TRUE,FALSE,2G-3G-4G,2G-3G-4G,null,TOA,ENERGIE TOM,2022,620327,GREENFIELD,null
885,ORANGE_SAV_AND_0011,AndapaAmbalamanasy2,ORANGE,SAVA,ANDAPA,AMBALAMANASY II,null,-14.526444,49.58828,TRUE,TRUE,TRUE,FALSE,2G-3G-4G,2G-3G-4G,null,TOA,ENERGIE TOM,2022,220101,GREENFIELD,null
886,ORANGE_MEN_MOR_0013,MorondavaTsimahavaokely2,ORANGE,MENABE,MORONDAVA,MORONDAVA,null,-20.29997222,44.29227778,TRUE,TRUE,TRUE,FALSE,2G-3G-4G,2G-3G-4G,null,TOA,ENERGIE TOM,2022,640505,GREENFIELD,null
887,ORANGE_VAK_URB_0015,AntsirabeAsabotsy,ORANGE,VAKINANKARATRA,ANTSIRABE I,ANTSIRABE,null,-19.8685,47.026833,TRUE,TRUE,TRUE,FALSE,2G-3G-4G,2G-3G-4G,null,TOA,ENERGIE TOM,2022,140301,GREENFIELD,null
888,ORANGE_ANM_MAN_0013,Mantasoa3,ORANGE,ANALAMANGA,MANJAKANDRIANA,MANTASOA,null,-18.984166,47.874083,TRUE,TRUE,TRUE,FALSE,2G-3G-4G,2G-3G-4G,null,TOA,ENERGIE TOM,2022,111318,GREENFIELD,null
889,ORANGE_ALA_AMB_0010,AmbatondrazakaAmbalabako,ORANGE,ALAOTRA MANGORO,AMBATONDRAZAKA,ILAFY,null,-17.87313889,48.42086111,TRUE,TRUE,FALSE,FALSE,2G-3G,2G-3G,null,TOA,ENERGIE TOM,2022,510115,GREENFIELD,null
890,ORANGE_SOF_MAM_0005,MampikonyAmbohitoaka,ORANGE,SOFIA,MAMPIKONY,AMBOHITOAKA,null,-16.00152778,47.65055556,TRUE,TRUE,FALSE,FALSE,2G-3G,2G-3G,null,TOA,ENERGIE TOM,2022,440502,GREENFIELD,null
891,ORANGE_SOF_MAM_0006,MampikonyAntsatramanera,ORANGE,SOFIA,MAMPIKONY,BEKORATSAKA,null,-16.218789,47.336777,TRUE,TRUE,FALSE,FALSE,2G-3G,2G-3G,null,TOA,ENERGIE TOM,2022,440505,GREENFIELD,null
892,ORANGE_ALA_AMP_0007,AmparafaravolaAmbatomainty,ORANGE,ALAOTRA MANGORO,AMPARAFARAVOLA,AMBATOMAINTY,null,-17.671789,48.212339,TRUE,TRUE,FALSE,FALSE,2G-3G,2G-3G,null,TOA,ENERGIE TOM,2022,510201,GREENFIELD,null
893,ORANGE_BOE_AMB_0006,AmbatoboenyTsaramandroso,ORANGE,BOENY,AMBATO BOENI,TSARAMANDROSO,null,-16.3381389,47.0334444,TRUE,TRUE,FALSE,FALSE,2G-3G,2G-3G,null,TOA,ENERGIE TOM,2022,420111,GREENFIELD,null
894,ORANGE_ANM_AMB_0031,AmbohidratrimoIarinarivo,ORANGE,ANALAMANGA,AMBOHIDRATRIMO,IARINARIVO,null,-18.834807,47.41764,TRUE,TRUE,FALSE,FALSE,2G-3G,2G-3G,null,TOA,ENERGIE TOM,2022,110116,GREENFIELD,null
895,ORANGE_SAV_SAM_0027,SambavaAnjangoveratra,ORANGE,SAVA,SAMBAVA,ANJANGOVERATRA,null,-14.076194,50.003593,TRUE,TRUE,FALSE,FALSE,2G-3G,2G-3G,null,TOA,ENERGIE TOM,2022,220311,GREENFIELD,null
896,ORANGE_SAV_SAM_0028,SambavaMorafeno,ORANGE,SAVA,SAMBAVA,MORAFENO,null,-14.420413,50.003206,TRUE,TRUE,FALSE,FALSE,2G-3G,2G-3G,null,TOA,ENERGIE TOM,2022,220323,GREENFIELD,null
897,ORANGE_ANJ_FEN_0011,VohipenoNord2,ORANGE,ANALANJIROFO,FENERIVE EST,VOHIPENO,null,-17.17405556,49.31066667,TRUE,TRUE,FALSE,FALSE,2G-3G,2G-3G,null,TOA,ENERGIE TOM,2022,520112,GREENFIELD,null
898,ORANGE_SOF_BOR_0006,PortBerger2,ORANGE,SOFIA,PORT-BERGE,PORT-BERGE,null,-15.568124,47.614723,TRUE,TRUE,TRUE,FALSE,2G-3G-4G,2G-3G-4G,null,TOA,ENERGIE TOM,2022,440711,GREENFIELD,null
899,ORANGE_ANM_ANJ_0009,AmbatondrazakaAnjiro,ORANGE,ANALAMANGA,ANJOZOROBE,BETATAO,null,-18.18330556,48.00758333,TRUE,TRUE,FALSE,FALSE,2G-3G,2G-3G,null,TOA,ENERGIE TOM,2022,110315,GREENFIELD,null
900,ORANGE_BET_MAE_0009,Mahatsinjo,ORANGE,BETSIBOKA,MAEVATANANA,MAHATSINJO,null,-17.755139,47.017833,TRUE,TRUE,FALSE,FALSE,2G-3G,2G-3G,null,TOA,ENERGIE TOM,2022,410211,GREENFIELD,null
901,ORANGE_ALA_MOR_0019,MoramangaMandialaza,ORANGE,ALAOTRA MANGORO,MORAMANGA,MANDIALAZA,null,-18.592694,48.015111,TRUE,TRUE,FALSE,FALSE,2G-3G,2G-3G,null,TOA,ENERGIE TOM,2022,510517,GREENFIELD,null
902,ORANGE_ALA_AMP_0008,AmparafaravolaAntanimafy,ORANGE,ALAOTRA MANGORO,AMPARAFARAVOLA,MORARANO CHROME,null,-17.741002,48.017864,TRUE,TRUE,FALSE,FALSE,2G-3G,2G-3G,null,TOA,ENERGIE TOM,2022,510215,GREENFIELD,null
903,ORANGE_SAV_SAM_0029,SambavaAnalamaho,ORANGE,SAVA,SAMBAVA,ANALAMAHO,null,-14.22005556,49.91083333,TRUE,TRUE,FALSE,FALSE,2G-3G,2G-3G,null,TOA,ENERGIE TOM,2022,220307,GREENFIELD,null
904,ORANGE_DIA_RUR_0016,AntsirananaAmbondrona,ORANGE,DIANA,ANTSIRANANA II,AMBONDRONA,null,-12.8413,49.0714,TRUE,TRUE,FALSE,FALSE,2G-3G,2G-3G,null,TOA,ENERGIE TOM,2022,210401,GREENFIELD,null
905,ORANGE_AAN_RUR_0019,Ankililaoka2,ORANGE,ATSIMO ANDREFANA,TOLIARY II,ANKILILOAKA,null,-22.77164167,43.61472222,TRUE,TRUE,TRUE,FALSE,2G-3G-4G,2G-3G-4G,null,TOA,ENERGIE TOM,2022,630907,GREENFIELD,null
906,ORANGE_ANJ_FEN_0012,AmpasinaManingory,ORANGE,ANALANJIROFO,FENERIVE EST,AMPASINA MANINGORY,null,-17.21455556,49.40997222,TRUE,TRUE,FALSE,FALSE,2G-3G,2G-3G,null,TOA,ENERGIE TOM,2023,520104,GREENFIELD,null
907,ORANGE_ANJ_FEN_0013,FeneriveEstMarofinaritra,ORANGE,ANALANJIROFO,FENERIVE EST,AMPASINA MANINGORY,null,-17.1758,49.3669,TRUE,TRUE,FALSE,FALSE,2G-3G,2G-3G,null,TOA,ENERGIE TOM,2023,520104,GREENFIELD,null
908,ORANGE_VAK_AMB_0003,Ambatolampy2,ORANGE,VAKINANKARATRA,AMBATOLAMPY,MORARANO,null,-19.4184444444444,47.4822777777778,TRUE,TRUE,FALSE,FALSE,2G-3G,2G-3G,null,TOA,ENERGIE TOM,2023,140115,GREENFIELD,null
909,ORANGE_SAV_SAM_0030,SambavaAmbatamandry,ORANGE,SAVA,SAMBAVA,TANAMBAO DAOUD,null,-13.887633,50.042931,TRUE,TRUE,FALSE,FALSE,2G-3G,2G-3G,null,TOA,ENERGIE TOM,2023,220326,GREENFIELD,null
910,ORANGE_BOE_RUR_0008,MajungaMangatoka,ORANGE,BOENY,MAHAJANGA II,MAHAJAMBA USINE,null,-15.76877,47.093623,TRUE,TRUE,FALSE,FALSE,2G-3G,2G-3G,null,TOA,ENERGIE TOM,2023,420308,GREENFIELD,null
911,ORANGE_SAV_VOH_0023,IharanaFanambana,ORANGE,SAVA,VOHEMAR,FANAMBANA,null,-13.629947,49.897075,TRUE,TRUE,FALSE,FALSE,2G-3G,2G-3G,null,TOA,ENERGIE TOM,2023,220414,GREENFIELD,null
912,ORANGE_SOF_BOR_0007,PortBerger3,ORANGE,SOFIA,PORT-BERGE,PORT-BERGE,null,-15.57119444,47.62586111,TRUE,TRUE,TRUE,FALSE,2G-3G-4G,2G-3G-4G,null,TOA,ENERGIE TOM,2023,440711,GREENFIELD,null
913,ORANGE_ATS_RUR_0026,TamaAmbodiriana,ORANGE,ATSINANANA,TOAMASINA II,AMBODIRIANA,null,-17.910197,49.256636,TRUE,TRUE,FALSE,FALSE,2G-3G,2G-3G,null,TOA,ENERGIE TOM,2023,530602,GREENFIELD,null
914,ORANGE_SOF_MAM_0007,MampikonyMalakialina,ORANGE,SOFIA,MAMPIKONY,MALAKIALINA,null,-16.279194,47.41906,TRUE,TRUE,FALSE,FALSE,2G-3G,2G-3G,null,TOA,ENERGIE TOM,2023,440508,GREENFIELD,null
915,ORANGE_AMO_FAN_0004,AlakamisyAmbohimahazo,ORANGE,AMORON'I MANIA,FANDRIANA,ALAKAMISY AMBOHIMAHAZO,null,-20.45772,47.365666,TRUE,TRUE,FALSE,FALSE,2G-3G,2G-3G,null,TOA,ENERGIE TOM,2023,310301,GREENFIELD,null
916,ORANGE_DIA_RUR_0017,Andrafiabe,ORANGE,DIANA,ANTSIRANANA II,ANDRAFIABE,null,-12.526611,49.410333,TRUE,TRUE,FALSE,FALSE,2G-3G,2G-3G,null,TOA,ENERGIE TOM,2023,210402,GREENFIELD,null
917,ORANGE_SAV_VOH_0025,IharanaAntanamandriry,ORANGE,SAVA,VOHEMAR,TSARABARIA,null,-13.76072222,49.86241667,TRUE,TRUE,FALSE,FALSE,2G-3G,2G-3G,null,TOA,ENERGIE TOM,2023,220418,GREENFIELD,null
918,ORANGE_SAV_ANT_0019,AntalahaAntombana,ORANGE,SAVA,ANTALAHA,ANTOMBANA,null,-15.002639,50.157139,TRUE,TRUE,FALSE,FALSE,2G-3G,2G-3G,null,TOA,ENERGIE TOM,2023,220210,GREENFIELD,null
919,ORANGE_SAV_AND_0012,AndapaAndrakata,ORANGE,SAVA,ANDAPA,ANDRAKATA,null,-14.62481,49.7186,TRUE,TRUE,FALSE,FALSE,2G-3G,2G-3G,null,TOA,ENERGIE TOM,2023,220105,GREENFIELD,null
920,ORANGE_ALA_AMB_0011,AmbatondrazakaBejofo,ORANGE,ALAOTRA MANGORO,AMBATONDRAZAKA,BEJOFO,null,-17.86930556,48.18711111,TRUE,TRUE,FALSE,FALSE,2G-3G,2G-3G,null,TOA,ENERGIE TOM,2023,510112,GREENFIELD,null
921,ORANGE_ALA_MOR_0020,Moramanga3,ORANGE,ALAOTRA MANGORO,MORAMANGA,MORAMANGA,null,-18.94894444,48.23913889,TRUE,TRUE,TRUE,FALSE,2G-3G-4G,2G-3G-4G,null,TOA,ENERGIE TOM,2023,510518,GREENFIELD,null
922,ORANGE_AAN_URB_0010,TulearAndaboly2,ORANGE,ATSIMO ANDREFANA,TOLIARA I,TOLIARA I,null,-23.34202778,43.67597222,TRUE,TRUE,TRUE,FALSE,2G-3G-4G,2G-3G-4G,null,TOA,ENERGIE TOM,2023,630801,GREENFIELD,null
923,ORANGE_ANM_AND_0008,AndramasinaTrimoloharano,ORANGE,ANALAMANGA,ANDRAMASINA,AMBOHIMIADANA,null,-19.192973,47.775127,TRUE,TRUE,FALSE,FALSE,2G-3G,2G-3G,null,TOA,ENERGIE TOM,2023,110203,GREENFIELD,null
924,ORANGE_FIT_MAN_0011,ManakaraAmpasinjeva,ORANGE,FITOVINANY,MANAKARA,AMPASIMANJEVA,null,-21.74335,48.039744,TRUE,TRUE,FALSE,FALSE,2G-3G,2G-3G,null,TOA,ENERGIE TOM,2023,350211,GREENFIELD,null
925,ORANGE_SOF_ANA_0012,AnalalavaAmbarijeby,ORANGE,SOFIA,ANALALAVA,AMBARIJEBY SUD,null,-14.960006,47.673804,TRUE,TRUE,FALSE,FALSE,2G-3G,2G-3G,null,TOA,ENERGIE TOM,2023,440102,GREENFIELD,null
926,ORANGE_ALA_AMP_0009,AmparafaravolaVohimena,ORANGE,ALAOTRA MANGORO,AMPARAFARAVOLA,ANDREBAKELY NORD,null,-17.345667,48.654081,TRUE,TRUE,FALSE,FALSE,2G-3G,2G-3G,null,TOA,ENERGIE TOM,2023,510211,GREENFIELD,null
927,ORANGE_DIA_RUR_0018,DiegoMangaoka,ORANGE,DIANA,ANTSIRANANA II,MANGAOKA,null,-12.27072222,49.16602778,TRUE,TRUE,FALSE,FALSE,2G-3G,2G-3G,null,TOA,ENERGIE TOM,2023,210417,GREENFIELD,null
928,ORANGE_ANJ_MAR_0012,MaroantsetraNandrasana,ORANGE,ANALANJIROFO,MAROANTSETRA,VOLOINA,null,-15.616667,49.602917,TRUE,TRUE,FALSE,FALSE,2G-3G,2G-3G,null,TOA,ENERGIE TOM,2023,520318,GREENFIELD,null
929,ORANGE_SAV_VOH_0024,IharanaAmboriala,ORANGE,SAVA,VOHEMAR,AMBORIALA,null,-13.83469444,49.46933333,TRUE,TRUE,FALSE,FALSE,2G-3G,2G-3G,null,TOA,ENERGIE TOM,2023,220403,GREENFIELD,null
930,ORANGE_SAV_ANT_0020,AntalahaSahandrano,ORANGE,SAVA,ANTALAHA,SARAHANDRANO,null,-14.85261111,50.02191944,TRUE,TRUE,FALSE,FALSE,2G-3G,2G-3G,null,TOA,ENERGIE TOM,2023,220215,GREENFIELD,null
931,ORANGE_TAV_AMB_0001,Angodongodona,ORANGE,VAKINANKARATRA,AMBATOLAMPY,ANDRANOVELONA,null,-19.634222,47.559722,TRUE,TRUE,FALSE,FALSE,2G-3G,2G-3G,null,TOA,ENERGIE TOM,2023,140105,GREENFIELD,null
932,ORANGE_MEN_MAH_0010,MahaboAnkilivalo,ORANGE,MENABE,MAHABO,BEZEZIKA,null,-20.30105556,44.63619444,TRUE,TRUE,FALSE,FALSE,2G-3G,2G-3G,null,TOA,ENERGIE TOM,2023,640212,GREENFIELD,null
933,ORANGE_MEL_BES_0008,BesalampyAmbohipaky,ORANGE,MELAKY,BESALAMPY,ANKASAKASA TSIBIRAY,null,-16.44058333,44.98102778,TRUE,TRUE,FALSE,FALSE,2G-3G,2G-3G,null,TOA,ENERGIE TOM,2023,430303,GREENFIELD,null
934,ORANGE_SAV_VOH_0026,IharanaAnjahana,ORANGE,SAVA,VOHEMAR,AMBINANIN ' ANDRAVORY,null,-13.90394444,49.73808333,TRUE,TRUE,FALSE,FALSE,2G-3G,2G-3G,null,TOA,ENERGIE TOM,2023,220402,GREENFIELD,null
935,ORANGE_DIA_RUR_0019,Ambolombozobe,ORANGE,DIANA,ANTSIRANANA II,AMBOLOBOZOBE,null,-12.571214,49.481733,TRUE,TRUE,FALSE,FALSE,2G-3G,2G-3G,null,TOA,ENERGIE TOM,2023,210423,GREENFIELD,null
936,ORANGE_ANM_ANK_0004,AnkazobeMahavelona,ORANGE,ANALAMANGA,ANKAZOBE,ANKAZOBE,null,-18.532027,47.211111,TRUE,TRUE,FALSE,FALSE,2G-3G,2G-3G,null,TOA,ENERGIE TOM,2023,110403,GREENFIELD,null
937,ORANGE_MAT_AMB_0006,AmbalavaoMahaditra,ORANGE,MATSIATRA AMBONY,AMBALAVAO,AMBALAVAO,null,-21.813639,47.07325,TRUE,TRUE,FALSE,FALSE,2G-3G,2G-3G,null,TOA,ENERGIE TOM,2023,330101,GREENFIELD,null
938,ORANGE_MAT_LAL_0005,LalanginaAmbalakely,ORANGE,MATSIATRA AMBONY,LALANGINA,MAHATSINJONY,null,-21.44813889,47.22830556,TRUE,TRUE,TRUE,FALSE,2G-3G-4G,2G-3G-4G,null,TOA,ENERGIE TOM,2023,330711,GREENFIELD,null
939,ORANGE_MAT_ISA_0002,IsandraBefeta,ORANGE,MATSIATRA AMBONY,ISANDRA,AMBALAMIDERA II,null,-21.32863889,47.04863889,TRUE,TRUE,FALSE,FALSE,2G-3G,2G-3G,null,TOA,ENERGIE TOM,2023,330401,GREENFIELD,null
940,ORANGE_MAT_URB_0018,FianaraAndohanatady,ORANGE,MATSIATRA AMBONY,FIANARANTSOA,CU FIANARANTSOA,null,-21.453361,47.077278,TRUE,TRUE,TRUE,FALSE,2G-3G-4G,2G-3G-4G,null,TOA,ENERGIE TOM,2023,330301,GREENFIELD,null
941,ORANGE_MAT_URB_0017,FianaraTambohobe,ORANGE,MATSIATRA AMBONY,FIANARANTSOA,CU FIANARANTSOA,null,-21.44396,47.083807,TRUE,TRUE,TRUE,FALSE,2G-3G-4G,2G-3G-4G,null,TOA,ENERGIE TOM,2023,330301,GREENFIELD,null
942,ORANGE_VAT_IFA_0006,RanomafanaAmbatolahy,ORANGE,VATOVAVY,IFANADIANA,RANOMAFANA,null,-21.251581,47.432867,TRUE,TRUE,TRUE,FALSE,2G-3G-4G,2G-3G-4G,null,TOA,ENERGIE TOM,2023,360112,GREENFIELD,null
943,ORANGE_MEN_MAH_0009,MahaboAnkiliabo,ORANGE,MENABE,MAHABO,MAHABO,null,-20.283361,44.77128,TRUE,TRUE,FALSE,FALSE,2G-3G,2G-3G,null,TOA,ENERGIE TOM,2023,640208,GREENFIELD,null
944,ORANGE_VAT_NOS_0005,NosyVarikaSahavato,ORANGE,VATOVAVY,NOSY VARIKA,NOSY VARIKA,null,-20.599139,48.298083,TRUE,TRUE,FALSE,FALSE,2G-3G,2G-3G,null,TOA,ENERGIE TOM,2023,360313,GREENFIELD,null
945,ORANGE_ATS_URB_0030,TamaBarikadimy2,ORANGE,ATSINANANA,TOAMASINA II,TOAMASINA SUBURBAINE,null,-18.134391,49.381424,TRUE,TRUE,TRUE,FALSE,2G-3G-4G,2G-3G-4G,null,TOA,ENERGIE TOM,2023,530617,GREENFIELD,null
946,ORANGE_ANJ_FEN_0014,FeneriveEstAntsirandava,ORANGE,ANALANJIROFO,FENERIVE EST,FENERIVE VILLE,null,-17.094391,49.399805,TRUE,TRUE,FALSE,FALSE,2G-3G,2G-3G,null,TOA,ENERGIE TOM,2023,520106,GREENFIELD,null
947,ORANGE_DIA_URB_0018,DiegoMorafeno,ORANGE,DIANA,ANTSIRANANA I,ANTSIRANANA,null,-12.300144,49.294403,TRUE,TRUE,TRUE,FALSE,2G-3G-4G/4G+,2G-3G-4G,null,TOA,ENERGIE TOM,2023,210301,GREENFIELD,4G+
948,ORANGE_FIT_MAN_0012,ManakaraNewMangarivotra,ORANGE,FITOVINANY,MANAKARA,MANAKARA,null,-22.1369,48.0134,TRUE,TRUE,TRUE,FALSE,2G-3G-4G,2G-3G-4G,null,TOA,ENERGIE TOM,2023,350224,GREENFIELD,null
949,ORANGE_SAV_SAM_0033,SambavaMorafeno2,ORANGE,SAVA,SAMBAVA,MORAFENO,null,-14.36352778,50.06694444,TRUE,TRUE,FALSE,FALSE,2G-3G,2G-3G,null,TOA,ENERGIE TOM,2023,220323,GREENFIELD,null
950,ORANGE_SAV_VOH_0021,Marotongotra,ORANGE,SAVA,VOHEMAR,AMPANEFENA,null,-13.7946,49.9408,TRUE,TRUE,FALSE,FALSE,2G-3G/Backbone,2G-3G,null,ORANGE,null,2023,220404,GREENFIELD,Backbone
951,ORANGE_SOF_MAN_0008,MandritsaraAmbohitsara,ORANGE,SOFIA,MANDRITSARA,MANDRITSARA,null,-15.9400278,48.8383611,TRUE,TRUE,FALSE,FALSE,2G-3G,2G-3G,null,TOA,ENERGIE TOM,2023,440624,GREENFIELD,null
952,ORANGE_ANJ_MAR_0013,SoanieranaIvongoAntanifotsy,ORANGE,ANALANJIROFO,SOANIERANA IVONGO,SOANIERANA IVONGO,null,-16.857722,49.63017,TRUE,TRUE,FALSE,FALSE,2G-3G,2G-3G,null,TOA,ENERGIE TOM,2023,520508,GREENFIELD,null
953,ORANGE_AAT_FAR_0006,AnkaranaBB,ORANGE,ATSIMO ATSINANANA,FARAFANGANA,ANKARANA MIRAIHINA,null,-23.0814,47.6292,TRUE,TRUE,FALSE,FALSE,2G-3G/Backbone,2G-3G,null,ORANGE,null,2023,320207,GREENFIELD,Backbone
954,ORANGE_BOE_MAR_0008,MarovoayAnalambe,ORANGE,BOENY,MAROVOAY,ANTANAMBAO ANDRANOLAVA,null,-15.95058333,46.68452778,TRUE,TRUE,FALSE,FALSE,2G-3G,2G-3G,null,TOA,ENERGIE TOM,2023,420405,GREENFIELD,null
955,ORANGE_AAN_URB_0011,TulearTsimenatse,ORANGE,ATSIMO ANDREFANA,TOLIARA I,TOLIARA I,null,-23.358222,43.668917,TRUE,TRUE,TRUE,FALSE,2G-3G-4G,2G-3G-4G,null,TOA,ENERGIE TOM,2023,630801,GREENFIELD,null
956,ORANGE_SAV_VOH_0027,VohemarAntsirabeNord3,ORANGE,SAVA,VOHEMAR,BELAMBO,null,-13.967527777778,49.831138888889,TRUE,TRUE,FALSE,FALSE,2G-3G,2G-3G,null,TOA,ENERGIE TOM,2023,220411,GREENFIELD,null
957,ORANGE_ANM_REN_0130,TanaAmbatobe3,ORANGE,ANALAMANGA,AMBOHIDRATRIMO,ANJANADORIA,null,-18.87856,47.556577,TRUE,TRUE,TRUE,FALSE,2G-3G-4G,2G-3G-4G,null,TOA,ENERGIE TOM,2023,110109,GREENFIELD,null
958,ORANGE_BET_TSA_0005,TsaratananaTsinjorano,ORANGE,BETSIBOKA,TSARATANANA,TSARATANANA,null,-16.70786111,47.56944444,TRUE,TRUE,FALSE,FALSE,2G-3G,2G-3G,null,TOA,ENERGIE TOM,2023,410312,GREENFIELD,null
959,ORANGE_ATS_MAH_0003,MahanoroTanamborozano,ORANGE,ATSINANANA,MAHANORO,MAHANORO,null,-19.8947,48.8045,TRUE,TRUE,TRUE,FALSE,2G-3G-4G,2G-3G-4G,null,TOA,ENERGIE TOM,2023,530308,GREENFIELD,null
960,ORANGE_MEN_BEL_0005,BeloTsiribihinaTsaraotana,ORANGE,MENABE,BELO SUR TSIRIBIHINA,TSARAOTANA,null,-19.80358333,44.84761111,TRUE,TRUE,FALSE,FALSE,2G-3G,2G-3G,null,TOA,ENERGIE TOM,2023,640113,GREENFIELD,null
961,ORANGE_SAV_AND_0013,AndapaDoany,ORANGE,SAVA,ANDAPA,DOANY,null,-14.313861111111,49.415472222222,TRUE,TRUE,FALSE,FALSE,2G-3G,2G-3G,null,TOA,ENERGIE TOM,2023,220115,GREENFIELD,null
962,ORANGE_SOF_MAN_0009,MandritsaraLavasiakara,ORANGE,SOFIA,MANDRITSARA,ANTSIATSIAKA,null,-16.07355556,49.15461111,TRUE,TRUE,FALSE,FALSE,2G-3G,2G-3G,null,TOA,ENERGIE TOM,2023,440619,GREENFIELD,null
963,ORANGE_MEN_BEL_0006,Masoarivo,ORANGE,MENABE,BELO SUR TSIRIBIHINA,MASOARIVO,null,-19.64825,44.76344444,TRUE,TRUE,FALSE,FALSE,2G-3G,2G-3G,null,TOA,ENERGIE TOM,2023,640112,GREENFIELD,null
964,ORANGE_ANJ_MAR_0014,MaroantsetraAndavanio,ORANGE,ANALANJIROFO,MAROANTSETRA,MAROANTSETRA,null,-15.436,49.749,TRUE,TRUE,TRUE,FALSE,2G-3G-4G,2G-3G-4G,null,TOA,ENERGIE TOM,2023,520315,GREENFIELD,null
965,ORANGE_SOF_BEA_0010,BealananaAmbatoriha,ORANGE,SOFIA,BEALANANA,AMBATORIHA EST,null,-14.455239,48.95161,TRUE,TRUE,FALSE,FALSE,2G-3G,2G-3G,null,TOA,ENERGIE TOM,2023,440304,GREENFIELD,null
966,ORANGE_ANJ_FEN_0015,FeneriveEstVohilengo,ORANGE,ANALANJIROFO,FENERIVE EST,VOHILENGO,null,-17.36254,49.208463,TRUE,TRUE,FALSE,FALSE,2G-3G,2G-3G,null,TOA,ENERGIE TOM,2023,520111,GREENFIELD,null
967,ORANGE_SOF_ANA_0014,AnalalavaMaromandia,ORANGE,SOFIA,ANALALAVA,MAROMANDIA,null,-14.1820277777778,48.0970555555556,TRUE,TRUE,FALSE,FALSE,2G-3G,2G-3G,null,TOA,ENERGIE TOM,2023,440111,GREENFIELD,null
968,ORANGE_SOF_BEA_0007,BealananaMangindrano,ORANGE,SOFIA,BEALANANA,MANGINDRANO,null,-14.29369444,48.97155556,TRUE,TRUE,FALSE,FALSE,2G-3G,2G-3G,null,TOA,ENERGIE TOM,2023,440317,GREENFIELD,null
969,ORANGE_SOF_BEA_0009,BealananaBeandrarezona,ORANGE,SOFIA,BEALANANA,BEANDRAREZONA,null,-14.5489,48.6689,TRUE,TRUE,FALSE,FALSE,2G-3G,2G-3G,null,TOA,ENERGIE TOM,2023,440316,GREENFIELD,null
970,ORANGE_ANJ_MAN_0019,MananaraVanono,ORANGE,ANALANJIROFO,MANANARA-NORD,VANONO,null,-16.084,49.45083333,TRUE,TRUE,FALSE,FALSE,2G-3G,2G-3G,null,TOA,ENERGIE TOM,2023,520214,GREENFIELD,null
971,ORANGE_ANJ_VAV_0008,VavateninaAnjahambe,ORANGE,ANALANJIROFO,VAVATENINA,ANJAHAMBE,null,-17.389472,49.141472,TRUE,TRUE,FALSE,FALSE,2G-3G,2G-3G,null,TOA,ENERGIE TOM,2023,520606,GREENFIELD,null
972,ORANGE_ANJ_VAV_0004,VavateninaAmbohibe,ORANGE,ANALANJIROFO,VAVATENINA,AMBOHIBE,null,-17.420778,49.120083,TRUE,TRUE,FALSE,FALSE,2G-3G,2G-3G,null,TOA,ENERGIE TOM,2023,520603,GREENFIELD,null
973,ORANGE_ANO_AMB_0005,AmboasaryEsira,ORANGE,ANOSY,AMBOASARY SUD,AMBOASARY SUD,null,-24.25327778,46.64991667,TRUE,TRUE,FALSE,FALSE,2G-3G,2G-3G,null,TOA,ENERGIE TOM,2023,620101,GREENFIELD,null
974,ORANGE_SOF_BEA_0011,BealananaMarotolana,ORANGE,SOFIA,BEALANANA,MAROTOLANA,null,-14.63094444,49.00602778,TRUE,TRUE,FALSE,FALSE,2G-3G,2G-3G,null,TOA,ENERGIE TOM,2023,440318,GREENFIELD,null
975,ORANGE_ANJ_SOA_0005,SoanieranaIvongoAndapafito,ORANGE,ANALANJIROFO,SOANIERANA IVONGO,SOANIERANA IVONGO,null,-16.917889,49.38697,TRUE,TRUE,FALSE,FALSE,2G-3G,2G-3G,null,TOA,ENERGIE TOM,2023,520508,GREENFIELD,null
976,ORANGE_BET_TSA_0006,Tsaratanana2,ORANGE,BETSIBOKA,TSARATANANA,TSARATANANA,null,-16.79538889,47.6517222,TRUE,TRUE,TRUE,FALSE,2G-3G-4G,2G-3G-4G,null,TOA,ENERGIE TOM,2023,410312,GREENFIELD,null
977,ORANGE_ITA_ARI_0008,Imerintsiatosika2,ORANGE,ITASY,ARIVONIMAMO,IMERINTSIATOSIKA,null,-18.9785,47.3227,TRUE,TRUE,TRUE,FALSE,2G-3G-4G,2G-3G-4G,null,TOA,ENERGIE TOM,2023,130115,GREENFIELD,null
978,ORANGE_ALA_AMP_0010,AmparafaravolaTanambe2,ORANGE,ALAOTRA MANGORO,AMPARAFARAVOLA,AMBODIMANGA,null,-17.388,48.4466,TRUE,TRUE,TRUE,FALSE,2G-3G-4G,2G-3G-4G,null,TOA,ENERGIE TOM,2023,510203,GREENFIELD,null
979,ORANGE_SOF_BEA_0017,BealananaAmbotosia,ORANGE,SOFIA,BEALANANA,AMBATOSIA,null,-14.658904,48.812269,TRUE,TRUE,FALSE,FALSE,2G-3G,2G-3G,null,TOA,ENERGIE TOM,2023,440305,GREENFIELD,null
980,ORANGE_SOF_BEA_0015,BealananaAntsamaka,ORANGE,SOFIA,BEALANANA,ANTSAMAKA,null,-14.556667,48.595278,TRUE,TRUE,FALSE,FALSE,2G-3G,2G-3G,null,ORANGE,null,2023,440314,GREENFIELD,null
981,ORANGE_ANJ_MAN_0018,MananaraManambato,ORANGE,ANALANJIROFO,MANANARA-NORD,ANTANAMBE,null,-16.559333,49.83283,TRUE,TRUE,FALSE,FALSE,2G-3G,2G-3G,null,TOA,ENERGIE TOM,2023,520206,GREENFIELD,null
982,ORANGE_SOF_BEA_0012,BealananaAmbodiampana,ORANGE,SOFIA,BEALANANA,AMBODIAMPANA,null,-14.651708,48.667417,TRUE,TRUE,FALSE,FALSE,2G-3G,2G-3G,null,TOA,ENERGIE TOM,2023,440307,GREENFIELD,null
983,ORANGE_SOF_BEA_0014,BealananaAnalila,ORANGE,SOFIA,BEALANANA,BEALALANA,null,-14.432556,49.068167,TRUE,TRUE,FALSE,FALSE,2G-3G,2G-3G,null,ORANGE,null,2023,440315,GREENFIELD,null
984,ORANGE_SOF_BEA_0013,BealananaAmbodiadabo,ORANGE,SOFIA,BEALANANA,BEALALANA,null,-14.595219,49.230881,TRUE,TRUE,FALSE,FALSE,2G-3G/Backbone,2G-3G,null,ORANGE,null,2023,440315,GREENFIELD,Backbone
985,ORANGE_MEN_MIA_0009,MiandrivazoAmbohimanarina,ORANGE,MENABE,MIANDRIVAZO,ANDRANOMAINTY,null,-19.527576,45.461696,TRUE,TRUE,TRUE,FALSE,2G-3G-4G,2G-3G-4G,null,TOA,ENERGIE TOM,2023,640416,GREENFIELD,null
986,ORANGE_ANJ_MAR_0015,MaroantsetraVohitsoa,ORANGE,ANALANJIROFO,MAROANTSETRA,MAROANTSETRA,null,-15.428527,49.736305,TRUE,TRUE,TRUE,FALSE,2G-3G-4G,2G-3G-4G,null,TOA,ENERGIE TOM,2023,520315,GREENFIELD,null
987,ORANGE_AAN_SAK_0005,Sakaraha2,ORANGE,ATSIMO ANDREFANA,SAKARAHA,SAKARAHA,null,-22.91125,44.530944,TRUE,TRUE,TRUE,FALSE,2G-3G-4G,2G-3G-4G,null,TOA,ENERGIE TOM,2023,630712,GREENFIELD,null
988,ORANGE_ANJ_MAN_0020,MananaraAmbodimanga2,ORANGE,ANALANJIROFO,MANANARA-NORD,VANONO,null,-15.971596,49.470839,TRUE,TRUE,FALSE,FALSE,2G-3G,2G-3G,null,TOA,ENERGIE TOM,2023,520214,GREENFIELD,null
989,ORANGE_SOF_MAN_0010,MandritsaraAmbahivahy,ORANGE,SOFIA,MANDRITSARA,ANTSIRABE CENTRE,null,-16.00069444,48.90677778,TRUE,TRUE,FALSE,FALSE,2G-3G,2G-3G,null,TOA,ENERGIE TOM,2023,440620,GREENFIELD,null
990,ORANGE_SOF_BOR_0008,BorizinyAmbodimangabe,ORANGE,SOFIA,PORT-BERGE,AMBODIMAHABIBO,null,-15.768139,48.33306,TRUE,TRUE,FALSE,FALSE,2G-3G,2G-3G,null,TOA,ENERGIE TOM,2023,440702,GREENFIELD,null
991,ORANGE_SOF_BOR_0011,BorizinyAntanimbaribe,ORANGE,SOFIA,PORT-BERGE,MAROVATO,null,-15.84691667,48.03997222,TRUE,TRUE,FALSE,FALSE,2G-3G,2G-3G,null,TOA,ENERGIE TOM,2023,440709,GREENFIELD,null
992,ORANGE_SOF_MAM_0008,MampikonyAmpasimatera,ORANGE,SOFIA,MAMPIKONY,AMPASIMATERA,null,-15.93019444,47.73202778,TRUE,TRUE,FALSE,FALSE,2G-3G,2G-3G,null,TOA,ENERGIE TOM,2023,440503,GREENFIELD,null
993,ORANGE_SOF_ANT_0011,AntsohihySoamiditra,ORANGE,SOFIA,ANTSOHIHY,ANTSOHIHY,null,-14.87738889,47.99919444,TRUE,TRUE,TRUE,FALSE,2G-3G-4G,2G-3G-4G,null,TOA,ENERGIE TOM,2023,440211,GREENFIELD,null
994,ORANGE_SOF_BEF_0009,BefandrianaMorafeno,ORANGE,SOFIA,BEFANDRIANA NORD,MORAFENO,null,-15.420556,48.42925,TRUE,TRUE,FALSE,FALSE,2G-3G,2G-3G,null,TOA,ENERGIE TOM,2023,440410,GREENFIELD,null
995,ORANGE_ANJ_SOA_0006,SoanieranaIvongoAmbodiampana,ORANGE,ANALANJIROFO,SOANIERANA IVONGO,SOANIERANA IVONGO,null,-16.816528,49.556333,TRUE,TRUE,FALSE,FALSE,2G-3G,2G-3G,null,TOA,ENERGIE TOM,2023,520508,GREENFIELD,null
996,ORANGE_ANJ_FEN_0018,FeneriveEstMiorimivalana,ORANGE,ANALANJIROFO,FENERIVE EST,FENERIVE VILLE,null,-17.21130556,49.21283333,TRUE,TRUE,FALSE,FALSE,2G-3G,2G-3G,null,TOA,ENERGIE TOM,2023,520106,GREENFIELD,null
997,ORANGE_ANJ_MAR_0022,MaroantsetraRantabe2,ORANGE,ANALANJIROFO,MAROANTSETRA,MAROANTSETRA,null,-15.671,49.6386,TRUE,TRUE,FALSE,FALSE,2G-3G,2G-3G,null,TOA,ENERGIE TOM,2023,520315,GREENFIELD,null
998,ORANGE_ANJ_SOA_0007,SoanieranaIvongoAmbahoabe,ORANGE,ANALANJIROFO,SOANIERANA IVONGO,SOANIERANA IVONGO,null,-16.76186111,49.49813889,TRUE,TRUE,FALSE,FALSE,2G-3G,2G-3G,null,TOA,ENERGIE TOM,2023,520508,GREENFIELD,null
999,ORANGE_ATS_VAT_0006,VatomandryTsivangiana,ORANGE,ATSINANANA,VATOMANDRY,VATOMANDRY,null,-19.66938889,48.78733333,TRUE,TRUE,FALSE,FALSE,2G-3G,2G-3G,null,TOA,ENERGIE TOM,2023,530719,GREENFIELD,null
1000,ORANGE_ANJ_VAV_0006,VavateninaAmbatoharanana,ORANGE,ANALANJIROFO,VAVATENINA,AMBATOHARANANA,null,-17.228028,49.133725,TRUE,TRUE,FALSE,FALSE,2G-3G,2G-3G,null,TOA,ENERGIE TOM,2023,520601,GREENFIELD,null
1001,ORANGE_ATS_MAH_0004,MahanoroBetsizaraina,ORANGE,ATSINANANA,MAHANORO,MAHANORO,null,-19.962333,48.745528,TRUE,TRUE,FALSE,FALSE,2G-3G,2G-3G,null,TOA,ENERGIE TOM,2023,530308,GREENFIELD,null
1002,ORANGE_SOF_ANA_0015,AnalalavaAngoaka,ORANGE,SOFIA,ANALALAVA,ANGOAKA SUD,null,-15.321649,47.416186,TRUE,TRUE,FALSE,FALSE,2G-3G,2G-3G,null,TOA,ENERGIE TOM,2023,440106,GREENFIELD,null
1003,ORANGE_ANJ_MAR_0021,MaroantsetraAntakotako2,ORANGE,ANALANJIROFO,MAROANTSETRA,MAROANTSETRA,null,-15.31530556,49.84102778,TRUE,TRUE,FALSE,FALSE,2G-3G,2G-3G,null,TOA,ENERGIE TOM,2023,520315,GREENFIELD,null
1004,ORANGE_ANJ_VAV_0005,VavateninaMiarinarivo,ORANGE,ANALANJIROFO,VAVATENINA,MIARINARIVO,null,-17.63719444,49.15063889,TRUE,TRUE,FALSE,FALSE,2G-3G,2G-3G,null,TOA,ENERGIE TOM,2023,520608,GREENFIELD,null
1005,ORANGE_SAV_ANT_0022,AntalahaAntananambo,ORANGE,SAVA,ANTALAHA,ANTALAHA,null,-14.887408,50.056614,TRUE,TRUE,FALSE,FALSE,2G-3G,2G-3G,null,TOA,ENERGIE TOM,2023,220208,GREENFIELD,null
1006,ORANGE_SAV_SAM_0032,SambavaBevonotra,ORANGE,SAVA,SAMBAVA,BEVONOTRA,null,-14.065056,49.36706,TRUE,TRUE,FALSE,FALSE,2G-3G,2G-3G,null,TOA,ENERGIE TOM,2023,220318,GREENFIELD,null
1007,ORANGE_SOF_ANT_0012,AntsohihyAndreba,ORANGE,SOFIA,ANTSOHIHY,ANDREBA,null,-14.690167,48.20283,TRUE,TRUE,FALSE,FALSE,2G-3G,2G-3G,null,TOA,ENERGIE TOM,2023,440206,GREENFIELD,null
1008,ORANGE_ANM_AMB_0035,AmbohidratrimoMerimandroso,ORANGE,ANALAMANGA,AMBOHIDRATRIMO,MERIMANDROSO,null,-18.72880556,47.47555556,TRUE,TRUE,FALSE,FALSE,2G-3G,2G-3G,null,TOA,ENERGIE TOM,2023,110124,GREENFIELD,null
1009,ORANGE_ANM_MAN_0014,IsoavinaAmbatomanga,ORANGE,ANALAMANGA,MANJAKANDRIANA,MIADANANDRIANA,null,-19.007453,47.768553,TRUE,TRUE,FALSE,FALSE,2G-3G,2G-3G,null,TOA,ENERGIE TOM,2023,111320,GREENFIELD,null
1010,ORANGE_ANJ_VAV_0007,VavateninaTanamarina,ORANGE,ANALANJIROFO,VAVATENINA,VAVATENINA,null,-17.509543,49.170265,TRUE,TRUE,FALSE,FALSE,2G-3G,2G-3G,null,TOA,ENERGIE TOM,2023,520610,GREENFIELD,null
1011,ORANGE_BOE_MAR_009,MarovoayBemaharivo,ORANGE,BOENY,MAROVOAY,BEMAHARIVO,null,-16.114756,46.374714,TRUE,TRUE,FALSE,FALSE,2G-3G,2G-3G,null,TOA,ENERGIE TOM,2023,420407,GREENFIELD,null
1012,ORANGE_MAT_URB_0020,FianaraAntsororokavo,ORANGE,MATSIATRA AMBONY,FIANARANTSOA,CU FIANARANTSOA,null,-21.4365833333333,47.1018333333333,TRUE,TRUE,TRUE,FALSE,2G-3G-4G,2G-3G-4G,null,TOA,ENERGIE TOM,2023,330301,GREENFIELD,null
1013,ORANGE_VAT_MJR_0011,Mananjary2,ORANGE,VATOVAVY,MANANJARY,MANANJARY,null,-21.230361,48.349861,TRUE,TRUE,TRUE,FALSE,2G-3G-4G,2G-3G-4G,null,TOA,ENERGIE TOM,2023,360219,GREENFIELD,null
1014,ORANGE_ANM_AMB_0036,AmbohidratrimoAmbohimanjaka,ORANGE,ANALAMANGA,AMBOHIDRATRIMO,AMBOHIMANJAKA,null,-18.69647222,47.42786111,TRUE,TRUE,FALSE,FALSE,2G-3G,2G-3G,null,TOA,ENERGIE TOM,2023,110104,GREENFIELD,null
1015,ORANGE_BOE_URB_0020,MajungaBelobaka2,ORANGE,BOENY,MAHAJANGA I,MAHAJANGA,null,-15.704055555556,46.376694444444,TRUE,TRUE,TRUE,FALSE,2G-3G-4G,2G-3G-4G,null,TOA,ENERGIE TOM,2023,420201,GREENFIELD,null
1016,ORANGE_ATS_RUR_0028,Foulpointe3,ORANGE,ATSINANANA,TOAMASINA II,FOULPOINTE,null,-17.677778,49.514194,TRUE,TRUE,TRUE,FALSE,2G-3G-4G,2G-3G-4G,null,TOA,ENERGIE TOM,2023,530614,GREENFIELD,null
1017,ORANGE_SAV_ANT_0023,AntalahaLanjarivo,ORANGE,SAVA,ANTALAHA,LANJARIVO,null,-14.595639,50.038528,TRUE,TRUE,FALSE,FALSE,2G-3G,2G-3G,null,TOA,ENERGIE TOM,2023,220213,GREENFIELD,null
1018,ORANGE_ANM_SUD_0043,TanaAmbohimarina,ORANGE,ANALAMANGA,ANTANANARIVO ATSIMONDRANO,AMBAVAHADITOKANA,null,-18.92383,47.46183,TRUE,TRUE,TRUE,FALSE,2G-3G-4G/4G+,2G-3G-4G,null,ORANGE,null,2023,110505,ROOFTOP,4G+
1019,ORANGE_ANM_AMB_0033,TanaTalatamaty4,ORANGE,ANALAMANGA,AMBOHIDRATRIMO,TALATAMATY,null,-18.8472222222222,47.4522222222222,TRUE,TRUE,TRUE,FALSE,2G-3G-4G/TDD-4G+,2G-3G-4G,null,TOA,ENERGIE TOM,2023,110125,GREENFIELD,TDD-4G+
1020,ORANGE_ATS_URB_0036,TamaVerrerie2,ORANGE,ATSINANANA,TOAMASINA I,CU TOAMASINA arr. MORARANO,null,-18.16822,49.38519,TRUE,TRUE,TRUE,FALSE,2G-3G-4G,2G-3G-4G,null,ORANGE,null,2023,530504,ROOFTOP,null
1021,ORANGE_ATS_URB_0035,TamaAmbodisaina,ORANGE,ATSINANANA,TOAMASINA II,TOAMASINA SUBURBAINE,null,-18.164583,49.37281,TRUE,TRUE,TRUE,FALSE,2G-3G-4G,2G-3G-4G,null,TOA,ENERGIE TOM,2023,530617,GREENFIELD,null
1022,ORANGE_VAK_RUR_0009,AntsirabeAlakamisy,ORANGE,VAKINANKARATRA,ANTSIRABE II,ALAKAMISY,null,-19.76220833,47.02254444,TRUE,TRUE,FALSE,FALSE,2G-3G,2G-3G,null,TOA,ENERGIE TOM,2023,140401,GREENFIELD,null
1023,ORANGE_MEN_BEL_0007,BeloTsiribihina2,ORANGE,MENABE,BELO SUR TSIRIBIHINA,BELO SUR TSIRIBIHINA,null,-19.6966388888889,44.5465,TRUE,TRUE,TRUE,FALSE,2G-3G-4G,2G-3G-4G,null,TOA,ENERGIE TOM,2023,640108,GREENFIELD,null
1024,ORANGE_ANM_ANJ_0010,AnjozorobeAmbohibary,ORANGE,ANALAMANGA,ANJOZOROBE,AMBOHIBARY,null,-18.179833,47.621167,TRUE,TRUE,FALSE,FALSE,2G-3G,2G-3G,null,TOA,ENERGIE TOM,2023,110304,GREENFIELD,null
1025,ORANGE_ANM_AND_0009,AndramasinaFitsinjovana,ORANGE,ANALAMANGA,ANDRAMASINA,MORARANO SOAFIRAISANA,null,-19.36483333,47.77016667,TRUE,TRUE,FALSE,FALSE,2G-3G,2G-3G,null,TOA,ENERGIE TOM,2023,110214,GREENFIELD,null
1026,ORANGE_ANM_SUD_0045,TanaAmbalavao2,ORANGE,ANALAMANGA,ANTANANARIVO ATSIMONDRANO,TSIAFAHY,null,-19.09525,47.56177778,TRUE,TRUE,TRUE,FALSE,2G-3G-4G,2G-3G-4G,null,TOA,ENERGIE TOM,2023,110526,GREENFIELD,null
1027,ORANGE_VAK_ANT_0008,AntanifotsyAmbatomiady,ORANGE,VAKINANKARATRA,ANTANIFOTSY,AMBATOMIADY,null,-19.69086111,47.38608333,TRUE,TRUE,FALSE,FALSE,2G-3G,2G-3G,null,TOA,ENERGIE TOM,2023,140202,GREENFIELD,null
1028,ORANGE_ALA_ANO_0002,AnosibeAnalaAntandrokomby,ORANGE,ALAOTRA MANGORO,ANOSIBE AN ALA,ANTANDROKOMBY,null,-19.64058333,48.02244444,TRUE,TRUE,FALSE,FALSE,2G-3G,2G-3G,null,TOA,ENERGIE TOM,2023,510406,GREENFIELD,null
1029,ORANGE_BET_MAE_0013,MaevatananaBemokotra,ORANGE,BETSIBOKA,MAEVATANANA,BEMOKOTRA,null,-17.043889,46.69828,TRUE,TRUE,FALSE,FALSE,2G-3G,2G-3G,null,TOA,ENERGIE TOM,2023,410206,GREENFIELD,null
1030,ORANGE_MAT_VOH_0006,VohibatoMahasoabe,ORANGE,MATSIATRA AMBONY,VOHIBATO,MAHASOABE,null,-21.611361,47.226583,TRUE,TRUE,FALSE,FALSE,2G-3G,2G-3G,null,TOA,ENERGIE TOM,2023,330605,GREENFIELD,null
1031,ORANGE_MAT_VOH_0005,VohibatoItenina,ORANGE,MATSIATRA AMBONY,VOHIBATO,ANKAROMALAZA MIFANASOA,null,-21.694861,47.140083,TRUE,TRUE,FALSE,FALSE,2G-3G,2G-3G,null,TOA,ENERGIE TOM,2023,330613,GREENFIELD,null
1032,ORANGE_AAN_AMP_0010,BeroySud,ORANGE,ATSIMO ANDREFANA,AMPANIHY OUEST,AMPANIHY CENTRE,null,-23.963444,44.696889,TRUE,TRUE,FALSE,FALSE,2G-3G,2G-3G,null,TOA,ENERGIE TOM,2023,630102,GREENFIELD,null
1033,ORANGE_SAV_SAM_0034,SambavaMaroambihy2,ORANGE,SAVA,SAMBAVA,MAROAMBIHY,null,-14.53022,49.771195,TRUE,TRUE,FALSE,FALSE,2G-3G,2G-3G,null,ORANGE,null,2023,220320,GREENFIELD,null
1034,ORANGE_AAN_AMP_0009,Beahitse,ORANGE,ATSIMO ANDREFANA,AMPANIHY OUEST,BEAHITSE,null,-24.168028,44.445139,TRUE,TRUE,FALSE,FALSE,2G-3G,2G-3G,null,TOA,ENERGIE TOM,2023,630108,GREENFIELD,null
1035,ORANGE_ANM_AMB_0037,Ivato3,ORANGE,ANALAMANGA,AMBOHIDRATRIMO,MERIMANDROSO,null,-18.76903,47.46998,TRUE,TRUE,FALSE,FALSE,2G-3G,2G-3G,null,HELIOS,ENERGIE AIRTEL,2023,110124,GREENFIELD,null
1036,ORANGE_ANM_ANK_0005,AnkazobeMiantso,ORANGE,ANALAMANGA,ANKAZOBE,MIANTSO,null,-18.702801,47.1231,TRUE,TRUE,FALSE,FALSE,2G-3G,2G-3G,null,HELIOS,ENERGIE AIRTEL,2023,110411,GREENFIELD,null
1037,ORANGE_AMO_ABS_0013,AmbositraAmbohibary,ORANGE,AMORON'I MANIA,AMBOSITRA,AMBOSITRA,null,-20.527306,47.24361,TRUE,TRUE,TRUE,FALSE,2G-3G-4G,2G-3G-4G,null,TOA,ENERGIE TOM,2023,310207,GREENFIELD,null
1038,ORANGE_BOE_RUR_0009,MajungaAmpananirana,ORANGE,BOENY,MAHAJANGA II,BEKOBAY CENTRE,null,-15.82386111,46.94572222,TRUE,TRUE,FALSE,FALSE,2G-3G,2G-3G,null,TOA,ENERGIE TOM,2023,420304,GREENFIELD,null
1039,ORANGE_DIA_RUR_024,DiegoAntanamitarana,ORANGE,DIANA,ANTSIRANANA II,ANTANAMITARANA,null,-12.38109,49.30394,TRUE,TRUE,TRUE,FALSE,2G-3G-4G,2G-3G-4G,null,ORANGE,null,2023,210408,GREENFIELD,null
1040,ORANGE_BOE_URB_0025,MajungaMangarivotra2,ORANGE,BOENY,MAHAJANGA I,MAHAJANGA,null,-15.712905,46.313017,TRUE,TRUE,TRUE,FALSE,2G-3G-4G/4G+,2G-3G-4G,null,ORANGE,null,2023,420201,ROOFTOP,4G+
1041,ORANGE_BOE_AMB_0009,Anjiajia,ORANGE,BOENY,AMBATO BOENI,ANJIAJIA,null,-16.462622,46.946821,TRUE,TRUE,FALSE,FALSE,2G-3G,2G-3G,null,HELIOS,ENERGIE AIRTEL,2023,420105,GREENFIELD,null
1042,ORANGE_FIT_MAN_0013,ManakaraAmbalakazaha,ORANGE,FITOVINANY,MANAKARA,MANAKARA,null,-22.1467222222222,48.0055833333333,TRUE,TRUE,TRUE,FALSE,2G-3G-4G,2G-3G-4G,null,TOA,ENERGIE TOM,2023,350224,GREENFIELD,null
1043,ORANGE_ANO_BET_0008,BenatoToby,ORANGE,ANOSY,BETROKA,BENATO TOBY,null,-23.085305,45.884926,TRUE,TRUE,FALSE,FALSE,2G-3G,2G-3G,null,HELIOS,ENERGIE AIRTEL,2023,620208,GREENFIELD,null
1044,ORANGE_AAT_FAR_0008,Farafangana3,ORANGE,ATSIMO ATSINANANA,FARAFANGANA,FARAFANGANA,null,-22.823805,47.8233055,TRUE,TRUE,TRUE,FALSE,2G-3G-4G,2G-3G-4G,null,TOA,ENERGIE TOM,2023,320215,GREENFIELD,null
1045,ORANGE_AAN_RUR_0021,Ifaty2,ORANGE,ATSIMO ANDREFANA,TOLIARY II,BELALANDA,null,-23.168833,43.61525,TRUE,TRUE,TRUE,FALSE,2G-3G-4G,2G-3G-4G,null,ORANGE,null,2023,630912,GREENFIELD,null
1046,ORANGE_DIA_ABL_0024,AmbilobeAnoronala,ORANGE,DIANA,AMBILOBE,AMBILOBE,null,-13.18071,49.060311,TRUE,TRUE,TRUE,FALSE,2G-3G-4G,2G-3G-4G,null,ORANGE,null,2023,210204,GREENFIELD,null
1047,ORANGE_ANM_AMB_0038,Ambohitrimanjaka2,ORANGE,ANALAMANGA,AMBOHIDRATRIMO,AMBOHITRIMANJAKA,null,-18.86218,47.41831,TRUE,TRUE,TRUE,FALSE,2G-3G-4G,2G-3G-4G,null,HELIOS,ENERGIE AIRTEL,2023,110106,GREENFIELD,null
1048,ORANGE_MAT_VOH_0004,VohibatoManeva,ORANGE,MATSIATRA AMBONY,VOHIBATO,MANEVA,null,-21.592889,47.039167,TRUE,TRUE,FALSE,FALSE,2G-3G,2G-3G,null,TOA,ENERGIE TOM,2023,330606,GREENFIELD,null
1049,ORANGE_ITA_MIA_0008,Andolofotsy,ORANGE,ITASY,MIARINARIVO,ANDOLOFOTSY,null,-18.752222,46.660222,TRUE,TRUE,FALSE,FALSE,2G-3G,2G-3G,null,HELIOS,ENERGIE AIRTEL,2023,130204,GREENFIELD,null
1050,ORANGE_DIA_ABL_0022,AmbilobeAnjaridaina,ORANGE,DIANA,AMBILOBE,AMBILOBE,null,-13.19007,49.04857,TRUE,TRUE,TRUE,FALSE,2G-3G-4G,2G-3G-4G,null,ORANGE,null,2023,210204,GREENFIELD,null
1051,ORANGE_BET_MAE_0012,MaevatananaMahazoma,ORANGE,BETSIBOKA,MAEVATANANA,MAHAZOMA,null,-17.189306,46.560306,TRUE,TRUE,FALSE,FALSE,2G-3G,2G-3G,null,TOA,ENERGIE TOM,2023,410212,GREENFIELD,null
1052,ORANGE_BET_MAE_0010,MaevatananaMangabe,ORANGE,BETSIBOKA,MAEVATANANA,MANGABE,null,-16.72044444,46.8225,TRUE,TRUE,FALSE,FALSE,2G-3G,2G-3G,null,TOA,ENERGIE TOM,2023,410213,GREENFIELD,null
1053,ORANGE_AAN_ANK_0004,Ankazoabo,ORANGE,ATSIMO ANDREFANA,ANKAZOABO SUD,ANKAZOABO SUD,null,-22.287083,44.509611,TRUE,TRUE,FALSE,FALSE,2G-3G,2G-3G,null,HELIOS,ENERGIE AIRTEL,2023,630202,GREENFIELD,null
1054,ORANGE_AMO_FAN_0006,FandrianaTsarazaza,ORANGE,AMORON'I MANIA,FANDRIANA,TSARAZAZA,null,-20.20188889,47.33636111,TRUE,TRUE,FALSE,FALSE,2G-3G,2G-3G,null,HELIOS,ENERGIE AIRTEL,2023,310313,GREENFIELD,null
1055,ORANGE_DIA_RUR_0022,Antsalaka,ORANGE,DIANA,ANTSIRANANA II,ANTSALAKA,null,-12.62575,49.25891667,TRUE,TRUE,FALSE,FALSE,2G-3G,2G-3G,null,TOA,ENERGIE TOM,2023,210410,GREENFIELD,null
1056,ORANGE_DIA_ABJ_0016,AmbanjaTanambazaha,ORANGE,DIANA,AMBANJA,AMBANJA,null,-13.66302,48.4483,TRUE,TRUE,TRUE,FALSE,2G-3G-4G,2G-3G-4G,null,ORANGE,null,2023,210103,GREENFIELD,null
1057,ORANGE_MAT_URB_0010,FianaraAnkidona,ORANGE,MATSIATRA AMBONY,FIANARANTSOA,CU FIANARANTSOA,null,-21.467222,47.061444,TRUE,TRUE,TRUE,FALSE,2G-3G-4G,2G-3G-4G,null,ORANGE,null,2023,330301,ROOFTOP,null
1058,ORANGE_MAT_URB_0011,FianaraAndrainjato,ORANGE,MATSIATRA AMBONY,FIANARANTSOA,CU FIANARANTSOA,null,-21.464111,47.109528,TRUE,TRUE,TRUE,FALSE,2G-3G-4G,2G-3G-4G,null,ORANGE,null,2023,330301,ROOFTOP,null
1059,ORANGE_DIA_ABL_0023,AmbilobeMatsaborilaidama,ORANGE,DIANA,AMBILOBE,AMBILOBE,null,-13.20342,49.0311,TRUE,TRUE,TRUE,FALSE,2G-3G-4G,2G-3G-4G,null,ORANGE,null,2023,210204,GREENFIELD,null
1060,ORANGE_SAV_AND_0014,AndapaAnoviara,ORANGE,SAVA,ANDAPA,ANOVIARA,null,-14.75913889,49.78563889,TRUE,TRUE,FALSE,FALSE,2G-3G,2G-3G,null,TOA,ENERGIE TOM,2023,220109,GREENFIELD,null
1061,ORANGE_DIA_RUR_0025,AnivoranoNord2,ORANGE,DIANA,ANTSIRANANA II,ANTSOHA,null,-12.703667,49.253778,TRUE,TRUE,FALSE,FALSE,2G-3G,2G-3G,null,TOA,ENERGIE TOM,2023,210411,GREENFIELD,null
1062,ORANGE_MAT_AMB_0009,AmbalavaoAndonaka,ORANGE,MATSIATRA AMBONY,AMBALAVAO,AMBINANIROA,null,-21.910278,46.497694,TRUE,TRUE,FALSE,FALSE,2G-3G,2G-3G,null,TOA,ENERGIE TOM,2023,330103,GREENFIELD,null
1063,ORANGE_SAV_SAM_0031,SambavaCentre2,ORANGE,SAVA,SAMBAVA,SAMBAVA,null,-14.2723611111111,50.167555,TRUE,TRUE,TRUE,FALSE,2G-3G-4G,2G-3G-4G,null,TOA,ENERGIE TOM,2023,220325,GREENFIELD,null
1064,ORANGE_SAV_AND_0016,AndapaMahavelona,ORANGE,SAVA,ANDAPA,ANDAPA,null,-14.65172,49.64511,TRUE,TRUE,TRUE,FALSE,2G-3G-4G,2G-3G-4G,null,ORANGE,null,2023,220104,ROOFTOP,null
1065,ORANGE_SAV_AND_0017,AndapaAmbodimanga,ORANGE,SAVA,ANDAPA,ANDAPA,null,-14.67575,49.65766,TRUE,TRUE,TRUE,FALSE,2G-3G-4G,2G-3G-4G,null,ORANGE,null,2023,220104,ROOFTOP,null
1066,ORANGE_SOF_BEF_0014,BefandrianaAmbodivoarabe,ORANGE,SOFIA,BEFANDRIANA NORD,AMBODIMOTSO SUD,null,-15.458861,48.624028,TRUE,TRUE,FALSE,FALSE,2G-3G,2G-3G,null,TOA,ENERGIE TOM,2023,440402,GREENFIELD,null
1067,ORANGE_AAN_AMP_0012,Fotadrevo,ORANGE,ATSIMO ANDREFANA,AMPANIHY OUEST,FOTADREVO,null,-24.052694,45.024639,TRUE,TRUE,FALSE,FALSE,2G-3G,2G-3G,null,TOA,ENERGIE TOM,2023,630112,GREENFIELD,null
1068,ORANGE_AMO_MAN_0003,ManandrianaAmbatomarina,ORANGE,AMORON'I MANIA,MANANDRIANA,AMBATOMARINA,null,-20.654083,47.020444,TRUE,TRUE,FALSE,FALSE,2G-3G,2G-3G,null,TOA,ENERGIE TOM,2023,310401,GREENFIELD,null
1069,ORANGE_SOF_MAN_0011,MandritsaraAndohajango,ORANGE,SOFIA,MANDRITSARA,ANDOHAJANGO,null,-15.922083,48.462778,TRUE,TRUE,FALSE,FALSE,2G-3G,2G-3G,null,TOA,ENERGIE TOM,2023,440611,GREENFIELD,null
1168,ORANGE_MAT_MAH_0005,AmbohimahasoaAmbalakindresy,ORANGE,MATSIATRA AMBONY,AMBOHIMAHASOA,AMBALAKINDRESY,null,-21.15361111,47.31616694,TRUE,TRUE,FALSE,FALSE,2G-3G,2G-3G,null,TOA,null,2023,330201,GREENFIELD,null
1070,ORANGE_ANM_NOR_0040,TanaAnosyAvaratra3,ORANGE,ANALAMANGA,ANTANANARIVO AVARADRANO,ANOSY AVARATRA,null,-18.809294,47.56262,TRUE,TRUE,TRUE,FALSE,2G-3G-4G/4G+,2G-3G-4G,null,HELIOS,ENERGIE AIRTEL,2023,110615,GREENFIELD,4G+
1071,ORANGE_BOE_MAR_0010,MarovoayAnkaraobato,ORANGE,BOENY,MAROVOAY,ANKARAOBATO,null,-16.205778,46.16561,TRUE,TRUE,FALSE,FALSE,2G-3G,2G-3G,null,TOA,ENERGIE TOM,2023,420402,GREENFIELD,null
1072,ORANGE_IHO_IHO_0014,IhosyMahasoa,ORANGE,IHOROMBE,IHOSY,MAHASOA,null,-22.199583,46.083132,TRUE,TRUE,FALSE,FALSE,2G-3G,2G-3G,null,HELIOS,ENERGIE AIRTEL,2023,340212,GREENFIELD,null
1073,ORANGE_DIA_RUR_0021,Ambondromifehy,ORANGE,DIANA,ANTSIRANANA II,ANIVORANO NORD,null,-12.916944,49.192222,TRUE,TRUE,FALSE,FALSE,2G-3G,2G-3G,null,TOA,ENERGIE TOM,2023,210405,GREENFIELD,null
1074,ORANGE_ATS_VAT_0005,Vatomandry2,ORANGE,ATSINANANA,VATOMANDRY,VATOMANDRY,null,-19.341111,48.97481,TRUE,TRUE,TRUE,FALSE,2G-3G-4G,2G-3G-4G,null,TOA,ENERGIE TOM,2023,530719,GREENFIELD,null
1075,ORANGE_DIA_URB_0019,DiegoCur,ORANGE,DIANA,ANTSIRANANA I,ANTSIRANANA,null,-12.2896111111111,49.3062222222222,TRUE,TRUE,TRUE,FALSE,2G-3G-4G,2G-3G-4G,null,TOA,ENERGIE TOM,2023,210301,GREENFIELD,null
1076,ORANGE_AAN_BET_0006,Belamoty,ORANGE,ATSIMO ANDREFANA,BETIOKY SUD,BELAMOTY,null,-23.552694,44.819889,TRUE,TRUE,FALSE,FALSE,2G-3G,2G-3G,null,TOA,ENERGIE TOM,2023,630509,GREENFIELD,null
1077,ORANGE_AAN_ANK_0003,Berenty,ORANGE,ATSIMO ANDREFANA,ANKAZOABO SUD,BERENTY,null,-22.183625,45.034125,TRUE,TRUE,FALSE,FALSE,2G-3G,2G-3G,null,TOA,ENERGIE TOM,2023,630203,GREENFIELD,null
1078,ORANGE_AAN_BET_0009,BetiokyFenoandala,ORANGE,ATSIMO ANDREFANA,BETIOKY SUD,BETIOKY SUD,null,-23.537552,44.640052,TRUE,TRUE,FALSE,FALSE,2G-3G,2G-3G,null,TOA,ENERGIE TOM,2023,630511,GREENFIELD,null
1079,ORANGE_DIA_ABJ_0020,AngodrogaAmbanja,ORANGE,DIANA,AMBANJA,BEMANEVIKA OUEST,null,-13.60567,47.903,TRUE,TRUE,TRUE,FALSE,2G-3G-4G,2G-3G-4G,null,TOA,ENERGIE TOM,2023,210117,GREENFIELD,null
1080,ORANGE_DIA_ABL_0021,Anaborano2,ORANGE,DIANA,AMBILOBE,ANABORANO IFASY,null,-13.55165,48.82002,TRUE,TRUE,FALSE,FALSE,2G-3G,2G-3G,null,ORANGE,null,2023,210207,GREENFIELD,null
1081,ORANGE_AAN_AMP_0011,Beara,ORANGE,ATSIMO ANDREFANA,AMPANIHY OUEST,BEARA,null,-24.294417,44.782722,TRUE,TRUE,FALSE,FALSE,2G-3G,2G-3G,null,TOA,ENERGIE TOM,2023,630119,GREENFIELD,null
1082,ORANGE_AAN_BEN_0001,Benenitra,ORANGE,ATSIMO ANDREFANA,BENENITRA,BENENITRA,null,-23.41075,45.164972,TRUE,TRUE,FALSE,FALSE,2G-3G,2G-3G,null,TOA,ENERGIE TOM,2023,630302,GREENFIELD,null
1083,ORANGE_SAV_SAM_0037,SambavaAnjialava,ORANGE,SAVA,SAMBAVA,ANJIALAVA,null,-14.059111,49.62786,TRUE,TRUE,FALSE,FALSE,2G-3G,2G-3G,null,TOA,ENERGIE TOM,2023,220312,GREENFIELD,null
1084,ORANGE_SAV_SAM_0036,SambavaSoavinandriana2,ORANGE,SAVA,SAMBAVA,SAMBAVA,null,-14.26646,50.1185,TRUE,TRUE,TRUE,FALSE,2G-3G-4G,2G-3G-4G,null,ORANGE,null,2023,220325,GREENFIELD,null
1085,ORANGE_SAV_SAM_0038,SambavaAmbavala,ORANGE,SAVA,SAMBAVA,MAHASOA ANTINDRA,null,-13.9891666666667,49.763111,TRUE,TRUE,FALSE,FALSE,2G-3G,2G-3G,null,TOA,ENERGIE TOM,2023,220328,GREENFIELD,null
1086,ORANGE_VAK_AMB_0007,AmbatolampyAlarobia,ORANGE,VAKINANKARATRA,AMBATOLAMPY,ANTANAMALAZA,null,-19.4265,47.63119444,TRUE,TRUE,FALSE,FALSE,2G-3G,2G-3G,null,TOA,ENERGIE TOM,2023,140109,GREENFIELD,null
1087,ORANGE_AND_AMB_0011,AmbovombeImanombo,ORANGE,ANDROY,AMBOVOMBE ANDROY,IMANOMBO,null,-24.44326,45.80834,TRUE,TRUE,FALSE,FALSE,2G-3G,2G-3G,null,HELIOS,ENERGIE AIRTEL,2023,610113,GREENFIELD,null
1088,ORANGE_MEL_BES_009,BesalampyAnkasakasa,ORANGE,MELAKY,BESALAMPY,ANKASAKASA TSIBIRAY,null,-16.3515555555556,44.8626944444444,TRUE,TRUE,FALSE,FALSE,2G-3G,2G-3G,null,TOA,ENERGIE TOM,2023,430303,GREENFIELD,null
1089,ORANGE_ANJ_MAR_0017,MaroantsetraAntsirabeSahatany,ORANGE,ANALANJIROFO,MAROANTSETRA,ANTSIRABE SAHATANY,null,-15.496919,49.571816,TRUE,TRUE,FALSE,FALSE,2G-3G,2G-3G,null,TOA,ENERGIE TOM,2023,520312,GREENFIELD,null
1090,ORANGE_SAV_VOH_0030,VohemarMaromokotraLoky,ORANGE,SAVA,VOHEMAR,MAROMOKOTRA LOKY,null,-13.028278,49.481139,TRUE,TRUE,FALSE,FALSE,2G-3G,2G-3G,null,TOA,ENERGIE TOM,2023,220415,GREENFIELD,null
1091,ORANGE_SOF_ANA_0016,AnalalavaAntonibe2,ORANGE,SOFIA,ANALALAVA,ANTONIBE,null,-15.107197,47.38797,TRUE,TRUE,FALSE,FALSE,2G-3G,2G-3G,null,TOA,ENERGIE TOM,2023,440108,GREENFIELD,null
1092,ORANGE_ANM_REN_0139,TanaZitalAnkorondrano,ORANGE,ANALAMANGA,ANTANANARIVO_V,CU ANTANANARIVO (Arr.V),null,-18.888667,47.528389,TRUE,TRUE,TRUE,FALSE,2G-3G-4G/4G+,2G-3G-4G,null,TOA,ENERGIE TOM,2023,111101,GREENFIELD,4G+
1093,ORANGE_AND_TSI_0003,TsihombeAntaritarika,ORANGE,ANDROY,TSIHOMBE,ANTARITARIKA,null,-25.3886,45.746773,TRUE,TRUE,FALSE,FALSE,2G-3G,2G-3G,null,HELIOS,ENERGIE AIRTEL,2023,610402,GREENFIELD,null
1094,ORANGE_DIA_ABJ_0019,AmbanjaBenavony,ORANGE,DIANA,AMBANJA,BENAVONY,null,-13.725,48.487222,TRUE,TRUE,FALSE,FALSE,2G-3G,2G-3G,null,TOA,ENERGIE TOM,2023,210118,GREENFIELD,null
1095,ORANGE_ANJ_MAR_0020,MaroantsetraManambolo,ORANGE,ANALANJIROFO,MAROANTSETRA,SAHASINDRO,null,-15.32497222,49.6925,TRUE,TRUE,FALSE,FALSE,2G-3G,2G-3G,null,TOA,ENERGIE TOM,2023,520320,GREENFIELD,null
1096,ORANGE_SAV_VOH_0031,VohemarManakana,ORANGE,SAVA,VOHEMAR,TSARABARIA,null,-13.759583,50.053806,TRUE,TRUE,FALSE,FALSE,2G-3G,2G-3G,null,TOA,ENERGIE TOM,2023,220418,GREENFIELD,null
1097,ORANGE_AAN_RUR_0024,TulearBeheloka,ORANGE,ATSIMO ANDREFANA,TOLIARY II,BEHELOKA,null,-23.913,43.675,TRUE,TRUE,FALSE,FALSE,2G-3G,2G-3G,null,TOA,ENERGIE TOM,2023,630910,GREENFIELD,null
1098,ORANGE_AAN_RUR_0026,TulearEfoetse,ORANGE,ATSIMO ANDREFANA,TOLIARY II,EFOETSE,null,-24.077722,43.698083,TRUE,TRUE,FALSE,FALSE,2G-3G,2G-3G,null,TOA,ENERGIE TOM,2023,630924,GREENFIELD,null
1099,ORANGE_ANJ_STM_0008,SainteMarieSahasifotra,ORANGE,ANALANJIROFO,SAINTE MARIE,SAINTE MARIE,null,-16.853028,49.94117,TRUE,TRUE,FALSE,FALSE,2G-3G,2G-3G,null,TOA,ENERGIE TOM,2023,520401,GREENFIELD,null
1100,ORANGE_AND_AMB_0010,AmbovombeEradaTsimanato,ORANGE,ANDROY,AMBOVOMBE ANDROY,ERADA,null,-25.285499,45.937639,TRUE,TRUE,FALSE,FALSE,2G-3G,2G-3G,null,HELIOS,ENERGIE AIRTEL,2023,610112,GREENFIELD,null
1101,ORANGE_MEN_MOR_0017,AlleeDesBaobabs,ORANGE,MENABE,MORONDAVA,BEMANONGA,null,-20.25205,44.4183,TRUE,TRUE,TRUE,FALSE,2G-3G-4G,2G-3G-4G,null,ORANGE,null,2023,640504,GREENFIELD,null
1102,ORANGE_DIA_ABJ_0017,MaevatananaAmbanja,ORANGE,DIANA,AMBANJA,MAEVATANANA,null,-13.890444,48.54622,TRUE,TRUE,FALSE,FALSE,2G-3G,2G-3G,null,TOA,ENERGIE TOM,2023,210120,GREENFIELD,null
1103,ORANGE_ANM_NOR_0042,TanaIkianja,ORANGE,ANALAMANGA,ANTANANARIVO AVARADRANO,AMBOHIMANGAKELY,null,-18.90794,47.581647,TRUE,TRUE,TRUE,FALSE,2G-3G-4G,2G-3G-4G,null,TOA,ENERGIE TOM,2023,110605,GREENFIELD,null
1104,ORANGE_ANM_AMB_0039,TanaIvatoAeroport,ORANGE,ANALAMANGA,AMBOHIDRATRIMO,IVATO,null,-18.80697,47.477417,TRUE,TRUE,TRUE,FALSE,2G-3G-4G,2G-3G-4G,null,TOA,ENERGIE TOM,2023,110118,GREENFIELD,null
1105,ORANGE_SAV_SAM_0041,SambavaAnjangoveratra2,ORANGE,SAVA,SAMBAVA,ANJANGOVERATRA,null,-14.106861,50.066611,TRUE,TRUE,FALSE,FALSE,2G-3G,2G-3G,null,TOA,ENERGIE TOM,2023,220311,GREENFIELD,null
1106,ORANGE_ANM_MAN_0012,Mantasoa2,ORANGE,ANALAMANGA,MANJAKANDRIANA,MANTASOA,null,-19.000722,47.835139,TRUE,TRUE,TRUE,FALSE,2G-3G-4G,2G-3G-4G,null,TOA,ENERGIE TOM,2023,111318,GREENFIELD,null
1107,ORANGE_SAV_SAM_0040,SambavaBemanevika,ORANGE,SAVA,SAMBAVA,SAMBAVA,null,-14.047111,50.12419,TRUE,TRUE,FALSE,FALSE,2G-3G,2G-3G,null,TOA,ENERGIE TOM,2023,220325,GREENFIELD,null
1108,ORANGE_ANM_AMB_0032,TanaIvatoAvarajozoro,ORANGE,ANALAMANGA,AMBOHIDRATRIMO,AMBATOLAMPY,null,-18.79706,47.51789,TRUE,TRUE,TRUE,FALSE,2G-3G-4G,2G-3G-4G,null,TOA,ENERGIE TOM,2023,110102,ROOFTOP,null
1109,ORANGE_BON_TSI_0016,Ankadinondry2,ORANGE,BONGOLAVA,TSIROANOMANDIDY,ANKADINONDRY SAKAY,null,-18.99966667,46.46677778,TRUE,TRUE,TRUE,FALSE,2G-3G-4G,2G-3G-4G,null,TOA,ENERGIE TOM,2023,120204,GREENFIELD,null
1110,ORANGE_DIA_NOS_0026,NosyBeDzamandzar2,ORANGE,DIANA,NOSY-BE,CU NOSY-BE,null,-13.34749,48.20114,TRUE,TRUE,TRUE,FALSE,2G-3G-4G,2G-3G-4G,null,ORANGE,null,2023,210501,GREENFIELD,null
1111,ORANGE_MEN_MIA_0010,MiandrivazoAnkavandra,ORANGE,MENABE,MIANDRIVAZO,ANKAVANDRA,null,-18.79419444,45.34952778,TRUE,TRUE,FALSE,FALSE,2G-3G,2G-3G,null,TOA,ENERGIE TOM,2023,640403,GREENFIELD,null
1112,ORANGE_ANJ_STM_0007,SainteMarieVodignara,ORANGE,ANALANJIROFO,SAINTE MARIE,SAINTE MARIE,null,-16.753083,49.979972,TRUE,TRUE,FALSE,FALSE,2G-3G,2G-3G,null,TOA,ENERGIE TOM,2023,520401,GREENFIELD,null
1113,ORANGE_MAT_AMB_0008,Ambalavao2,ORANGE,MATSIATRA AMBONY,AMBALAVAO,AMBALAVAO,null,-21.82347,46.94467,TRUE,TRUE,TRUE,FALSE,2G-3G-4G,2G-3G-4G,null,ORANGE,null,2023,330101,GREENFIELD,null
1114,ORANGE_DIA_NOS_0027,NosyBeAndrafia,ORANGE,DIANA,NOSY-BE,CU NOSY-BE,null,-13.323444,48.341667,TRUE,TRUE,TRUE,FALSE,2G-3G-4G,2G-3G-4G,null,ORANGE,null,2023,210501,GREENFIELD,null
1115,ORANGE_ANM_REN_0105,TanaAnkadindramamy,ORANGE,ANALAMANGA,ANTANANARIVO AVARADRANO,AMBOHIMANGAKELY,null,-18.8996,47.55015,TRUE,TRUE,TRUE,FALSE,2G-3G-4G/4G+,2G-3G-4G,null,ORANGE,null,2023,110605,GREENFIELD,4G+
1116,ORANGE_VAK_RUR_0012,AntsirabeVinaninkarena,ORANGE,VAKINANKARATRA,ANTSIRABE I,ANTSIRABE,null,-19.957222,47.043944,TRUE,TRUE,FALSE,FALSE,2G-3G,2G-3G,null,TOA,ENERGIE TOM,2023,140301,GREENFIELD,null
1117,ORANGE_SAV_SAM_0035,SambavaAntanifotsy,ORANGE,SAVA,SAMBAVA,SAMBAVA,null,-14.268696,50.139688,TRUE,TRUE,TRUE,FALSE,2G-3G-4G,2G-3G-4G,null,ORANGE,null,2023,220325,GREENFIELD,null
1118,ORANGE_AND_AMB_0009,AmbovombeAntanimoraSud,ORANGE,ANDROY,AMBOVOMBE ANDROY,ANTANIMORA SUD,null,-24.81946,45.65792,TRUE,TRUE,FALSE,FALSE,2G-3G,2G-3G,null,HELIOS,ENERGIE AIRTEL,2023,610111,GREENFIELD,null
1119,ORANGE_ANM_NOR_0045,Habibo,ORANGE,ANALAMANGA,ANTANANARIVO ATSIMONDRANO,TANJOMBATO,null,-18.963726,47.548585,TRUE,TRUE,TRUE,FALSE,2G-3G-4G,2G-3G-4G,null,ORANGE,null,2023,110525,INDOOR,null
1120,ORANGE_DIA_URB_0021,DiegoMangarivotra2,ORANGE,DIANA,ANTSIRANANA I,ANTSIRANANA,null,-12.29872,49.28072,TRUE,TRUE,TRUE,FALSE,2G-3G-4G,2G-3G-4G,null,ORANGE,null,2023,210301,GREENFIELD,null
1121,ORANGE_ATS_URB_0042,TamaMangarivotra2,ORANGE,ATSINANANA,TOAMASINA I,CU TOAMASINA arr. ANKIRIHIRY,null,-18.14475,49.387305555556,TRUE,TRUE,TRUE,FALSE,2G-3G-4G,2G-3G-4G,null,TOA,ENERGIE TOM,2023,530503,GREENFIELD,null
1122,ORANGE_ANM_NOR_0044,TanaAmbohimangaRova,ORANGE,ANALAMANGA,ANTANANARIVO AVARADRANO,AMBOHIMANGA ROVA,null,-18.76,47.578,TRUE,TRUE,TRUE,FALSE,2G-3G-4G,2G-3G-4G,null,HELIOS,ENERGIE AIRTEL,2023,110604,GREENFIELD,null
1123,ORANGE_SAV_VOH_0020,Ampandrabe,ORANGE,SAVA,VOHEMAR,DARAINA,null,-13.112917,49.637111,TRUE,TRUE,FALSE,FALSE,2G-3G/Backbone,2G-3G,null,ORANGE,null,2023,220413,GREENFIELD,Backbone
1124,ORANGE_VAK_URB_0017,AntsirabeMandaniresaka,ORANGE,VAKINANKARATRA,ANTSIRABE I,ANTSIRABE,null,-19.897833,47.042667,TRUE,TRUE,TRUE,FALSE,2G-3G-4G,2G-3G-4G,null,TOA,ENERGIE TOM,2023,140301,GREENFIELD,null
1125,ORANGE_ANM_AMB_0040,TanaAntehiroka2,ORANGE,ANALAMANGA,AMBOHIDRATRIMO,ANTEHIROKA,null,-18.832722222222,47.501138888889,TRUE,TRUE,TRUE,FALSE,2G-3G-4G,2G-3G-4G,null,TOA,ENERGIE TOM,2023,110112,GREENFIELD,null
1126,ORANGE_ATS_URB_0041,TamaAndroranga2,ORANGE,ATSINANANA,TOAMASINA I,CU TOAMASINA arr. ANJOMA,null,-18.1620277777778,49.4013333333333,TRUE,TRUE,TRUE,FALSE,2G-3G-4G/TDD-4G+,2G-3G-4G,null,TOA,ENERGIE TOM,2023,530502,GREENFIELD,TDD-4G+
1127,ORANGE_AAN_BET_0010,BetiokyAmbatryMitsinjo,ORANGE,ATSIMO ANDREFANA,BETIOKY SUD,BETIOKY SUD,null,-23.85404,44.40541,TRUE,TRUE,FALSE,FALSE,2G-3G,2G-3G,null,HELIOS,null,2023,630511,GREENFIELD,null
1128,ORANGE_DIA_ABJ_0015,AmbanjaAntsahabeCentre,ORANGE,DIANA,AMBANJA,AMBANJA,null,-13.749111,48.63256,TRUE,TRUE,FALSE,FALSE,2G-3G,2G-3G,null,TOA,ENERGIE TOM,2023,210103,GREENFIELD,null
1129,ORANGE_VAK_AMB_0009,Ambatolampy3,ORANGE,VAKINANKARATRA,AMBATOLAMPY,AMBATOLAMPY,null,-19.378104,47.43133,TRUE,TRUE,TRUE,FALSE,2G-3G-4G,2G-3G-4G,null,HELIOS,null,2023,140101,GREENFIELD,null
1130,ORANGE_ALA_AMB_0017,Ambatondrazaka3,ORANGE,ALAOTRA MANGORO,AMBATONDRAZAKA,AMBATONDRAZAKA SUBURBAINE,null,-17.828985,48.429619,TRUE,TRUE,TRUE,FALSE,2G-3G-4G,2G-3G-4G,null,TOA,ENERGIE TOM,2023,510103,GREENFIELD,null
1131,ORANGE_SAV_ANT_0021,AntalahaAntsambalahy,ORANGE,SAVA,ANTALAHA,ANTSAMBALAHY,null,-14.765278,49.948472,TRUE,TRUE,FALSE,FALSE,2G-3G,2G-3G,null,TOA,ENERGIE TOM,2023,220212,GREENFIELD,null
1132,ORANGE_SAV_VOH_0022,MorafenoBB,ORANGE,SAVA,VOHEMAR,NOSIBE,null,-13.227083,49.813583,TRUE,TRUE,FALSE,FALSE,2G-3G/Backbone,2G-3G,null,ORANGE,null,2023,220417,GREENFIELD,Backbone
1133,ORANGE_ANM_SUD_0047,TanaAndrohibeAntsahadinta,ORANGE,ANALAMANGA,ANTANANARIVO ATSIMONDRANO,ANDROHIBE,null,-19.03070346666,47.4535160666,TRUE,TRUE,FALSE,FALSE,2G-3G,2G-3G,null,HELIOS,null,2023,110513,GREENFIELD,null
1134,ORANGE_AND_AMB_0008,AmbovombeAmpamata,ORANGE,ANDROY,AMBOVOMBE ANDROY,AMPAMATA,null,-24.50825,45.63767,TRUE,TRUE,FALSE,FALSE,2G-3G,2G-3G,null,TOA,null,2023,610107,GREENFIELD,null
1135,ORANGE_BOE_RUR_0010,AntsanitiaBB,ORANGE,BOENY,MAHAJANGA II,BELOBAKA,null,-15.59129,46.41318,TRUE,TRUE,FALSE,FALSE,2G-3G/Backbone,2G-3G,null,ORANGE,null,2023,420305,GREENFIELD,Backbone
1136,ORANGE_ANM_NOR_0038,TanaNamehana,ORANGE,ANALAMANGA,ANTANANARIVO AVARADRANO,SABOTSY NAMEHANA,null,-18.830238,47.543127,TRUE,TRUE,TRUE,FALSE,2G-3G-4G,2G-3G-4G,null,HELIOS,null,2023,110612,ROOFTOP,null
1137,ORANGE_DIA_ABL_0020,AmpasivelonaBB,ORANGE,DIANA,AMBILOBE,AMBODIBONARA,null,-13.16522,48.85736,TRUE,TRUE,FALSE,FALSE,2G-3G,2G-3G,null,ORANGE,null,2023,210205,GREENFIELD,null
1138,ORANGE_BOE_RUR_0011,AndranobokaBB,ORANGE,BOENY,MAHAJANGA II,BELOBAKA,null,-15.643166667,46.846611111,TRUE,TRUE,FALSE,FALSE,2G-3G,2G-3G,null,ORANGE,null,2023,420305,GREENFIELD,null
1139,ORANGE_ANO_AMB_0004,Ankilimanara,ORANGE,ANOSY,AMBOASARY SUD,SAMPONA,null,-25.131444,46.318639,TRUE,TRUE,FALSE,FALSE,2G-3G/Backbone,2G-3G,null,ORANGE,null,2023,620112,GREENFIELD,Backbone
1140,ORANGE_VAK_FAR_0005,FaratsihoMiandrarivo,ORANGE,VAKINANKARATRA,FARATSIHO,MIANDRARIVO,null,-19.424444,46.726083,TRUE,TRUE,FALSE,FALSE,2G-3G,2G-3G,null,HELIOS,null,2023,140605,GREENFIELD,null
1141,ORANGE_IHO_IHO_0016,Ihosy3,ORANGE,IHOROMBE,IHOSY,IHOSY,null,-22.402639,46.136083,TRUE,TRUE,TRUE,FALSE,2G-3G-4G,2G-3G-4G,null,TOA,null,2023,340208,GREENFIELD,null
1142,ORANGE_DIA_ABL_0019,AntsatranaBB,ORANGE,DIANA,AMBILOBE,BERAMANJA,null,-13.461555556,48.767972222,TRUE,TRUE,FALSE,FALSE,2G-3G,2G-3G,null,ORANGE,null,2023,210211,GREENFIELD,null
1143,ORANGE_VAK_FAR_0006,FaratsihoAntsapanimahazo,ORANGE,VAKINANKARATRA,FARATSIHO,ANTSAMPANIMAHAZO,null,-19.4,47.072,TRUE,TRUE,FALSE,FALSE,2G-3G,2G-3G,null,HELIOS,null,2023,140603,GREENFIELD,null
1144,ORANGE_AMO_ABS_0016,Kianjandrakefina,ORANGE,AMORON'I MANIA,AMBOSITRA,KIANJANDRAKEFINA,null,-20.62,47.321,TRUE,TRUE,FALSE,FALSE,2G-3G,2G-3G,null,HELIOS,null,2023,310218,GREENFIELD,null
1145,ORANGE_AMO_MAN_0005,ManandrianaAnjomanakona,ORANGE,AMORON'I MANIA,MANANDRIANA,ANJOMAN ' ANKONA,null,-20.63,47.082,TRUE,TRUE,FALSE,FALSE,2G-3G,2G-3G,null,HELIOS,null,2023,310408,GREENFIELD,null
1146,ORANGE_VAK_BET_0006,Mahaiza,ORANGE,VAKINANKARATRA,BETAFO,MAHAIZA,null,-19.87,46.808,TRUE,TRUE,FALSE,FALSE,2G-3G,2G-3G,null,HELIOS,null,2023,140517,GREENFIELD,null
1147,ORANGE_AAN_RUR_0027,TulearOniversite,ORANGE,ATSIMO ANDREFANA,TOLIARY II,MITSINJO BETANIMENA,null,-23.33012,43.70306,TRUE,TRUE,TRUE,FALSE,2G-3G-4G,2G-3G-4G,null,ORANGE,null,2023,630920,GREENFIELD,null
1148,ORANGE_SAV_VOH_0029,VohemarTanambao,ORANGE,SAVA,VOHEMAR,VOHEMAR,null,-13.37138,50.0148,TRUE,TRUE,TRUE,FALSE,2G-3G-4G,2G-3G-4G,null,ORANGE,null,2023,220419,GREENFIELD,null
1149,ORANGE_ANJ_MAR_0016,MaroantsetraAnandrivola,ORANGE,ANALANJIROFO,MAROANTSETRA,ANANDRIVOLA,null,-15.835055,49.643111,TRUE,TRUE,FALSE,FALSE,2G-3G,2G-3G,null,TOA,null,2023,520304,GREENFIELD,null
1150,ORANGE_SAV_ANT_0025,AntalahaAmpanavoana,ORANGE,SAVA,ANTALAHA,AMPANAVOANA,null,-15.670778,50.359472,TRUE,TRUE,FALSE,FALSE,2G-3G,2G-3G,null,TOA,null,2023,220205,GREENFIELD,null
1151,ORANGE_SOF_ANA_0017,MahadrodrokaBB,ORANGE,SOFIA,ANALALAVA,MAHADRODROKA,null,-15.28537,47.29268,TRUE,TRUE,FALSE,FALSE,2G-3G,2G-3G,null,ORANGE,null,2023,440110,GREENFIELD,null
1152,ORANGE_SAV_ANT_0024,Vinanivao2,ORANGE,SAVA,ANTALAHA,VINANIVAO,null,-15.952556,50.148555,TRUE,TRUE,FALSE,FALSE,2G-3G,2G-3G,null,TOA,null,2023,220216,GREENFIELD,null
1153,ORANGE_ATS_BRI_0013,Brickaville3,ORANGE,ATSINANANA,BRICKAVILLE,BRICKAVILLE,null,-18.818361,49.069639,TRUE,TRUE,TRUE,FALSE,2G-3G-4G,2G-3G-4G,null,TOA,null,2023,530209,GREENFIELD,null
1154,ORANGE_BOE_URB_0024,MajungaMahatsinjo2,ORANGE,BOENY,MAHAJANGA I,MAHAJANGA,null,-15.711717,46.328617,TRUE,TRUE,TRUE,FALSE,2G-3G-4G,2G-3G-4G,null,ORANGE,null,2023,420201,GREENFIELD,null
1155,ORANGE_MEL_MAI_0012,Maintirano2,ORANGE,MELAKY,MAINTIRANO,MAINTIRANO,null,-18.062859,44.021722,TRUE,TRUE,TRUE,FALSE,2G-3G-4G,2G-3G-4G,null,HELIOS,null,2023,430413,GREENFIELD,null
1156,ORANGE_VAK_BET_0007,BetafoAmbohimanambola,ORANGE,VAKINANKARATRA,BETAFO,AMBOHIMANAMBOLA,null,-19.780005,46.631995,TRUE,TRUE,FALSE,FALSE,2G-3G,2G-3G,null,HELIOS,null,2023,140505,GREENFIELD,null
1157,ORANGE_SAV_ANT_0016,AndranoampahaBB,ORANGE,SAVA,ANTALAHA,AMBOHITRALANANA,null,-15.5009,50.4195,TRUE,TRUE,FALSE,FALSE,2G-3G,2G-3G,null,ORANGE,null,2023,220203,GREENFIELD,null
1158,ORANGE_AAN_RUR_0028,ManomboSud,ORANGE,ATSIMO ANDREFANA,TOLIARY II,MANOMBO SUD,null,-22.96,43.506,TRUE,TRUE,FALSE,FALSE,2G-3G,2G-3G,null,HELIOS,null,2023,630914,GREENFIELD,null
1159,ORANGE_BOE_RUR_0013,MajungaAntsanitiaHotel,ORANGE,BOENY,MAHAJANGA II,BELOBAKA,null,-15.568749,46.423123,TRUE,TRUE,TRUE,FALSE,2G-3G-4G,2G-3G-4G,null,ORANGE,null,2023,420305,GREENFIELD,null
1160,ORANGE_AAT_VAN_0007,VangaindranoAnilobe,ORANGE,ATSIMO ATSINANANA,VANGAINDRANO,ANILOBE,null,-23.200014,47.479993,TRUE,TRUE,FALSE,FALSE,2G-3G,2G-3G,null,HELIOS,null,2023,320406,GREENFIELD,null
1161,ORANGE_SOF_ANA_0018,AnkaramyBB,ORANGE,SOFIA,ANALALAVA,ANKARAMY,null,-13.95775,48.213083333,TRUE,TRUE,FALSE,FALSE,2G-3G,2G-3G,null,ORANGE,null,2023,440107,GREENFIELD,null
1162,ORANGE_DIA_URB_0020,DiegoTsaramandroso2,ORANGE,DIANA,ANTSIRANANA I,ANTSIRANANA,null,-12.30582,49.28527,TRUE,TRUE,TRUE,FALSE,2G-3G-4G,2G-3G-4G,null,ORANGE,null,2023,210301,GREENFIELD,null
1163,ORANGE_BOE_URB_0021,MajungaAntanimasaja,ORANGE,BOENY,MAHAJANGA I,MAHAJANGA,null,-15.71723,46.34462,TRUE,TRUE,TRUE,FALSE,2G-3G-4G,2G-3G-4G,null,ORANGE,null,2023,420201,GREENFIELD,null
1164,ORANGE_ANM_REN_0143,TanaAnkadimbahoaka3,ORANGE,ANALAMANGA,ANTANANARIVO_IV,CU ANTANANARIVO (Arr.IV),null,-18.940944,47.523639,TRUE,TRUE,TRUE,FALSE,2G-3G-4G,2G-3G-4G,null,TOA,null,2023,111001,GREENFIELD,null
1165,ORANGE_SOF_ANA_0019,BefotakaNordBB,ORANGE,SOFIA,ANALALAVA,BEFOTAKA NORD,null,-14.51283,47.99325,TRUE,TRUE,FALSE,FALSE,2G-3G,2G-3G,null,ORANGE,null,2023,440109,GREENFIELD,null
1166,ORANGE_MAT_AMB_0010,AmbalavaoAmbohimandroso,ORANGE,MATSIATRA AMBONY,AMBALAVAO,AMBOHIMANDROSO,null,-21.929393,46.951081,TRUE,TRUE,FALSE,FALSE,2G-3G,2G-3G,null,TOA,null,2023,330105,GREENFIELD,null
1167,ORANGE_MAT_AMB_0011,AmbalavaoAnjoma,ORANGE,MATSIATRA AMBONY,AMBALAVAO,ANJOMA,null,-21.88333333,47.06586111,TRUE,TRUE,FALSE,FALSE,2G-3G,2G-3G,null,TOA,null,2023,330107,GREENFIELD,null
1169,ORANGE_VAT_MJR_0017,MananjaryTsiatosika,ORANGE,VATOVAVY,MANANJARY,TSIATOSIKA,null,-21.21475,48.239417,TRUE,TRUE,FALSE,FALSE,2G-3G,2G-3G,null,TOA,null,2023,360227,GREENFIELD,null
1170,ORANGE_MEN_MIA_0011,MiandrivazoMamontsatanana,ORANGE,MENABE,MIANDRIVAZO,MIANDRIVAZO,null,-19.48905556,45.43819444,TRUE,TRUE,FALSE,FALSE,2G-3G,2G-3G,null,TOA,null,2023,640414,GREENFIELD,null
1171,ORANGE_VAT_MJR_0016,Namorona,ORANGE,FITOVINANY,MANAKARA,NAMORONA,null,-21.631306,48.185972,TRUE,TRUE,FALSE,FALSE,2G-3G,2G-3G,null,TOA,null,2023,350248,GREENFIELD,null
1172,ORANGE_AAN_RUR_0030,StAugustin2,ORANGE,ATSIMO ANDREFANA,TOLIARY II,SAINT AUGUSTIN,null,-23.410001,43.752997,TRUE,TRUE,TRUE,FALSE,2G-3G-4G,2G-3G-4G,null,HELIOS,null,2023,630921,GREENFIELD,null
1173,ORANGE_FIT_VOH_0003,VohipenoLanivo,ORANGE,FITOVINANY,VOHIPENO,LANIVO,null,-22.290889,47.8275,TRUE,TRUE,FALSE,FALSE,2G-3G,2G-3G,null,TOA,null,2023,350308,GREENFIELD,null
1174,ORANGE_AND_AMB_0012,AmbovombeMaroalopoty,ORANGE,ANDROY,AMBOVOMBE ANDROY,MAROALOPOTY,null,-25.161083,46.23792,TRUE,TRUE,FALSE,FALSE,2G-3G,2G-3G,null,TOA,null,2023,610116,GREENFIELD,null
1175,ORANGE_AND_BEK_0009,BekilyBekitro,ORANGE,ANDROY,BEKILY,BEKITRO,null,-24.48974444,45.30557778,TRUE,TRUE,FALSE,FALSE,2G-3G,2G-3G,null,HELIOS,null,2023,610207,GREENFIELD,null
1176,ORANGE_ANM_NOR_0043,TanaAnkandrina,ORANGE,ANALAMANGA,ANTANANARIVO AVARADRANO,AMBOHIMANGAKELY,null,-18.88614,47.56738,TRUE,TRUE,TRUE,FALSE,2G-3G-4G,2G-3G-4G,null,HELIOS,null,2023,110605,ROOFTOP,null
1177,ORANGE_VAK_RUR_0013,Antanambao,ORANGE,VAKINANKARATRA,ANTSIRABE II,ANTANAMBAO,null,-19.95168,47.39242,TRUE,TRUE,FALSE,FALSE,2G-3G,2G-3G,null,HELIOS,null,2023,140410,GREENFIELD,null
1178,ORANGE_MEN_BEL_0009,BemarivoAnkirondro,ORANGE,MENABE,BELO SUR TSIRIBIHINA,ANDIMAKY MANAMBOLO,null,-19.29994,44.619,TRUE,TRUE,FALSE,FALSE,2G-3G,2G-3G,null,HELIOS,null,2023,640103,GREENFIELD,null
1179,ORANGE_MEN_MAH_0012,MahaboAmpanihy,ORANGE,MENABE,MAHABO,AMPANIHY,null,-20.36783,44.726023,TRUE,TRUE,FALSE,FALSE,2G-3G,2G-3G,null,TOA,null,2023,640202,GREENFIELD,null
1180,ORANGE_BOE_URB_0023,MajungaTsaramandroso2,ORANGE,BOENY,MAHAJANGA I,MAHAJANGA,null,-15.704283,46.320217,TRUE,TRUE,TRUE,FALSE,2G-3G-4G,2G-3G-4G,null,ORANGE,null,2023,420201,GREENFIELD,null
1181,ORANGE_ANM_REN_0142,TanaAnosizato3,ORANGE,ANALAMANGA,ANTANANARIVO_IV,CU ANTANANARIVO (Arr.IV),null,-18.93832,47.50475,TRUE,TRUE,TRUE,FALSE,2G-3G-4G,2G-3G-4G,null,HELIOS,null,2023,111001,ROOFTOP,null
1,TELMA_AAN001,TOLIARA_OCB,TELMA,ATSIMO ANDREFANA,TOLIARA I,TOLIARA I,33.4,-23.35822,43.66892,TRUE,TRUE,TRUE,FALSE,2G et 3G et 4G,2G-3G-4G,NON,TOA,SOUS COMPTEUR,2006,630801,GREENFIELD,null
2,TELMA_AAN002,SAKARAHA,TELMA,ATSIMO ANDREFANA,SAKARAHA,SAKARAHA,84.4,-22.91125,44.53094,TRUE,TRUE,TRUE,FALSE,2G et 3G et 4G,2G-3G-4G,NON,TELMA,JIRAMA + GE,2008,630712,GREENFIELD,null
3,TELMA_AAN003,MANGILY_IFATY,TELMA,ATSIMO ANDREFANA,TOLIARY II,BELALANDA,47.4,-23.13294,43.61775,TRUE,TRUE,TRUE,FALSE,2G et 3G et 4G,2G-3G-4G,NON,TOA,SOLDIÈSE,2009,630912,GREENFIELD,null
4,TELMA_AAN004,BETIOKY,TELMA,ATSIMO ANDREFANA,BETIOKY SUD,BETIOKY SUD,97.4,-23.71803,44.37783,TRUE,TRUE,TRUE,FALSE,2G et 3G et 4G,2G-3G-4G,NON,TELMA,JIRAMA + GE,2008,630511,GREENFIELD,null
5,TELMA_AAN005,AMPANIHY,TELMA,ATSIMO ANDREFANA,AMPANIHY OUEST,AMPANIHY CENTRE,32.4,-24.69344,44.74522,TRUE,TRUE,TRUE,FALSE,2G et 3G et 4G,2G-3G-4G,NON,TELMA,JIRAMA + GE,2009,630102,GREENFIELD,null
6,TELMA_AAN008,MOROMBE,TELMA,ATSIMO ANDREFANA,MOROMBE,MOROMBE,22.4,-21.74394,43.36083,TRUE,TRUE,FALSE,FALSE,2G et 3G,2G-3G,NON,TELMA,JIRAMA + GE,2008,630607,GREENFIELD,null
7,TELMA_AAN011,TOLIAR_SANFILY,TELMA,ATSIMO ANDREFANA,TOLIARA I,TOLIARA I,33.4,-23.35564,43.67736,TRUE,TRUE,TRUE,FALSE,2G et 3G et 4G,2G-3G-4G,NON,TELMA,JIRAMA + GE,2008,630801,GREENFIELD,null
8,TELMA_AAN012,TOLIAR_BETANIA,TELMA,ATSIMO ANDREFANA,TOLIARA I,TOLIARA I,37.4,-23.34814,43.67578,TRUE,TRUE,TRUE,FALSE,2G et 3G et 4G,2G-3G-4G,NON,TELMA,JIRAMA + GE,2009,630801,GREENFIELD,null
9,TELMA_AAN013,TSONGOROTELO,TELMA,ATSIMO ANDREFANA,TOLIARY II,BELALANDA,20.9,-23.22164,43.62278,TRUE,TRUE,TRUE,FALSE,2G et 3G et 4G,2G-3G-4G,NON,TELMA,ENERGIE SOLAIRE + GE,2009,630912,GREENFIELD,null
10,TELMA_AAN015,TOLIARY_NOMENA,TELMA,ATSIMO ANDREFANA,TOLIARA I,TOLIARA I,29.4,-23.36952,43.70734,TRUE,TRUE,TRUE,FALSE,2G et 3G et 4G,2G-3G-4G,NON,TELMA,JIRAMA + GE,2008,630801,GREENFIELD,null
11,TELMA_AAN016,TOLIA_TSIANALOK,TELMA,ATSIMO ANDREFANA,TOLIARA I,TOLIARA I,37.4,-23.35085,43.66592,TRUE,TRUE,TRUE,FALSE,2G et 3G et 4G,2G-3G-4G,NON,TOA,JIRAMA + GE,2013,630801,GREENFIELD,null
12,TELMA_AAN020,BEZAHA,TELMA,ATSIMO ANDREFANA,BETIOKY SUD,BEZAHA,22.4,-23.49855,44.50275,TRUE,TRUE,TRUE,FALSE,2G et 3G et 4G,2G-3G-4G,NON,TELMA,CHARGE DÉCHARGE + JIRAMA,2010,630512,GREENFIELD,null
13,TELMA_AAN029,TOLIARY_ANDABOLY,TELMA,ATSIMO ANDREFANA,TOLIARA I,TOLIARA I,37.4,-23.34147,43.66809,TRUE,TRUE,TRUE,FALSE,2G et 3G et 4G,2G-3G-4G,NON,TOA,JIRAMA + GE,2012,630801,GREENFIELD,null
14,TELMA_AAN031,ANKAZOABO,TELMA,ATSIMO ANDREFANA,ANKAZOABO SUD,ANKAZOABO SUD,22.4,-22.28661,44.50586,TRUE,FALSE,TRUE,FALSE,2G et 4G,2G-4G,NON,TELMA,CHARGE DÉCHARGE + JIRAMA,2010,630202,GREENFIELD,null
15,TELMA_AAN039,BEFANDRIANA_SUD,TELMA,ATSIMO ANDREFANA,MOROMBE,BEFANDRIANA SUD,47.4,-22.10544,43.89183,TRUE,FALSE,FALSE,FALSE,2G,2G,NON,TOA,ENERGIE SOLAIRE + GE,2012,630606,GREENFIELD,null
16,TELMA_AAN040,AMBIKY,TELMA,ATSIMO ANDREFANA,MOROMBE,TANANDAVA STATION,37.4,-21.88356,43.89394,TRUE,FALSE,FALSE,FALSE,2G,2G,NON,TELMA,ENERGIE SOLAIRE,2012,630609,GREENFIELD,null
17,TELMA_AAN042,ANDAVADAOKA,TELMA,ATSIMO ANDREFANA,MOROMBE,BEFANDEFA,43.4,-22.07194,43.24277,TRUE,TRUE,TRUE,FALSE,2G et 3G et 4G,2G-3G-4G,NON,TOA,SOLDIÈSE,2010,630605,GREENFIELD,null
18,TELMA_AAN043,ANDRANOVORY,TELMA,ATSIMO ANDREFANA,TOLIARY II,ANDRANOVORY,52.4,-23.15611,44.11972,TRUE,TRUE,TRUE,FALSE,2G et 3G et 4G,2G-3G-4G,NON,TELMA,SOLDIÈSE,2013,630906,GREENFIELD,null
19,TELMA_AAN046,BENENITRA,TELMA,ATSIMO ANDREFANA,BENENITRA,BENENITRA,33.4,-23.41075,45.16497,TRUE,TRUE,TRUE,FALSE,2G et 3G et 4G,2G-3G-4G,NON,TELMA,ENERGIE SOLAIRE + GE,2012,630302,GREENFIELD,null
20,TELMA_AAN047,BEROROHA,TELMA,ATSIMO ANDREFANA,BEROROHA,BEROROHA,33.4,-21.67915,45.16478,TRUE,FALSE,TRUE,FALSE,2G et 4G,2G-4G,NON,TOA,CHARGE DÉCHARGE,2012,630403,GREENFIELD,null
21,TELMA_AAN048,ANKILILAOKA,TELMA,ATSIMO ANDREFANA,TOLIARY II,ANKILILOAKA,47.4,-22.771833333333333,43.61375,TRUE,FALSE,FALSE,FALSE,2G,2G,NON,TOA,ENERGIE SOLAIRE + GE,2013,630907,GREENFIELD,null
22,TELMA_AAN049,AMBAHIKILY,TELMA,ATSIMO ANDREFANA,MOROMBE,AMBAHIKILY,73.4,-21.60653,43.66392,TRUE,TRUE,FALSE,FALSE,2G et 3G,2G-3G,NON,TOA,ENERGIE SOLAIRE + GE,2014,630601,GREENFIELD,null
23,TELMA_AAN051,MANDRONARIVO,TELMA,ATSIMO ANDREFANA,BEROROHA,MANDRONARIVO,38.1,-21.11283,45.63733,TRUE,FALSE,TRUE,FALSE,2G et 4G,2G-4G,NON,TELMA,ENERGIE SOLAIRE,2012,630405,GREENFIELD,null
24,TELMA_AAN052,ANTANIMIEVA,TELMA,ATSIMO ANDREFANA,MOROMBE,ANTANIMIEVA,38.1,-22.24459,43.77241,TRUE,FALSE,FALSE,FALSE,2G,2G,NON,TELMA,ENERGIE SOLAIRE,2012,630602,GREENFIELD,null
25,TELMA_AAN053,BASIBASY,TELMA,ATSIMO ANDREFANA,MOROMBE,BASIBASY,38.1,-22.18058,43.65997,TRUE,FALSE,FALSE,FALSE,2G,2G,NON,TELMA,ENERGIE SOLAIRE,2012,630604,GREENFIELD,null
26,TELMA_AAN057,ANAKAO,TELMA,ATSIMO ANDREFANA,TOLIARY II,ANAKAO,37.4,-23.64155,43.6555,TRUE,TRUE,TRUE,FALSE,2G et 3G et 4G,2G-3G-4G,NON,TOA,ENERGIE SOLAIRE + GE,2013,630903,GREENFIELD,null
27,TELMA_AAN058,FOTADREVO,TELMA,ATSIMO ANDREFANA,AMPANIHY OUEST,FOTADREVO,47.4,-24.052715,45.024641,TRUE,TRUE,TRUE,FALSE,2G et 3G et 4G,2G-3G-4G,NON,TOA,ENERGIE SOLAIRE + GE,2014,630112,GREENFIELD,null
28,TELMA_AAN059,ANGARAGE,TELMA,ATSIMO ANDREFANA,MOROMBE,TANANDAVA STATION,37.4,-21.70323,43.74549,TRUE,FALSE,FALSE,FALSE,2G,2G,NON,TOA,ENERGIE SOLAIRE + GE,2014,630609,GREENFIELD,null
29,TELMA_AAN062,BELAMOTY,TELMA,ATSIMO ANDREFANA,BETIOKY SUD,BELAMOTY,37.4,-23.55269,44.81989,TRUE,TRUE,TRUE,FALSE,2G et 3G et 4G,2G-3G-4G,NON,TOA,ENERGIE SOLAIRE + GE,2015,630509,GREENFIELD,null
30,TELMA_AAN064,BEAHITSE,TELMA,ATSIMO ANDREFANA,AMPANIHY OUEST,BEAHITSE,37.4,-24.16803,44.44514,TRUE,TRUE,TRUE,FALSE,2G et 3G et 4G,2G-3G-4G,NON,TOA,ENERGIE SOLAIRE,2015,630108,GREENFIELD,null
31,TELMA_AAN065,SALARY,TELMA,ATSIMO ANDREFANA,TOLIARY II,MANOMBO SUD,57.4,-22.58983,43.29925,TRUE,FALSE,TRUE,FALSE,2G et 4G,2G-4G,NON,TOA,ENERGIE SOLAIRE,2015,630914,GREENFIELD,null
32,TELMA_AAN066,BEHELOKA,TELMA,ATSIMO ANDREFANA,TOLIARY II,BEHELOKA,37.4,-23.913,43.675,TRUE,TRUE,TRUE,FALSE,2G et 3G et 4G,2G-3G-4G,NON,TOA,ENERGIE SOLAIRE + GE,2015,630910,GREENFIELD,null
33,TELMA_AAN067,AMBOLA,TELMA,ATSIMO ANDREFANA,TOLIARY II,BEHELOKA,37.4,-24.07772,43.69808,TRUE,TRUE,TRUE,FALSE,2G et 3G et 4G,2G-3G-4G,NON,TOA,ENERGIE SOLAIRE + GE,2015,630910,GREENFIELD,null
34,TELMA_AAN068,MANOMBOATSIMO,TELMA,ATSIMO ANDREFANA,TOLIARY II,MANOMBO SUD,37.4,-22.94044,43.45667,TRUE,TRUE,TRUE,FALSE,2G et 3G et 4G,2G-3G-4G,NON,TOA,ENERGIE SOLAIRE + GE,2015,630914,GREENFIELD,null
35,TELMA_AAN069,TONGOBORY,TELMA,ATSIMO ANDREFANA,BETIOKY SUD,TONGOBORY,37.4,-23.52734,44.36452,TRUE,TRUE,TRUE,FALSE,2G et 3G et 4G,2G-3G-4G,NON,TOA,ENERGIE SOLAIRE + GE,2015,630526,GREENFIELD,null
36,TELMA_AAN070,ANDROKA,TELMA,ATSIMO ANDREFANA,AMPANIHY OUEST,ANDROKA,37.4,-25.00703,44.16086,TRUE,FALSE,TRUE,FALSE,2G et 4G,2G-4G,NON,TELMA,ENERGIE SOLAIRE + GE,2015,630103,GREENFIELD,null
37,TELMA_AAN071,ITAMPOLO,TELMA,ATSIMO ANDREFANA,AMPANIHY OUEST,ITAMPOLO,37.4,-24.70628,43.98136,TRUE,FALSE,TRUE,FALSE,2G et 4G,2G-4G,NON,TOA,ENERGIE SOLAIRE,2015,630114,GREENFIELD,null
38,TELMA_AAN072,AMBOHIMAHAVELON,TELMA,ATSIMO ANDREFANA,TOLIARY II,AMBOLOFOTY,37.4,-23.49186,43.88322,TRUE,TRUE,TRUE,FALSE,2G et 3G et 4G,2G-3G-4G,NON,TOA,ENERGIE SOLAIRE,2015,630902,GREENFIELD,null
39,TELMA_AAN075,TOLIARY_TSIMENATS,TELMA,ATSIMO ANDREFANA,TOLIARA I,TOLIARA I,37.4,-23.36619,43.68174,TRUE,TRUE,TRUE,FALSE,2G et 3G et 4G,2G-3G-4G,NON,TOA,JIRAMA + GE,2015,630801,GREENFIELD,null
40,TELMA_AAN076,TOLIARY_BESASAVY,TELMA,ATSIMO ANDREFANA,TOLIARA I,TOLIARA I,44.4,-23.33965,43.68333,TRUE,TRUE,TRUE,FALSE,2G et 3G et 4G,2G-3G-4G,NON,TOA,ENERGIE SOLAIRE,2015,630801,GREENFIELD,null
41,TELMA_AAN077,GOGOGOGO,TELMA,ATSIMO ANDREFANA,AMPANIHY OUEST,GOGOGOGO,47.4,-24.294416666666667,44.78272222222222,TRUE,TRUE,TRUE,FALSE,2G et 3G et 4G,2G-3G-4G,NON,TOA,ENERGIE SOLAIRE,2016,630113,GREENFIELD,null
42,TELMA_AAN078,BELAFIKA_HAUT,TELMA,ATSIMO ANDREFANA,AMPANIHY OUEST,BELAFIKE HAUT,47.4,-24.301469444444443,44.67930555555556,TRUE,TRUE,TRUE,FALSE,2G et 3G et 4G,2G-3G-4G,NON,TOA,ENERGIE SOLAIRE + GE,2016,630109,GREENFIELD,null
43,TELMA_AAN079,BEROROY_SUD,TELMA,ATSIMO ANDREFANA,AMPANIHY OUEST,BEROY SUD,37.4,-23.96344,44.69689,TRUE,TRUE,TRUE,FALSE,2G et 3G et 4G,2G-3G-4G,NON,TOA,ENERGIE SOLAIRE,2015,630110,GREENFIELD,null
44,TELMA_AAN080,TRANOROA,TELMA,ATSIMO ANDREFANA,AMPANIHY OUEST,AMBOROPOTSY,37.4,-24.713527777777777,45.04013888888889,TRUE,TRUE,TRUE,FALSE,2G et 3G et 4G,2G-3G-4G,NON,TOA,ENERGIE SOLAIRE,2016,630101,GREENFIELD,null
45,TELMA_AAN081,LAZARIVO,TELMA,ATSIMO ANDREFANA,BETIOKY SUD,LAZARIVO,37.4,-23.90667,44.9458,TRUE,TRUE,TRUE,FALSE,2G et 3G et 4G,2G-3G-4G,NON,TOA,ENERGIE SOLAIRE,2015,630514,GREENFIELD,null
46,TELMA_AAN085,ANTONGOVAOVAO,TELMA,ATSIMO ANDREFANA,MOROMBE,ANTONGO VAOVAO,33.4,-21.42044,43.59081,TRUE,TRUE,TRUE,FALSE,2G et 3G et 4G,2G-3G-4G,NON,TOA,ENERGIE SOLAIRE + GE,2015,630603,GREENFIELD,null
47,TELMA_AAN089,ANALAMISAMPY,TELMA,ATSIMO ANDREFANA,TOLIARY II,ANALAMISAMPY,79.4,-22.45967,43.68008,TRUE,FALSE,FALSE,FALSE,2G,2G,NON,TOA,ENERGIE SOLAIRE + GE,2015,630904,GREENFIELD,null
48,TELMA_AAN091,ANKILIMALINIKA,TELMA,ATSIMO ANDREFANA,TOLIARY II,ANKILIMALINIKA,53.4,-22.95733,43.56339,TRUE,TRUE,TRUE,FALSE,2G et 3G et 4G,2G-3G-4G,NON,TOA,ENERGIE SOLAIRE + GE,2015,630908,GREENFIELD,null
49,TELMA_AAN094,EJEDA,TELMA,ATSIMO ANDREFANA,AMPANIHY OUEST,EJEDA,47.4,-24.34552777777778,44.51605555555555,TRUE,TRUE,TRUE,FALSE,2G et 3G et 4G,2G-3G-4G,NON,TOA,ENERGIE SOLAIRE + GE,2009,630111,GREENFIELD,null
50,TELMA_AAN095,TOLIARY_ANDAKORO,TELMA,ATSIMO ANDREFANA,TOLIARA I,TOLIARA I,37.4,-23.35829,43.69481,TRUE,TRUE,TRUE,FALSE,2G et 3G et 4G,2G-3G-4G,NON,TOA,JIRAMA + GE,2016,630801,GREENFIELD,null
51,TELMA_AAN096,ANKILIBE,TELMA,ATSIMO ANDREFANA,TOLIARY II,SAINT AUGUSTIN,10.4,-23.42678,43.77967,TRUE,TRUE,TRUE,FALSE,2G et 3G et 4G,2G-3G-4G,NON,TOA,ENERGIE SOLAIRE,2015,630921,GREENFIELD,null
52,TELMA_AAN097,BEROBONTSY,TELMA,ATSIMO ANDREFANA,TOLIARY II,MAROMIANDRA,37.4,-23.2865,43.74375,TRUE,TRUE,TRUE,FALSE,2G et 3G et 4G,2G-3G-4G,NON,TOA,ENERGIE SOLAIRE,2016,630917,GREENFIELD,null
53,TELMA_AAN098,AMPIHALIA,TELMA,ATSIMO ANDREFANA,TOLIARY II,BEHOMPY,47.4,-23.23167,43.85909,TRUE,TRUE,TRUE,FALSE,2G et 3G et 4G,2G-3G-4G,NON,TOA,ENERGIE SOLAIRE,2015,630911,GREENFIELD,null
54,TELMA_AAN101,TOLIARY TANAMBAO 2,TELMA,ATSIMO ANDREFANA,TOLIARA I,TOLIARA I,37.4,-23.3502583,43.6878361111111,TRUE,TRUE,TRUE,FALSE,2G et 3G et 4G,2G-3G-4G,NON,TOA,JIRAMA + GE,2018,630801,GREENFIELD,null
55,TELMA_AAN104,BEROROHA_IVANDRIKA,TELMA,ATSIMO ANDREFANA,BEROROHA,FANJAKANA,37.4,-21.736555555555555,45.10805555555555,TRUE,TRUE,TRUE,FALSE,2G et 3G et 4G,2G-3G-4G,NON,TOA,ENERGIE SOLAIRE + GE,2018,630404,GREENFIELD,null
56,TELMA_AAN108,TOLIARY_ANDABOLY2,TELMA,ATSIMO ANDREFANA,TOLIARA I,TOLIARA I,27.4,-23.342416666666665,43.67777777777778,TRUE,TRUE,TRUE,FALSE,2G et 3G et 4G,2G-3G-4G,NON,TOA,JIRAMA,2018,630801,GREENFIELD,null
57,TELMA_AAN109,TULEAR103,TELMA,ATSIMO ANDREFANA,TOLIARA I,TOLIARA I,27.4,-23.36111111111111,43.67583333333334,TRUE,TRUE,TRUE,FALSE,2G et 3G et 4G,2G-3G-4G,NON,TOA,CHARGE DÉCHARGE,2020,630801,GREENFIELD,null
58,TELMA_AAN112,MAHABOBOKA,TELMA,ATSIMO ANDREFANA,SAKARAHA,MAHABOBOKA,37.4,-22.926222222222222,44.3542777777777,TRUE,TRUE,TRUE,FALSE,2G et 3G et 4G,2G-3G-4G,NON,TOA,ENERGIE SOLAIRE + GE,2019,630706,GREENFIELD,null
59,TELMA_AAN114,BERENTY,TELMA,ATSIMO ANDREFANA,ANKAZOABO SUD,BERENTY,37.4,-22.183625,45.034125,TRUE,FALSE,TRUE,FALSE,2G et 4G,2G-4G,NON,TOA,ENERGIE SOLAIRE + GE,2020,630203,GREENFIELD,null
60,TELMA_AAN115,AMPANDRA,TELMA,ATSIMO ANDREFANA,SAKARAHA,AMBINANY,37.4,-22.74721,44.863917,TRUE,FALSE,TRUE,FALSE,2G et 4G,2G-4G,NON,TOA,ENERGIE SOLAIRE + GE,2019,630701,GREENFIELD,null
61,TELMA_AAN117,AMBOHIBE,TELMA,ATSIMO ANDREFANA,MOROMBE,ANTONGO VAOVAO,37.4,-21.349094444444443,43.51170555555556,TRUE,TRUE,TRUE,FALSE,2G et 3G et 4G,2G-3G-4G,NON,TOA,ENERGIE SOLAIRE + GE,2019,630603,GREENFIELD,null
62,TELMA_AAN118,AMBATRY MITSINJO,TELMA,ATSIMO ANDREFANA,BETIOKY SUD,AMBATRY MITSINJO,47.4,-23.859412,44.428211,TRUE,TRUE,TRUE,FALSE,2G et 3G et 4G,2G-3G-4G,NON,TOA,ENERGIE SOLAIRE + GE,2020,630501,GREENFIELD,null
63,TELMA_AAN119,FENOANDALA,TELMA,ATSIMO ANDREFANA,BETIOKY SUD,FENOANDALA,37.4,-23.53755278,44.64005278,TRUE,TRUE,TRUE,FALSE,2G et 3G et 4G,2G-3G-4G,NON,TOA,ENERGIE SOLAIRE + GE,2020,630513,GREENFIELD,null
64,TELMA_AAN121,ANDAMASINY VINETA,TELMA,ATSIMO ANDREFANA,SAKARAHA,ANDAMASINY VINETA,37.4,-23.063946,44.254734,TRUE,TRUE,TRUE,FALSE,2G et 3G et 4G,2G-3G-4G,NON,TOA,ENERGIE SOLAIRE + GE,2020,630703,GREENFIELD,null
65,TELMA_AAN123,TOLIARA TANAMBAO MORAFENO,TELMA,ATSIMO ANDREFANA,TOLIARA I,TOLIARA I,37.4,-23.346684,43.669045,TRUE,TRUE,TRUE,FALSE,2G et 3G et 4G,2G-3G-4G,NON,TOA,CHARGE DÉCHARGE,2021,630801,GREENFIELD,null
66,TELMA_AAN125,MANOROFIFY,TELMA,ATSIMO ANDREFANA,TOLIARY II,AMBOHIMAHAVELONA,37.4,-23.487081,44.005228,TRUE,TRUE,FALSE,FALSE,2G et 3G,2G-3G,NON,TOA,ENERGIE SOLAIRE,2022,630901,GREENFIELD,null
67,TELMA_AAN126,ANKILIMIVONY,TELMA,ATSIMO ANDREFANA,TOLIARY II,ANAKAO,37.4,-23.789493,43.704699,TRUE,TRUE,TRUE,FALSE,2G et 3G et 4G,2G-3G-4G,NON,TOA,ENERGIE SOLAIRE + GE,2022,630903,GREENFIELD,null
68,TELMA_AAN127,ANJA BELITSAKA,TELMA,ATSIMO ANDREFANA,AMPANIHY OUEST,ITAMPOLO,37.4,-24.371431,43.719763,TRUE,FALSE,TRUE,FALSE,2G et 4G,2G-4G,NON,TOA,ENERGIE SOLAIRE + GE,2022,630114,GREENFIELD,null
69,TELMA_AAN129,FENOANDALA2,TELMA,ATSIMO ANDREFANA,BETIOKY SUD,MONTIFENO,37.4,-23.504651,44.755162,TRUE,TRUE,TRUE,FALSE,2G et 3G et 4G,2G-3G-4G,NON,TOA,ENERGIE SOLAIRE + GE,2022,630519,GREENFIELD,null
70,TELMA_AAN130,TOLIARA_MAHAVATSE,TELMA,ATSIMO ANDREFANA,TOLIARA I,TOLIARA I,37.4,-23.370145,43.694038,TRUE,TRUE,TRUE,FALSE,2G et 3G et 4G,2G-3G-4G,NON,TOA,CHARGE DÉCHARGE,2022,630801,GREENFIELD,null
71,TELMA_AAN131,TOLIARA_SANFILY2,TELMA,ATSIMO ANDREFANA,TOLIARA I,TOLIARA I,12.4,-23.358815,43.685732,TRUE,TRUE,TRUE,FALSE,2G et 3G et 4G,2G-3G-4G,NON,TOA,JIRAMA + GE,2023,630801,GREENFIELD,null
72,TELMA_AAN133,ANDRANOMANGATSIAKA_AAN,TELMA,ATSIMO ANDREFANA,BETIOKY SUD,ANDRANOMANGATSIAKA,37.4,-23.360059,44.532786,TRUE,TRUE,TRUE,FALSE,2G et 3G et 4G,2G-3G-4G,NON,TOA,null,2022,630502,GREENFIELD,null
73,TELMA_AAN134,BEKIPAY,TELMA,ATSIMO ANDREFANA,MOROMBE,BEFANDRIANA SUD,9.4,-22.15972222222222,43.780277777777776,TRUE,FALSE,TRUE,FALSE,2G et 4G,2G-4G,NON,TOA,ENERGIE SOLAIRE,2023,630606,GREENFIELD,null
74,TELMA_AAN135,BELAVENOKA,TELMA,ATSIMO ANDREFANA,TOLIARY II,MILENAKA,9.4,-22.866944444444446,43.57833333333333,TRUE,FALSE,TRUE,FALSE,2G et 4G,2G-4G,NON,TOA,ENERGIE SOLAIRE,2023,630919,GREENFIELD,null
75,TELMA_AAN136,BELITSAKE,TELMA,ATSIMO ANDREFANA,MOROMBE,MOROMBE,9.4,-21.6825,43.52027777777778,TRUE,FALSE,TRUE,FALSE,2G et 4G,2G-4G,NON,TOA,ENERGIE SOLAIRE,2023,630607,GREENFIELD,null
76,TELMA_AAN137,ANDAKAZERA,TELMA,ATSIMO ANDREFANA,SAKARAHA,MIARY TAHEZA,9.4,-23.070527,44.707588,TRUE,FALSE,TRUE,FALSE,2G et 4G,2G-4G,NON,TOA,ENERGIE SOLAIRE,2023,630708,GREENFIELD,null
77,TELMA_AAN138,ANDRANOLAVA_OMNI,TELMA,ATSIMO ANDREFANA,SAKARAHA,ANDRANOLAVA,37.4,-22.661428,44.658528,TRUE,TRUE,TRUE,FALSE,2G et 3G et 4G,2G-3G-4G,NON,TOA,ENERGIE SOLAIRE,2023,630704,GREENFIELD,null
78,TELMA_AAN140,TSIAFANOKA_OMNI,TELMA,ATSIMO ANDREFANA,TOLIARY II,TSIANISIHA,9.4,-22.871948,43.656814,TRUE,FALSE,TRUE,FALSE,2G et 4G,2G-4G,NON,TOA,ENERGIE SOLAIRE,2023,630923,GREENFIELD,null
79,TELMA_AAN141,ANKASY LODGE,TELMA,ATSIMO ANDREFANA,TOLIARY II,MANOMBO SUD,9.4,-22.752173,43.349467,TRUE,FALSE,TRUE,FALSE,2G et 4G,2G-4G,NON,TOA,ENERGIE SOLAIRE,2023,630914,GREENFIELD,null
80,TELMA_AAN144,FOTIVOLO,TELMA,ATSIMO ANDREFANA,ANKAZOABO SUD,FOTIVOLO,37.4,-22.406731,44.537382,TRUE,TRUE,TRUE,FALSE,2G et 3G et 4G,2G-3G-4G,NON,TOA,ENERGIE SOLAIRE + GE,2023,630204,GREENFIELD,null
81,TELMA_AAN145,VOHITANY_MINI,TELMA,ATSIMO ANDREFANA,AMPANIHY OUEST,VOHITANY,9.4,-24.136648,44.777576,TRUE,FALSE,TRUE,FALSE,2G et 4G,2G-4G,NON,TOA,ENERGIE SOLAIRE,2023,630116,GREENFIELD,null
82,TELMA_AAN146,MIKOBOKA_MINI,TELMA,ATSIMO ANDREFANA,SAKARAHA,MIKOBOKA,9.4,-22.752195,44.063542,TRUE,FALSE,TRUE,FALSE,2G et 4G,2G-4G,NON,TOA,ENERGIE SOLAIRE,2023,630710,GREENFIELD,null
83,TELMA_AAN147,VATOLATSAKA,TELMA,ATSIMO ANDREFANA,BETIOKY SUD,VATOLATSAKA,9.4,-23.316899,44.282687,TRUE,FALSE,TRUE,FALSE,2G et 4G,2G-4G,NON,TOA,ENERGIE SOLAIRE,2023,630527,GREENFIELD,null
84,TELMA_AAN148,VOHIMARY_MINI,TELMA,ATSIMO ANDREFANA,BETIOKY SUD,LAZARIVO,9.4,-23.774194,44.97975,TRUE,FALSE,TRUE,FALSE,2G et 4G,2G-4G,NON,TOA,ENERGIE SOLAIRE,2023,630514,GREENFIELD,null
85,TELMA_AAN153,ANAKAO MINI,TELMA,ATSIMO ANDREFANA,TOLIARY II,ANAKAO,9.4,-23.667864,43.648232,TRUE,FALSE,TRUE,FALSE,2G et 4G,2G-4G,NON,TOA,ENERGIE SOLAIRE,2023,630903,GREENFIELD,null
86,TELMA_AAT001,FARAFANGANA,TELMA,ATSIMO ATSINANANA,FARAFANGANA,FARAFANGANA,48.4,-22.81889,47.8295,TRUE,TRUE,TRUE,FALSE,2G et 3G et 4G,2G-3G-4G,NON,TELMA,JIRAMA + GE,2003,320215,GREENFIELD,null
87,TELMA_AAT002,MIDONGY_ATSIMO,TELMA,ATSIMO ATSINANANA,MIDONGY SUD,NOSIFENO,22.4,-23.59167,47.01483,TRUE,FALSE,TRUE,FALSE,2G et 4G,2G-4G,NON,TELMA,ENERGIE SOLAIRE + GE,2009,320304,GREENFIELD,null
88,TELMA_AAT003,VAINGANDRANO,TELMA,ATSIMO ATSINANANA,VANGAINDRANO,VANGAINDRANO,34.4,-23.35078,47.60525,TRUE,TRUE,TRUE,FALSE,2G et 3G et 4G,2G-3G-4G,NON,TELMA,JIRAMA + GE,2008,320426,GREENFIELD,null
89,TELMA_AAT006,VONDROZO,TELMA,ATSIMO ATSINANANA,VONDROZO,VONDROZO,22.4,-22.82167,47.32011,TRUE,TRUE,TRUE,FALSE,2G et 3G et 4G,2G-3G-4G,NON,TELMA,CHARGE DÉCHARGE + JIRAMA,2012,320516,GREENFIELD,null
90,TELMA_AAT007,BEFOTAKA,TELMA,ATSIMO ATSINANANA,BEFOTAKA ATSIMO,BEFOTAKA SUD,33.4,-23.8236,46.98611,TRUE,FALSE,TRUE,FALSE,2G et 4G,2G-4G,NON,TELMA,CHARGE DÉCHARGE + JIRAMA,2012,320103,GREENFIELD,null
91,TELMA_AAT008,MATANGA,TELMA,ATSIMO ATSINANANA,VANGAINDRANO,MATANGA,37.4,-23.526194444444446,47.56883333333333,TRUE,TRUE,TRUE,FALSE,2G et 3G et 4G,2G-3G-4G,NON,TOA,ENERGIE SOLAIRE + GE,2014,320420,GREENFIELD,null
92,TELMA_AAT009,AMBOHIGOGO,TELMA,ATSIMO ATSINANANA,FARAFANGANA,AMBOHIGOGO,52.4,-22.80892,47.53397,TRUE,TRUE,TRUE,FALSE,2G et 3G et 4G,2G-3G-4G,NON,TOA,ENERGIE SOLAIRE + GE,2014,320204,GREENFIELD,null
93,TELMA_AAT010,LOPARY,TELMA,ATSIMO ATSINANANA,FARAFANGANA,MAHABO MANANIVO,47.4,-23.17717,47.6852,TRUE,TRUE,TRUE,FALSE,2G et 3G et 4G,2G-3G-4G,NON,TOA,ENERGIE SOLAIRE + GE,2015,320220,GREENFIELD,null
94,TELMA_AAT012,KARIANGA,TELMA,ATSIMO ATSINANANA,VONDROZO,MANATO,67.4,-22.4382,47.4782,TRUE,TRUE,TRUE,FALSE,2G et 3G et 4G,2G-3G-4G,NON,TOA,ENERGIE SOLAIRE + GE,2015,320512,GREENFIELD,null
95,TELMA_AAT013,MAHAFASA,TELMA,ATSIMO ATSINANANA,FARAFANGANA,MAHAFASA CENTRE,38.4,-22.67446,47.682,TRUE,TRUE,TRUE,FALSE,2G et 3G et 4G,2G-3G-4G,NON,TOA,ENERGIE SOLAIRE + GE,2015,320221,GREENFIELD,null
96,TELMA_AAT015,VOHIMARY_ATSIMO,TELMA,ATSIMO ATSINANANA,VONDROZO,ANTOKONALA,47.4,-22.95705,47.30364,TRUE,TRUE,TRUE,FALSE,2G et 3G et 4G,2G-3G-4G,NON,TOA,ENERGIE SOLAIRE + GE,2016,320504,GREENFIELD,null
97,TELMA_AAT016,ANILOBE,TELMA,ATSIMO ATSINANANA,VANGAINDRANO,ANILOBE,37.4,-23.19647,47.47867,TRUE,TRUE,TRUE,FALSE,2G et 3G et 4G,2G-3G-4G,NON,TOA,ENERGIE SOLAIRE + GE,2015,320406,GREENFIELD,null
98,TELMA_AAT017,ETROTROKA,TELMA,ATSIMO ATSINANANA,FARAFANGANA,ETROTROKA,47.4,-22.8895,47.57503,TRUE,TRUE,TRUE,FALSE,2G et 3G et 4G,2G-3G-4G,NON,TOA,ENERGIE SOLAIRE,2015,320213,GREENFIELD,null
99,TELMA_AAT018,AMBALAKINININA,TELMA,ATSIMO ATSINANANA,FARAFANGANA,FARAFANGANA,37.4,-22.82422,47.82278,TRUE,TRUE,TRUE,FALSE,2G et 3G et 4G,2G-3G-4G,NON,TOA,JIRAMA + GE,2016,320215,GREENFIELD,null
100,TELMA_AAT026,FARAFA_VOHILAVA,TELMA,ATSIMO ATSINANANA,FARAFANGANA,ANOSIVELO,47.4,-22.74436111111111,47.739666666666665,TRUE,TRUE,TRUE,FALSE,2G et 3G et 4G,2G-3G-4G,NON,TOA,SOLDIÈSE,2016,320208,GREENFIELD,null
101,TELMA_AAT028,MAHATSINJO_SE,TELMA,ATSIMO ATSINANANA,VONDROZO,MAHATSINJO,48.4,-22.79808,47.44183,TRUE,TRUE,TRUE,FALSE,2G et 3G et 4G,2G-3G-4G,NON,TOA,ENERGIE SOLAIRE,2015,320508,GREENFIELD,null
102,TELMA_AAT029,AMPASY_VANGAIND,TELMA,ATSIMO ATSINANANA,VANGAINDRANO,VANGAINDRANO,37.4,-23.355444444444444,47.59791666666667,TRUE,TRUE,TRUE,FALSE,2G et 3G et 4G,2G-3G-4G,NON,TOA,CHARGE DÉCHARGE + JIRAMA,2017,320426,GREENFIELD,null
103,TELMA_AAT033,AMBALATANY,TELMA,ATSIMO ATSINANANA,FARAFANGANA,AMBALATANY,47.4,-22.54611111111111,47.60055555555556,TRUE,TRUE,TRUE,FALSE,2G et 3G et 4G,2G-3G-4G,NON,TOA,ENERGIE SOLAIRE + GE,2018,320201,GREENFIELD,null
104,TELMA_AAT034,EVATO,TELMA,ATSIMO ATSINANANA,FARAFANGANA,EVATO,37.4,-22.61611111111111,47.68638888888889,TRUE,TRUE,TRUE,FALSE,2G et 3G et 4G,2G-3G-4G,NON,TOA,ENERGIE SOLAIRE + GE,2018,320214,GREENFIELD,null
105,TELMA_AAT035,AMPITAFA,TELMA,ATSIMO ATSINANANA,VANGAINDRANO,RANOMENA,37.4,-23.545916666666667,47.3505,TRUE,TRUE,TRUE,FALSE,2G et 3G et 4G,2G-3G-4G,NON,TOA,ENERGIE SOLAIRE + GE,2018,320421,GREENFIELD,null
106,TELMA_AAT036,FARAFANGANA AMBALAFARY,TELMA,ATSIMO ATSINANANA,FARAFANGANA,FARAFANGANA,37.4,-22.8175,47.82416666666666,TRUE,TRUE,TRUE,FALSE,2G et 3G et 4G,2G-3G-4G,NON,TOA,CHARGE DÉCHARGE + JIRAMA,2018,320215,GREENFIELD,null
107,TELMA_AAT037,VANGR_AMPAHATELO,TELMA,ATSIMO ATSINANANA,VANGAINDRANO,VANGAINDRANO,37.4,-23.345,47.60444444444445,TRUE,TRUE,TRUE,FALSE,2G et 3G et 4G,2G-3G-4G,NON,TOA,CHARGE DÉCHARGE + JIRAMA,2018,320426,GREENFIELD,null
108,TELMA_AAT038,MANAMBONDRO,TELMA,ATSIMO ATSINANANA,VANGAINDRANO,MANAMBONDRO,73.4,-23.7973,47.5438,TRUE,TRUE,TRUE,FALSE,2G et 3G et 4G,2G-3G-4G,NON,TOA,SOLDIÈSE,2015,320417,GREENFIELD,null
109,TELMA_AAT039,BEFASY_2,TELMA,ATSIMO ATSINANANA,VANGAINDRANO,SANDRAVINANY,34.4,-24.033,47.4071,TRUE,FALSE,FALSE,FALSE,2G,2G,NON,TELMA,ENERGIE SOLAIRE + GE,2016,320422,GREENFIELD,null
110,TELMA_AAT040,RANOMENA,TELMA,ATSIMO ATSINANANA,VANGAINDRANO,AMBONGO,37.4,-23.43578,47.22883,TRUE,TRUE,TRUE,FALSE,2G et 3G et 4G,2G-3G-4G,NON,TOA,ENERGIE SOLAIRE + GE,2015,320402,GREENFIELD,null
111,TELMA_AAT042,ANKARANA MIRAIHINA,TELMA,ATSIMO ATSINANANA,FARAFANGANA,ANKARANA MIRAIHINA,37.4,-23.08437,47.63015,TRUE,TRUE,TRUE,FALSE,2G et 3G et 4G,2G-3G-4G,NON,TOA,ENERGIE SOLAIRE + GE,2020,320207,GREENFIELD,null
112,TELMA_AAT043,MAHERIRATY,TELMA,ATSIMO ATSINANANA,FARAFANGANA,MAHERIRATY,37.4,-22.761898,47.629926,TRUE,TRUE,TRUE,FALSE,2G et 3G et 4G,2G-3G-4G,NON,TOA,ENERGIE SOLAIRE + GE,2020,320223,GREENFIELD,null
113,TELMA_AAT044,AMBALAVATO ANTEVATO,TELMA,ATSIMO ATSINANANA,FARAFANGANA,AMBALAVATO/ANTEVATO,37.4,-22.970589,47.478223,TRUE,TRUE,TRUE,FALSE,2G et 3G et 4G,2G-3G-4G,NON,TOA,ENERGIE SOLAIRE + GE,2020,320203,GREENFIELD,null
114,TELMA_AAT046,RANOTSARA SUD,TELMA,ATSIMO ATSINANANA,BEFOTAKA ATSIMO,RANOTSARA SUD,37.4,-23.727652,46.623946,TRUE,FALSE,TRUE,FALSE,2G et 4G,2G-4G,NON,TOA,ENERGIE SOLAIRE + GE,2023,320107,GREENFIELD,null
115,TELMA_AAT049,MIDONGY_MOVE,TELMA,ATSIMO ATSINANANA,MIDONGY SUD,NOSIFENO,42.4,-23.597797,47.009792,TRUE,FALSE,TRUE,FALSE,2G et 4G,2G-4G,NON,TOA,ENERGIE SOLAIRE + GE,2023,320304,GREENFIELD,null
116,TELMA_AAT050,NOSIOMBY,TELMA,ATSIMO ATSINANANA,VANGAINDRANO,MASIANAKA,37.4,-23.555209,47.621825,TRUE,TRUE,TRUE,FALSE,2G et 3G et 4G,2G-3G-4G,NON,TOA,ENERGIE SOLAIRE + GE,2023,320419,GREENFIELD,null
117,TELMA_AAT051,ANDRANOLALINA,TELMA,ATSIMO ATSINANANA,MIDONGY SUD,ANDRANOLALINA,12.0,-23.454223,47.00371,TRUE,FALSE,TRUE,FALSE,2G et 4G,2G-4G,NON,TOA,ENERGIE SOLAIRE + GE,2023,320301,GREENFIELD,null
118,TELMA_ALA001,AMBATOZAKA_TVM,TELMA,ALAOTRA MANGORO,AMBATONDRAZAKA,AMBATONDRAZAKA,35.4,-17.83172,48.42333,TRUE,TRUE,TRUE,FALSE,2G et 3G et 4G,2G-3G-4G,NON,ORTM,null,2003,510102,GREENFIELD,null
119,TELMA_ALA002,AMPARAFARAVOLA,TELMA,ALAOTRA MANGORO,AMPARAFARAVOLA,AMPARAFARAVOLA,22.4,-17.58017,48.22736,TRUE,TRUE,TRUE,FALSE,2G et 3G et 4G,2G-3G-4G,NON,TOA,null,2005,510207,GREENFIELD,null
120,TELMA_ALA003,ANDASIBE,TELMA,ALAOTRA MANGORO,MORAMANGA,ANDASIBE,47.4,-18.9205,48.41761,TRUE,TRUE,TRUE,FALSE,2G et 3G et 4G,2G-3G-4G,NON,TELMA,null,2008,510508,GREENFIELD,null
121,TELMA_ALA004,MORAMANGA AFISINANA,TELMA,ALAOTRA MANGORO,MORAMANGA,AMBOHIBARY,49.4,-18.92211,48.24608,TRUE,TRUE,TRUE,FALSE,2G et 3G et 4G,2G-3G-4G,NON,TELMA,null,2007,510503,GREENFIELD,null
122,TELMA_ALA005,TANAMBE,TELMA,ALAOTRA MANGORO,AMPARAFARAVOLA,TANAMBE,47.4,-17.38531,48.45217,TRUE,TRUE,TRUE,FALSE,2G et 3G et 4G,2G-3G-4G,NON,TELMA,null,2008,510218,GREENFIELD,null
123,TELMA_ALA006,MORARANO_CHROME,TELMA,ALAOTRA MANGORO,AMPARAFARAVOLA,MORARANO CHROME,37.4,-17.75928,48.17464,TRUE,TRUE,TRUE,FALSE,2G et 3G et 4G,2G-3G-4G,NON,TOA,null,2008,510215,GREENFIELD,null
124,TELMA_ALA008,IMERIMANDROSO,TELMA,ALAOTRA MANGORO,AMBATONDRAZAKA,IMERIMANDROSO,57.4,-17.42786,48.59261,TRUE,TRUE,TRUE,FALSE,2G et 3G et 4G,2G-3G-4G,NON,TOA,null,2012,510116,GREENFIELD,null
125,TELMA_ALA013,MORAMANGA_TELMA,TELMA,ALAOTRA MANGORO,MORAMANGA,MORAMANGA,39.4,-18.94833,48.23058,TRUE,TRUE,TRUE,FALSE,2G et 3G et 4G,2G-3G-4G,NON,TELMA,null,2007,510518,GREENFIELD,null
126,TELMA_ALA014,ANDILAMENA,TELMA,ALAOTRA MANGORO,ANDILAMENA,ANDILAMENA,37.4,-17.0425,48.54275,TRUE,TRUE,TRUE,FALSE,2G et 3G et 4G,2G-3G-4G,NON,TELMA,null,2009,510301,GREENFIELD,null
127,TELMA_ALA019,AMBATON_TELMA,TELMA,ALAOTRA MANGORO,AMBATONDRAZAKA,AMBATONDRAZAKA,29.4,-17.82872,48.42958,TRUE,TRUE,TRUE,FALSE,2G et 3G et 4G,2G-3G-4G,NON,TOA,null,2008,510102,GREENFIELD,null
128,TELMA_ALA020,MAROZEVO,TELMA,ALAOTRA MANGORO,MORAMANGA,SABOTSY ANJIRO,57.4,-18.93789,47.94283,TRUE,TRUE,TRUE,FALSE,2G et 3G et 4G,2G-3G-4G,NON,TELMA,null,2008,510520,GREENFIELD,null
129,TELMA_ALA021,MAROMIZA,TELMA,ALAOTRA MANGORO,MORAMANGA,ANDASIBE,48.4,-18.95714,48.44742,TRUE,TRUE,TRUE,FALSE,2G et 3G et 4G,2G-3G-4G,NON,TELMA,null,2009,510508,GREENFIELD,null
130,TELMA_ALA022,TANAMBE_COLLINE,TELMA,ALAOTRA MANGORO,AMPARAFARAVOLA,AMBODIMANGA,27.4,-17.35094,48.47294,TRUE,TRUE,TRUE,FALSE,2G et 3G et 4G,2G-3G-4G,NON,TELMA,null,2009,510203,GREENFIELD,null
131,TELMA_ALA023,AMBATOVY SHERITT,TELMA,ALAOTRA MANGORO,MORAMANGA,AMBOHIBARY,49.4,-18.84394,48.3078,TRUE,FALSE,FALSE,FALSE,2G,2G,OUI,SHERRITT,null,2008,510503,GREENFIELD,null
132,TELMA_ALA024,AMBAT_AMBATOAMBO,TELMA,ALAOTRA MANGORO,AMBATONDRAZAKA,AMBATONDRAZAKA,47.4,-17.82011,48.41862,TRUE,TRUE,TRUE,FALSE,2G et 3G et 4G,2G-3G-4G,NON,TELMA,null,2011,510102,GREENFIELD,null
133,TELMA_ALA025,AMPARAFA_CENTRE,TELMA,ALAOTRA MANGORO,AMPARAFARAVOLA,AMPARAFARAVOLA,27.4,-17.58822,48.22467,TRUE,TRUE,TRUE,FALSE,2G et 3G et 4G,2G-3G-4G,NON,TELMA,null,2009,510207,GREENFIELD,null
134,TELMA_ALA027,BEFORONA,TELMA,ALAOTRA MANGORO,MORAMANGA,BEFORONA,37.4,-18.97166,48.58694,TRUE,TRUE,TRUE,FALSE,2G et 3G et 4G,2G-3G-4G,NON,TELMA,null,2011,510512,GREENFIELD,null
135,TELMA_ALA029,ALA_AMBOHIJANAHARY,TELMA,ALAOTRA MANGORO,AMPARAFARAVOLA,AMBOHIJANAHARY,37.4,-17.41009,48.37424,TRUE,TRUE,TRUE,FALSE,2G et 3G et 4G,2G-3G-4G,NON,TOA,null,2012,510204,GREENFIELD,null
136,TELMA_ALA033,MANAKAMBAHINY_ALAOTRA,TELMA,ALAOTRA MANGORO,AMBATONDRAZAKA,MANAKAMBAHINY OUEST,37.4,-17.87001,48.29943,TRUE,TRUE,TRUE,FALSE,2G et 3G et 4G,2G-3G-4G,NON,TOA,null,2013,510118,GREENFIELD,null
137,TELMA_ALA035,AMPARAMANINA,TELMA,ALAOTRA MANGORO,AMPARAFARAVOLA,AMBATOMAINTY,37.4,-17.67114,48.21178,TRUE,TRUE,TRUE,FALSE,2G et 3G et 4G,2G-3G-4G,NON,TOA,null,2012,510201,GREENFIELD,null
138,TELMA_ALA037,AMBOASARY,TELMA,ALAOTRA MANGORO,MORAMANGA,AMBOASARY,47.4,-18.43369,48.28777,TRUE,TRUE,TRUE,FALSE,2G et 3G et 4G,2G-3G-4G,NON,TOA,null,2013,510502,GREENFIELD,null
139,TELMA_ALA038,ANDAINGO,TELMA,ALAOTRA MANGORO,MORAMANGA,ANDAINGO,48.199999999999996,-18.21844,48.29008,TRUE,TRUE,TRUE,FALSE,2G et 3G et 4G,2G-3G-4G,NON,TELMA,null,2013,510507,GREENFIELD,null
140,TELMA_ALA039,ANORORO,TELMA,ALAOTRA MANGORO,AMPARAFARAVOLA,ANORORO,48.199999999999996,-17.5087,48.4293,TRUE,TRUE,TRUE,FALSE,2G et 3G et 4G,2G-3G-4G,NON,TELMA,null,2013,510212,GREENFIELD,null
141,TELMA_ALA040,MANDIALAZA,TELMA,ALAOTRA MANGORO,MORAMANGA,MANDIALAZA,47.4,-18.59264,48.01503,TRUE,TRUE,TRUE,FALSE,2G et 3G et 4G,2G-3G-4G,NON,TOA,null,2013,510517,GREENFIELD,null
142,TELMA_ALA041,MIARINARIVO_ALA,TELMA,ALAOTRA MANGORO,ANDILAMENA,MIARINARIVO,37.4,-16.65486,48.26661,TRUE,FALSE,TRUE,FALSE,2G et 4G,2G-4G,NON,TOA,null,2014,510307,GREENFIELD,null
143,TELMA_ALA042,MORARANO,TELMA,ALAOTRA MANGORO,MORAMANGA,MORARANO GARE,47.4,-18.69586,48.27792,TRUE,TRUE,TRUE,FALSE,2G et 3G et 4G,2G-3G-4G,NON,TOA,null,2014,510519,GREENFIELD,null
144,TELMA_ALA043,SOALAZAINA,TELMA,ALAOTRA MANGORO,AMBATONDRAZAKA,SOALAZAINA,47.4,-17.97628,48.08078,TRUE,TRUE,TRUE,FALSE,2G et 3G et 4G,2G-3G-4G,NON,TOA,null,2013,510119,GREENFIELD,null
145,TELMA_ALA044,ANTANIMENABAKA,TELMA,ALAOTRA MANGORO,ANDILAMENA,ANTANIMENABAKA,47.4,-16.93944,48.49303,TRUE,TRUE,TRUE,FALSE,2G et 3G et 4G,2G-3G-4G,NON,TOA,null,2013,510302,GREENFIELD,null
146,TELMA_ALA050,AMBALABAKO,TELMA,ALAOTRA MANGORO,AMBATONDRAZAKA,ILAFY,37.4,-17.87,48.41725,TRUE,TRUE,TRUE,FALSE,2G et 3G et 4G,2G-3G-4G,NON,TOA,null,2015,510115,GREENFIELD,null
147,TELMA_ALA052,AMBOHIMANGA,TELMA,ALAOTRA MANGORO,AMBATONDRAZAKA,AMBATOSORATRA,37.4,-17.63919,48.52356,TRUE,TRUE,TRUE,FALSE,2G et 3G et 4G,2G-3G-4G,NON,TOA,null,2014,510104,GREENFIELD,null
148,TELMA_ALA053,SAHAMAMY,TELMA,ALAOTRA MANGORO,AMPARAFARAVOLA,SAHAMAMY,37.4,-17.51311,48.31192,TRUE,TRUE,TRUE,FALSE,2G et 3G et 4G,2G-3G-4G,NON,TOA,null,2014,510217,GREENFIELD,null
149,TELMA_ALA055,ANDILANATOBY,TELMA,ALAOTRA MANGORO,AMBATONDRAZAKA,ANDILANATOBY,37.4,-17.93844,48.21886,TRUE,TRUE,TRUE,FALSE,2G et 3G et 4G,2G-3G-4G,NON,TOA,null,2014,510108,GREENFIELD,null
150,TELMA_ALA056,AMPARIHIVOLA,TELMA,ALAOTRA MANGORO,MORAMANGA,FIERENANA,37.4,-18.47425,48.42392,TRUE,TRUE,TRUE,FALSE,2G et 3G et 4G,2G-3G-4G,NON,TOA,null,2014,510515,GREENFIELD,null
151,TELMA_ALA057,ANOSIBE_ANALA,TELMA,ALAOTRA MANGORO,ANOSIBE AN ALA,ANOSIBE AN'ALA,27.4,-19.445631,48.195107,TRUE,TRUE,TRUE,FALSE,2G et 3G et 4G,2G-3G-4G,NON,TELMA,null,2008,510405,GREENFIELD,null
152,TELMA_ALA058,DIDY,TELMA,ALAOTRA MANGORO,AMBATONDRAZAKA,DIDY,37.4,-18.109953,48.50425,TRUE,FALSE,TRUE,FALSE,2G et 4G,2G-4G,NON,TOA,null,2018,510113,GREENFIELD,null
153,TELMA_ALA060,MRMG_ANTSARAFS,TELMA,ALAOTRA MANGORO,MORAMANGA,MORAMANGA,37.4,-18.93935,48.22535,TRUE,TRUE,TRUE,FALSE,2G et 3G et 4G,2G-3G-4G,NON,TOA,null,2016,510518,GREENFIELD,null
154,TELMA_ALA061,AMBT_MADIOTSFFN,TELMA,ALAOTRA MANGORO,AMBATONDRAZAKA,AMBATONDRAZAKA,37.4,-17.8235,48.4245,TRUE,TRUE,TRUE,FALSE,2G et 3G et 4G,2G-3G-4G,NON,TOA,null,2016,510102,GREENFIELD,null
155,TELMA_ALA064,LONGOZABE,TELMA,ALAOTRA MANGORO,ANOSIBE AN ALA,LONGOZABE,37.4,-19.763638888888888,48.25219444444444,TRUE,TRUE,TRUE,FALSE,2G et 3G et 4G,2G-3G-4G,NON,TOA,null,2016,510407,GREENFIELD,null
156,TELMA_ALA068,AMBODIHAZOVELO,TELMA,ALAOTRA MANGORO,ANOSIBE AN ALA,TSARAVINANY,47.4,-19.53713888888889,48.028416666666665,TRUE,TRUE,TRUE,FALSE,2G et 3G et 4G,2G-3G-4G,NON,TOA,null,2016,510410,GREENFIELD,null
157,TELMA_ALA074,AMBONGABE,TELMA,ALAOTRA MANGORO,AMBATONDRAZAKA,AMBOHITSILAOZANA,37.4,-17.753611111111113,48.456583333333334,TRUE,TRUE,TRUE,FALSE,2G et 3G et 4G,2G-3G-4G,NON,TOA,null,2018,510105,GREENFIELD,null
158,TELMA_ALA076,ANJIRO_2,TELMA,ALAOTRA MANGORO,MORAMANGA,SABOTSY ANJIRO,37.4,-18.87511111111111,47.98336111111111,TRUE,TRUE,TRUE,FALSE,2G et 3G et 4G,2G-3G-4G,NON,TOA,null,2017,510520,GREENFIELD,null
159,TELMA_ALA077,AMBATONDRAZAKA-3,TELMA,ALAOTRA MANGORO,AMBATONDRAZAKA,AMBATONDRAZAKA,37.4,-17.82272222222222,48.431222222222225,TRUE,TRUE,TRUE,FALSE,2G et 3G et 4G,2G-3G-4G,NON,TOA,null,2018,510102,GREENFIELD,null
160,TELMA_ALA080,AMBOAVORY,TELMA,ALAOTRA MANGORO,AMPARAFARAVOLA,ANDILANA NORD,47.4,-17.3135,48.53791666666667,TRUE,TRUE,TRUE,FALSE,2G et 3G et 4G,2G-3G-4G,NON,TOA,null,2016,510209,GREENFIELD,null
161,TELMA_ALA081,MORAMA_MAROVOAY,TELMA,ALAOTRA MANGORO,MORAMANGA,AMBOHIBARY,37.4,-18.80463888888889,48.24436111111111,TRUE,TRUE,TRUE,FALSE,2G et 3G et 4G,2G-3G-4G,NON,TOA,null,2016,510503,GREENFIELD,null
162,TELMA_ALA083,ANDILAMENA DENSIF,TELMA,ALAOTRA MANGORO,ANDILAMENA,ANDILAMENA,37.4,-17.01186,48.573,TRUE,TRUE,TRUE,FALSE,2G et 3G et 4G,2G-3G-4G,NON,TOA,null,2016,510301,GREENFIELD,null
163,TELMA_ALA084,BEJOFO,TELMA,ALAOTRA MANGORO,AMBATONDRAZAKA,BEJOFO,37.4,-17.869305555555556,48.18711111111111,TRUE,TRUE,TRUE,FALSE,2G et 3G et 4G,2G-3G-4G,NON,TOA,null,2018,510112,GREENFIELD,null
164,TELMA_ALA085,AMBOROPOTSY_ALAOTRA,TELMA,ALAOTRA MANGORO,AMPARAFARAVOLA,TANAMBE,37.4,-17.424944444444446,48.464333333333336,TRUE,TRUE,TRUE,FALSE,2G et 3G et 4G,2G-3G-4G,NON,TOA,null,2018,510218,GREENFIELD,null
165,TELMA_ALA086,AMBATONDRAZAKA-4,TELMA,ALAOTRA MANGORO,AMBATONDRAZAKA,AMBATONDRAZAKA,37.4,-17.838333333333335,48.42355555555555,TRUE,TRUE,TRUE,FALSE,2G et 3G et 4G,2G-3G-4G,NON,TOA,null,2018,510102,GREENFIELD,null
166,TELMA_ALA087,AMPARAMANINA_AMPASIKELY,TELMA,ALAOTRA MANGORO,AMPARAFARAVOLA,AMPASIKELY,37.4,-17.643194444444443,48.17005555555556,TRUE,TRUE,TRUE,FALSE,2G et 3G et 4G,2G-3G-4G,NON,TOA,null,2018,510208,GREENFIELD,null
167,TELMA_ALA088,ANDAINGO_AMBOHIMENA,TELMA,ALAOTRA MANGORO,MORAMANGA,ANDAINGO,47.4,-18.144305555555555,48.285833333333336,TRUE,TRUE,TRUE,FALSE,2G et 3G et 4G,2G-3G-4G,NON,TOA,null,2018,510507,GREENFIELD,null
168,TELMA_ALA089,FANALAMANGA,TELMA,ALAOTRA MANGORO,MORAMANGA,AMBOHIBARY,37.4,-18.896194444444443,48.14736111111111,TRUE,TRUE,TRUE,FALSE,2G et 3G et 4G,2G-3G-4G,NON,TOA,null,2018,510503,GREENFIELD,null
169,TELMA_ALA090,MOR_ANTMANDROSO,TELMA,ALAOTRA MANGORO,MORAMANGA,MORAMANGA,37.4,-18.958305555555555,48.22666666666667,TRUE,TRUE,TRUE,FALSE,2G et 3G et 4G,2G-3G-4G,NON,TOA,null,2017,510518,GREENFIELD,null
170,TELMA_ALA091,MORAMANGA CAMP,TELMA,ALAOTRA MANGORO,MORAMANGA,MORAMANGA,37.4,-18.943236111111112,48.21915,TRUE,TRUE,TRUE,FALSE,2G et 3G et 4G,2G-3G-4G,NON,TOA,null,2018,510518,GREENFIELD,null
171,TELMA_ALA092,MAHTSNJ_ALAOTRA,TELMA,ALAOTRA MANGORO,AMPARAFARAVOLA,MORARANO CHROME,37.4,-17.785694444444445,48.16641666666667,TRUE,TRUE,TRUE,FALSE,2G et 3G et 4G,2G-3G-4G,NON,TOA,null,2017,510215,GREENFIELD,null
172,TELMA_ALA099,ANDRANOMENA,TELMA,ALAOTRA MANGORO,AMBATONDRAZAKA,AMBATOSORATRA,37.4,-17.530583333333333,48.541777777777774,TRUE,TRUE,TRUE,FALSE,2G et 3G et 4G,2G-3G-4G,NON,TOA,null,2018,510104,GREENFIELD,null
173,TELMA_ALA100,MOR_AMBOHITRANJAVIDY,TELMA,ALAOTRA MANGORO,MORAMANGA,MORAMANGA,37.4,-18.92297222222222,48.23436111111111,TRUE,TRUE,TRUE,FALSE,2G et 3G et 4G,2G-3G-4G,NON,TOA,null,2018,510518,GREENFIELD,null
174,TELMA_ALA101,MORAMANGA AMBONY,TELMA,ALAOTRA MANGORO,MORAMANGA,MORAMANGA,27.4,-18.948944444444443,48.23913888888889,TRUE,TRUE,TRUE,FALSE,2G et 3G et 4G,2G-3G-4G,NON,TOA,null,2018,510518,GREENFIELD,null
175,TELMA_ALA102,AMBATO102,TELMA,ALAOTRA MANGORO,AMBATONDRAZAKA,FERAMANGA NORD,37.4,-17.810333333333332,48.42191666666667,TRUE,TRUE,TRUE,FALSE,2G et 3G et 4G,2G-3G-4G,NON,TOA,null,2018,510114,GREENFIELD,null
176,TELMA_ALA103,AMBATO AVARADROVA,TELMA,ALAOTRA MANGORO,AMBATONDRAZAKA,AMBATONDRAZAKA,37.4,-17.825972222222223,48.43091666666667,TRUE,TRUE,TRUE,FALSE,2G et 3G et 4G,2G-3G-4G,NON,TOA,null,2018,510102,GREENFIELD,null
177,TELMA_ALA105,BEDIDY,TELMA,ALAOTRA MANGORO,AMPARAFARAVOLA,BEDIDY,37.4,-17.4325,48.00911111111111,TRUE,TRUE,TRUE,FALSE,2G et 3G et 4G,2G-3G-4G,NON,TOA,null,2018,510214,GREENFIELD,null
178,TELMA_ALA108,AMBALAHONONA,TELMA,ALAOTRA MANGORO,MORAMANGA,MANGARIVOTRA (EX  BEPARASY),37.4,-19.18261,48.00122,TRUE,TRUE,TRUE,FALSE,2G et 3G et 4G,2G-3G-4G,NON,TOA,null,2015,510514,GREENFIELD,null
179,TELMA_ALA110,LAKATO,TELMA,ALAOTRA MANGORO,MORAMANGA,LAKATO,37.4,-19.1587861111111,48.4229861111111,TRUE,FALSE,TRUE,FALSE,2G et 4G,2G-4G,NON,TOA,null,2019,510516,GREENFIELD,null
180,TELMA_ALA111,TANANDAVA,TELMA,ALAOTRA MANGORO,AMBATONDRAZAKA,ANTANANDAVA,37.4,-17.4499416666667,48.6865916666667,TRUE,TRUE,TRUE,FALSE,2G et 3G et 4G,2G-3G-4G,NON,TOA,null,2019,510110,GREENFIELD,null
181,TELMA_ALA112,AMBATOSONEGALY,TELMA,ALAOTRA MANGORO,MORAMANGA,AMBATOVOLA,37.4,-18.9515055555556,48.5055944444444,TRUE,TRUE,TRUE,FALSE,2G et 3G et 4G,2G-3G-4G,NON,TOA,null,2019,510501,GREENFIELD,null
182,TELMA_ALA113,MANAKAMBAHINY ATSINANANA,TELMA,ALAOTRA MANGORO,AMBATONDRAZAKA,MANAKAMBAHINY EST,37.4,-17.7693583333333,48.6568861111111,TRUE,FALSE,TRUE,FALSE,2G et 4G,2G-4G,NON,TOA,null,2020,510117,GREENFIELD,null
183,TELMA_ALA114,ANTANANDAVA,TELMA,ALAOTRA MANGORO,MORAMANGA,ANTANANDAVA,37.4,-19.110675,47.94327222,TRUE,TRUE,TRUE,FALSE,2G et 3G et 4G,2G-3G-4G,NON,TOA,null,2020,510510,GREENFIELD,null
184,TELMA_ALA115,ANTANDROKOMBY,TELMA,ALAOTRA MANGORO,ANOSIBE AN ALA,ANTANDROKOMBY,47.4,-19.639675,48.0224,TRUE,TRUE,TRUE,FALSE,2G et 3G et 4G,2G-3G-4G,NON,TOA,null,2020,510406,GREENFIELD,null
185,TELMA_ALA116,VODIRIANA,TELMA,ALAOTRA MANGORO,MORAMANGA,VODIRIANA,37.4,-18.97889722,48.0587,TRUE,TRUE,TRUE,FALSE,2G et 3G et 4G,2G-3G-4G,NON,TOA,null,2020,510521,GREENFIELD,null
186,TELMA_ALA117,AMBOHIDRANORO,TELMA,ALAOTRA MANGORO,MORAMANGA,AMBOHIDRONONO,37.4,-18.762062,48.000774,TRUE,TRUE,TRUE,FALSE,2G et 3G et 4G,2G-3G-4G,NON,TOA,null,2020,510504,GREENFIELD,null
187,TELMA_ALA118,AMPASIPOTSY GARA,TELMA,ALAOTRA MANGORO,MORAMANGA,AMPASIPOTSY GARE,37.4,-18.976369,48.315297,TRUE,TRUE,TRUE,FALSE,2G et 3G et 4G,2G-3G-4G,NON,TOA,null,2020,510505,GREENFIELD,null
188,TELMA_ALA119,TANANA AMBANY,TELMA,ALAOTRA MANGORO,MORAMANGA,AMBOASARY,37.4,-18.383392,48.1322,TRUE,TRUE,TRUE,FALSE,2G et 3G et 4G,2G-3G-4G,NON,TOA,null,2021,510502,GREENFIELD,null
189,TELMA_ALA120,MANAKAMBAHINY CENTRE,TELMA,ALAOTRA MANGORO,AMBATONDRAZAKA,MANAKAMBAHINY OUEST,37.4,-17.859003,48.295453,TRUE,TRUE,TRUE,FALSE,2G et 3G et 4G,2G-3G-4G,NON,TOA,null,2020,510118,GREENFIELD,null
190,TELMA_ALA121,TANAMBE 2,TELMA,ALAOTRA MANGORO,AMPARAFARAVOLA,TANAMBE,37.4,-17.387758,48.44674,TRUE,TRUE,TRUE,FALSE,2G et 3G et 4G,2G-3G-4G,NON,TOA,null,2021,510218,GREENFIELD,null
191,TELMA_ALA122,VOHIMENA,TELMA,ALAOTRA MANGORO,AMPARAFARAVOLA,VOHIMENA,37.4,-17.345667,48.654081,TRUE,TRUE,TRUE,FALSE,2G et 3G et 4G,2G-3G-4G,NON,TOA,null,2021,510219,GREENFIELD,null
192,TELMA_ALA123,AMBONDROALA,TELMA,ALAOTRA MANGORO,AMPARAFARAVOLA,SAHAMAMY,37.4,-17.469236,48.241622,TRUE,TRUE,TRUE,FALSE,2G et 3G et 4G,2G-3G-4G,NON,TOA,null,2020,510217,GREENFIELD,null
193,TELMA_ALA124,ANTOKAZO,TELMA,ALAOTRA MANGORO,AMBATONDRAZAKA,MANAKAMBAHINY EST,47.4,-17.671767,48.57171,TRUE,TRUE,TRUE,FALSE,2G et 3G et 4G,2G-3G-4G,NON,TOA,null,2021,510117,GREENFIELD,null
194,TELMA_ALA125,ANTANIMAFY,TELMA,ALAOTRA MANGORO,AMPARAFARAVOLA,MORARANO CHROME,37.4,-17.741002,48.017864,TRUE,TRUE,TRUE,FALSE,2G et 3G et 4G,2G-3G-4G,NON,TOA,null,2021,510215,GREENFIELD,null
195,TELMA_ALA126,SAHAFARY,TELMA,ALAOTRA MANGORO,AMPARAFARAVOLA,ANDREBAKELY NORD,37.4,-17.325706,48.749029,TRUE,TRUE,TRUE,FALSE,2G et 3G et 4G,2G-3G-4G,NON,TOA,null,2021,510211,GREENFIELD,null
196,TELMA_ALA128,AMPASIMANEVA,TELMA,ALAOTRA MANGORO,ANOSIBE AN ALA,AMPASIMANEVA,37.4,-19.400933,48.043697,TRUE,TRUE,TRUE,FALSE,2G et 3G et 4G,2G-3G-4G,NON,TOA,null,2022,510404,GREENFIELD,null
197,TELMA_ALA129,AMBATOVOLA,TELMA,ALAOTRA MANGORO,MORAMANGA,AMBATOVOLA,37.4,-18.868332,48.57684,TRUE,TRUE,TRUE,FALSE,2G et 3G et 4G,2G-3G-4G,NON,TOA,null,2022,510501,GREENFIELD,null
198,TELMA_ALA131,AMBOHITSILAOZANA,TELMA,ALAOTRA MANGORO,AMBATONDRAZAKA,AMBOHITSILAOZANA,37.4,-17.696764,48.466272,TRUE,TRUE,TRUE,FALSE,2G et 3G et 4G,2G-3G-4G,NON,TOA,null,2022,510105,GREENFIELD,null
199,TELMA_ALA132,BELAVABARY,TELMA,ALAOTRA MANGORO,MORAMANGA,BELAVABARY,37.4,-18.83577,48.02797,TRUE,TRUE,TRUE,FALSE,2G et 3G et 4G,2G-3G-4G,NON,TOA,null,2022,510513,GREENFIELD,null
200,TELMA_ALA133,SAHAVOLO,TELMA,ALAOTRA MANGORO,ANDILAMENA,ANDILAMENA,37.4,-17.027559,48.646526,TRUE,TRUE,TRUE,FALSE,2G et 3G et 4G,2G-3G-4G,NON,TOA,null,2022,510301,GREENFIELD,null
201,TELMA_ALA134,AMPONDRABE,TELMA,ALAOTRA MANGORO,ANDILAMENA,MIARINARIVO,9.4,-16.559722222222224,48.20055555555555,TRUE,FALSE,TRUE,FALSE,2G et 4G,2G-4G,NON,TOA,ENERGIE SOLAIRE,2023,510307,GREENFIELD,null
202,TELMA_ALA135,BEMAHIA,TELMA,ALAOTRA MANGORO,AMPARAFARAVOLA,AMBOAVORY,9.4,-17.251666666666665,48.39277777777778,TRUE,FALSE,TRUE,FALSE,2G et 4G,2G-4G,NON,TOA,ENERGIE SOLAIRE,2023,510202,GREENFIELD,null
203,TELMA_ALA136,MAINTSOHELY,TELMA,ALAOTRA MANGORO,ANDILAMENA,MAITSOKELY,37.4,-16.388067,48.171668,TRUE,FALSE,TRUE,FALSE,2G et 4G,2G-4G,NON,TOA,ENERGIE SOLAIRE + GE,2023,510304,GREENFIELD,null
204,TELMA_ALA138,MAROADABO,TELMA,ALAOTRA MANGORO,ANDILAMENA,MAROADABO,9.4,-16.63722222222222,48.378055555555555,TRUE,FALSE,TRUE,FALSE,2G et 4G,2G-4G,NON,TOA,ENERGIE SOLAIRE,2023,510305,GREENFIELD,null
205,TELMA_ALA139,TANANANIFOLOLAHY,TELMA,ALAOTRA MANGORO,ANDILAMENA,TANANANIFOLOLAHY,9.4,-16.768333333333334,48.37277777777778,TRUE,FALSE,TRUE,FALSE,2G et 4G,2G-4G,NON,TOA,ENERGIE SOLAIRE,2023,510308,GREENFIELD,null
206,TELMA_ALA140,BEMAITSO_OMNI,TELMA,ALAOTRA MANGORO,ANDILAMENA,BEMAITSO,9.4,-17.03473,48.519087,TRUE,FALSE,TRUE,FALSE,2G et 4G,2G-4G,NON,TOA,ENERGIE SOLAIRE,2023,510303,GREENFIELD,null
207,TELMA_AMO001,AMBOSITRA,TELMA,AMORON'I MANIA,AMBOSITRA,ANKAZOAMBO,79.4,-20.55361,47.27444,TRUE,TRUE,TRUE,FALSE,2G et 3G et 4G,2G-3G-4G,NON,TELMA,null,2007,310210,GREENFIELD,null
208,TELMA_AMO002,FANDRIANA,TELMA,AMORON'I MANIA,FANDRIANA,FANDRIANA,27.4,-20.23653,47.37633,TRUE,TRUE,TRUE,FALSE,2G et 3G et 4G,2G-3G-4G,NON,TELMA,null,2008,310304,GREENFIELD,null
209,TELMA_AMO004,AMBALAMANAKANA,TELMA,AMORON'I MANIA,AMBOSITRA,AMBATOFITORAHANA,59.4,-20.79627,47.17811,TRUE,TRUE,TRUE,FALSE,2G et 3G et 4G,2G-3G-4G,NON,TELMA,null,2009,310203,GREENFIELD,null
210,TELMA_AMO005,AMBS_TAMPONIVNN,TELMA,AMORON'I MANIA,AMBOSITRA,AMBOSITRA,23.4,-20.53333,47.24422,TRUE,TRUE,TRUE,FALSE,2G et 3G et 4G,2G-3G-4G,NON,TELMA,null,2008,310207,GREENFIELD,null
211,TELMA_AMO006,AMBATOFINANDRAHANA,TELMA,AMORON'I MANIA,AMBATOFINANDRAHANA,AMBATOFINANDRAHANA,22.4,-20.55622,46.79872,TRUE,FALSE,FALSE,FALSE,2G,2G,NON,TELMA,null,2009,310101,GREENFIELD,null
212,TELMA_AMO007,MANANDRIANA,TELMA,AMORON'I MANIA,MANANDRIANA,AMBOVOMBE CENTRE,37.4,-20.80003,47.06778,TRUE,TRUE,TRUE,FALSE,2G et 3G et 4G,2G-3G-4G,NON,TELMA,null,2008,310405,GREENFIELD,null
213,TELMA_AMO008,TSARASAOTRA,TELMA,AMORON'I MANIA,AMBOSITRA,TSARASAOTRA,27.4,-20.4565,47.21064,TRUE,TRUE,TRUE,FALSE,2G et 3G et 4G,2G-3G-4G,NON,TELMA,null,2008,310222,GREENFIELD,null
214,TELMA_AMO009,IVATOAMBOSITRA,TELMA,AMORON'I MANIA,AMBOSITRA,IVATO CENTRE,27.4,-20.61211,47.17547,TRUE,TRUE,TRUE,FALSE,2G et 3G et 4G,2G-3G-4G,NON,TELMA,null,2008,310216,GREENFIELD,null
215,TELMA_AMO016,MADROSONORO,TELMA,AMORON'I MANIA,AMBATOFINANDRAHANA,MANDROSONORO,38.1,-20.5845917,45.9949388888888,TRUE,FALSE,TRUE,FALSE,2G et 4G,2G-4G,NON,TELMA,null,2012,310107,GREENFIELD,null
216,TELMA_AMO017,MANGATABOAHANGY,TELMA,AMORON'I MANIA,AMBATOFINANDRAHANA,MANGATABOAHANGY,38.1,-20.24239,46.18814,TRUE,FALSE,TRUE,FALSE,2G et 4G,2G-4G,NON,TELMA,null,2012,310108,GREENFIELD,null
217,TELMA_AMO018,AMBATOMIFANONGO,TELMA,AMORON'I MANIA,AMBATOFINANDRAHANA,AMBATOMIFANONGOA,37.4,-20.25367,46.89674,TRUE,TRUE,TRUE,FALSE,2G et 3G et 4G,2G-3G-4G,NON,TOA,null,2013,310102,GREENFIELD,null
218,TELMA_AMO019,SOAVINA,TELMA,AMORON'I MANIA,AMBATOFINANDRAHANA,AMBONDROMISOTRA,37.4,-20.36316,46.90345,TRUE,TRUE,TRUE,FALSE,2G et 3G et 4G,2G-3G-4G,NON,TOA,null,2013,310103,GREENFIELD,null
219,TELMA_AMO020,MIARINAVARATRA,TELMA,AMORON'I MANIA,FANDRIANA,MIARINAVARATRA,47.4,-20.23508,47.48243,TRUE,TRUE,TRUE,FALSE,2G et 3G et 4G,2G-3G-4G,NON,TOA,null,2014,310308,GREENFIELD,null
220,TELMA_AMO021,SANDRANDAHY,TELMA,AMORON'I MANIA,FANDRIANA,SANDRANDAHY,47.4,-20.3727944,47.2771166666666,TRUE,TRUE,TRUE,FALSE,2G et 3G et 4G,2G-3G-4G,NON,TOA,null,2014,310311,GREENFIELD,null
221,TELMA_AMO022,AMBOHIMITOMBO I,TELMA,AMORON'I MANIA,AMBOSITRA,AMBOHIMITOMBO I,37.4,-20.74286,47.4425,TRUE,TRUE,TRUE,FALSE,2G et 3G et 4G,2G-3G-4G,NON,TOA,null,2015,310205,GREENFIELD,null
222,TELMA_AMO024,IMERINIMADY,TELMA,AMORON'I MANIA,AMBOSITRA,IMERINA IMADY,38.0,-20.52189,47.3175,TRUE,TRUE,TRUE,FALSE,2G et 3G et 4G,2G-3G-4G,NON,TELMA,null,2015,310215,GREENFIELD,null
223,TELMA_AMO025,AMBOROMPOTSY,TELMA,AMORON'I MANIA,AMBATOFINANDRAHANA,AMBOROMPOTSY,37.4,-20.5893778,46.2657083333333,TRUE,FALSE,TRUE,FALSE,2G et 4G,2G-4G,NON,TOA,null,2013,310104,GREENFIELD,null
224,TELMA_AMO026,AMBATOMARINA,TELMA,AMORON'I MANIA,MANANDRIANA,AMBATOMARINA,37.4,-20.65408,47.02044,TRUE,TRUE,TRUE,FALSE,2G et 3G et 4G,2G-3G-4G,NON,TOA,null,2015,310401,GREENFIELD,null
225,TELMA_AMO027,KIANJANDRAKEFINA,TELMA,AMORON'I MANIA,AMBOSITRA,ALAKAMISY AMBOHIJATO,37.4,-20.601,47.32889,TRUE,TRUE,TRUE,FALSE,2G et 3G et 4G,2G-3G-4G,NON,TOA,null,2015,310201,GREENFIELD,null
226,TELMA_AMO028,TSARAZAZA,TELMA,AMORON'I MANIA,FANDRIANA,TSARAZAZA,37.4,-20.20189,47.33636,TRUE,TRUE,TRUE,FALSE,2G et 3G et 4G,2G-3G-4G,NON,TOA,null,2015,310313,GREENFIELD,null
227,TELMA_AMO029,AMBINANINDRANO2,TELMA,AMORON'I MANIA,AMBOSITRA,AMBINANINDRANO,36.4,-20.69214,47.55511,TRUE,TRUE,TRUE,FALSE,2G et 3G et 4G,2G-3G-4G,NON,TOA,null,2015,310204,GREENFIELD,null
228,TELMA_AMO030,AMBS_AMBOPIAREN,TELMA,AMORON'I MANIA,AMBOSITRA,AMBOSITRA,37.4,-20.54033,47.24389,TRUE,TRUE,TRUE,FALSE,2G et 3G et 4G,2G-3G-4G,NON,TOA,null,2016,310207,GREENFIELD,null
229,TELMA_AMO031,AMBS_AMBOMAHTSR,TELMA,AMORON'I MANIA,AMBOSITRA,AMBOSITRA,37.4,-20.51735,47.25056,TRUE,TRUE,TRUE,FALSE,2G et 3G et 4G,2G-3G-4G,NON,TOA,null,2016,310207,GREENFIELD,null
230,TELMA_AMO035,FENOAR_VOHIMENA,TELMA,AMORON'I MANIA,AMBATOFINANDRAHANA,FENOARIVO,37.4,-20.849444444444444,46.916333333333334,TRUE,TRUE,TRUE,FALSE,2G et 3G et 4G,2G-3G-4G,NON,TOA,null,2016,310105,GREENFIELD,null
231,TELMA_AMO036,AMBS_TANAMAHALANA,TELMA,AMORON'I MANIA,AMBOSITRA,AMBOSITRA,37.4,-20.541416666666667,47.254583333333336,TRUE,TRUE,TRUE,FALSE,2G et 3G et 4G,2G-3G-4G,NON,TOA,null,2018,310207,GREENFIELD,null
232,TELMA_AMO041,FIADANANA AMO,TELMA,AMORON'I MANIA,FANDRIANA,FIADANANA,37.4,-20.326,47.39372222222222,TRUE,TRUE,TRUE,FALSE,2G et 3G et 4G,2G-3G-4G,NON,TOA,null,2018,310305,GREENFIELD,null
233,TELMA_AMO042,ALAKAMISY AMBOHIMAHAZO,TELMA,AMORON'I MANIA,FANDRIANA,ALAKAMISY AMBOHIMAHAZO,37.4,-20.457722222222223,47.36566666666667,TRUE,TRUE,TRUE,FALSE,2G et 3G et 4G,2G-3G-4G,NON,TOA,null,2018,310301,GREENFIELD,null
234,TELMA_AMO043,AMBS_AMBOHIBARY,TELMA,AMORON'I MANIA,AMBOSITRA,AMBOSITRA,27.4,-20.527305555555557,47.243611111111115,TRUE,TRUE,TRUE,FALSE,2G et 3G et 4G,2G-3G-4G,NON,TOA,null,2018,310207,GREENFIELD,null
235,TELMA_AMO044,AMBOHIMANJAKA,TELMA,AMORON'I MANIA,AMBOSITRA,ILAKA CENTRE,17.9,-20.2558,47.08972,TRUE,TRUE,TRUE,FALSE,2G et 3G et 4G,2G-3G-4G,NON,TELMA,null,2008,310214,GREENFIELD,null
236,TELMA_AMO045,ILAKA CENTRE,TELMA,AMORON'I MANIA,AMBOSITRA,MAHAZINA AMBOHIPIERENANA,37.4,-20.343975,47.1253861111111,TRUE,TRUE,TRUE,FALSE,2G et 3G et 4G,2G-3G-4G,NON,TOA,null,2019,310219,GREENFIELD,null
237,TELMA_AMO047,AMBATOFANGEHANA,TELMA,AMORON'I MANIA,MANANDRIANA,ANDAKATANY,37.4,-20.5023055555556,47.017875,TRUE,TRUE,TRUE,FALSE,2G et 3G et 4G,2G-3G-4G,NON,TOA,null,2019,310406,GREENFIELD,null
238,TELMA_AMO048,FANDRIANA_DENSIF,TELMA,AMORON'I MANIA,FANDRIANA,FANDRIANA,37.4,-20.243843,47.391989,TRUE,TRUE,TRUE,FALSE,2G et 3G et 4G,2G-3G-4G,NON,TOA,null,2019,310304,GREENFIELD,null
239,TELMA_AMO049,ANDINA,TELMA,AMORON'I MANIA,AMBOSITRA,ANDINA,37.4,-20.523325,47.172108,TRUE,TRUE,TRUE,FALSE,2G et 3G et 4G,2G-3G-4G,NON,TOA,null,2019,310209,GREENFIELD,null
240,TELMA_AMO050,AMBALAMONTANA,TELMA,AMORON'I MANIA,AMBATOFINANDRAHANA,MANDROSONORO,37.4,-20.6505611111111,46.1166583333333,TRUE,FALSE,TRUE,FALSE,2G et 4G,2G-4G,NON,TOA,null,2019,310107,GREENFIELD,null
241,TELMA_AMO051,ANKAFINA TSARAFIDY,TELMA,MATSIATRA AMBONY,AMBOHIMAHASOA,ANKAFINA TSARAFIDY,37.4,-21.212436,47.251514,TRUE,TRUE,TRUE,FALSE,2G et 3G et 4G,2G-3G-4G,NON,TOA,null,2020,330206,GREENFIELD,null
242,TELMA_AMO052,TANJONA,TELMA,AMORON'I MANIA,AMBOSITRA,TSARASAOTRA,37.4,-20.469528,47.257736,TRUE,TRUE,TRUE,FALSE,2G et 3G et 4G,2G-3G-4G,NON,TOA,null,2020,310222,GREENFIELD,null
243,TELMA_AMO054,MANANDRIANA COLLINE,TELMA,AMORON'I MANIA,MANANDRIANA,AMBOVOMBE CENTRE,37.4,-20.77087,47.10652,TRUE,TRUE,TRUE,FALSE,2G et 3G et 4G,2G-3G-4G,NON,TOA,null,2020,310405,GREENFIELD,null
244,TELMA_AMO055,AMBOSITRA4,TELMA,AMORON'I MANIA,AMBOSITRA,AMBOSITRA,37.4,-20.531258,47.231902,TRUE,TRUE,TRUE,FALSE,2G et 3G et 4G,2G-3G-4G,NON,TOA,null,2020,310207,GREENFIELD,null
245,TELMA_AMO056,ALAKAMISY AMBOHIJATO,TELMA,AMORON'I MANIA,AMBOSITRA,MAROSOA,37.4,-20.561914,47.381258,TRUE,TRUE,TRUE,FALSE,2G et 3G et 4G,2G-3G-4G,NON,TOA,null,2020,310220,GREENFIELD,null
246,TELMA_AMO057,MAROHARATRA PICOM,TELMA,VATOVAVY,IFANADIANA,MAROHARATRA,56.4,-20.72375,47.783667,TRUE,TRUE,TRUE,FALSE,2G et 3G et 4G,2G-3G-4G,NON,TOA,null,2022,360110,GREENFIELD,null
247,TELMA_AMO058,KIANJANOMBY,TELMA,AMORON'I MANIA,AMBOSITRA,AMBINANINDRANO,37.4,-20.629812,47.542749,TRUE,TRUE,TRUE,FALSE,2G et 3G et 4G,2G-3G-4G,NON,TOA,null,2020,310204,GREENFIELD,null
248,TELMA_AMO061,AMBALATANY,TELMA,AMORON'I MANIA,FANDRIANA,SANDRANDAHY,37.4,-20.306958,47.289693,TRUE,TRUE,TRUE,FALSE,2G et 3G et 4G,2G-3G-4G,NON,TOA,null,2021,310311,GREENFIELD,null
249,TELMA_AMO062,AMBODIVOLAMENA,TELMA,AMORON'I MANIA,AMBOSITRA,IVATO CENTRE,37.4,-20.672129,47.312586,TRUE,TRUE,TRUE,FALSE,2G et 3G et 4G,2G-3G-4G,NON,TOA,null,2021,310216,GREENFIELD,null
250,TELMA_AMO063,MAHAZOARIVO,TELMA,AMORON'I MANIA,FANDRIANA,MAHAZOARIVO,37.4,-20.397094,47.4321,TRUE,TRUE,TRUE,FALSE,2G et 3G et 4G,2G-3G-4G,NON,TOA,null,2021,310307,GREENFIELD,null
251,TELMA_AMO066,SANDRANDAHY TANANA,TELMA,AMORON'I MANIA,FANDRIANA,SANDRANDAHY,37.4,-20.3499669304751,47.2957415312942,TRUE,TRUE,TRUE,FALSE,2G et 3G et 4G,2G-3G-4G,NON,TOA,ENERGIE SOLAIRE + GE,2023,310311,GREENFIELD,null
252,TELMA_AMO067,MIARINAVARATRA DSF,TELMA,AMORON'I MANIA,FANDRIANA,FANDRIANA,9.4,-20.121388888888887,47.46222222222222,TRUE,FALSE,TRUE,FALSE,2G et 4G,2G-4G,NON,TOA,ENERGIE SOLAIRE,2023,310304,GREENFIELD,null
253,TELMA_AMO068,ANTOETRA_MINI,TELMA,AMORON'I MANIA,AMBOSITRA,ANTOETRA,9.4,-20.777501,47.318734,TRUE,FALSE,TRUE,FALSE,2G et 4G,2G-4G,NON,TOA,ENERGIE SOLAIRE,2023,310211,GREENFIELD,null
254,TELMA_AND001,AMBOVOMBE,TELMA,ANDROY,AMBOVOMBE ANDROY,AMBOVOMBE ANDROY,47.4,-25.17706,46.08731,TRUE,TRUE,TRUE,FALSE,2G et 3G et 4G,2G-3G-4G,NON,TELMA,CHARGE DÉCHARGE + JIRAMA,2008,610106,GREENFIELD,null
255,TELMA_AND002,BELOHA,TELMA,ANDROY,BELOHA ANDROY,BELOHA ANDROY,73.4,-25.17331,45.06153,TRUE,TRUE,TRUE,FALSE,2G et 3G et 4G,2G-3G-4G,NON,TELMA,CHARGE DÉCHARGE + JIRAMA,2008,610302,GREENFIELD,null
256,TELMA_AND003,TSIHOMBE,TELMA,ANDROY,TSIHOMBE,TSIHOMBE,81.4,-25.31631,45.48614,TRUE,FALSE,FALSE,FALSE,2G,2G,NON,TELMA,CHARGE DÉCHARGE + JIRAMA,2008,610407,GREENFIELD,null
257,TELMA_AND004,BEKILY,TELMA,ANDROY,BEKILY,BEKILY CENTRALE,22.4,-24.22175,45.32014,TRUE,FALSE,FALSE,FALSE,2G,2G,NON,TELMA,CHARGE DÉCHARGE + JIRAMA,2008,610215,GREENFIELD,null
258,TELMA_AND010,ANTANIMORA,TELMA,ANDROY,AMBOVOMBE ANDROY,ANDALATANOSY,37.4,-24.74611,45.68494,TRUE,TRUE,TRUE,FALSE,2G et 3G et 4G,2G-3G-4G,NON,TOA,ENERGIE SOLAIRE + GE,2014,610109,GREENFIELD,null
259,TELMA_AND011,BEKITRO,TELMA,ANDROY,BEKILY,BEKITRO,37.4,-24.55831,45.30347,TRUE,TRUE,TRUE,FALSE,2G et 3G et 4G,2G-3G-4G,NON,TOA,ENERGIE SOLAIRE + GE,2014,610207,GREENFIELD,null
260,TELMA_AND012,BERAKETA,TELMA,ANDROY,BEKILY,BERAKETA,47.4,-24.1836,45.64351,TRUE,TRUE,TRUE,FALSE,2G et 3G et 4G,2G-3G-4G,NON,TOA,ENERGIE SOLAIRE + GE,2014,610209,GREENFIELD,null
261,TELMA_AND014,IMANOMBO,TELMA,ANDROY,AMBOVOMBE ANDROY,IMANOMBO,37.4,-24.50511,45.82992,TRUE,TRUE,TRUE,FALSE,2G et 3G et 4G,2G-3G-4G,NON,TOA,SOLDIÈSE,2015,610113,GREENFIELD,null
262,TELMA_AND022,AMBONDRO,TELMA,ANDROY,AMBOVOMBE ANDROY,AMBONDRO,102.4,-25.2133,45.8492,TRUE,TRUE,TRUE,FALSE,2G et 3G et 4G,2G-3G-4G,NON,TELMA,ENERGIE SOLAIRE + GE,2015,610105,GREENFIELD,null
263,TELMA_AND023,ERADA,TELMA,ANDROY,AMBOVOMBE ANDROY,AMBONAIVO,37.4,-25.26294,45.95109,TRUE,TRUE,TRUE,FALSE,2G et 3G et 4G,2G-3G-4G,NON,TOA,ENERGIE SOLAIRE,2016,610104,GREENFIELD,null
264,TELMA_AND024,MAROALOPOTY,TELMA,ANDROY,AMBOVOMBE ANDROY,MAROALOPOTY,37.4,-25.160961,46.238463,TRUE,TRUE,TRUE,FALSE,2G et 3G et 4G,2G-3G-4G,NON,TOA,ENERGIE SOLAIRE + GE,2020,610116,GREENFIELD,null
265,TELMA_AND025,EBELO,TELMA,ANOSY,AMBOASARY SUD,EBELO,37.4,-24.459507,46.061218,TRUE,TRUE,TRUE,FALSE,2G et 3G et 4G,2G-3G-4G,NON,TOA,ENERGIE SOLAIRE + GE,2020,620103,GREENFIELD,null
266,TELMA_AND026,AMPAMATA,TELMA,ANDROY,AMBOVOMBE ANDROY,AMPAMATA,37.4,-24.508484,45.637714,TRUE,TRUE,TRUE,FALSE,2G et 3G et 4G,2G-3G-4G,NON,TOA,ENERGIE SOLAIRE + GE,2021,610107,GREENFIELD,null
267,TELMA_AND027,FAUX CAP,TELMA,ANDROY,TSIHOMBE,FAUX CAP,37.4,-25.5664472,45.5284111,TRUE,FALSE,TRUE,FALSE,2G et 4G,2G-4G,NON,TOA,ENERGIE SOLAIRE + GE,2022,610403,GREENFIELD,null
268,TELMA_AND029,AMPASIMAIKA,TELMA,ANDROY,AMBOVOMBE ANDROY,IMANOMBO,37.4,-24.446264,45.899024,TRUE,TRUE,TRUE,FALSE,2G et 3G et 4G,2G-3G-4G,NON,TOA,ENERGIE SOLAIRE + GE,2023,610113,GREENFIELD,null
269,TELMA_AND032,MANTARA,TELMA,ANDROY,TSIHOMBE,MAROVATO,37.4,-25.5201,45.27252,TRUE,FALSE,TRUE,FALSE,2G et 4G,2G-4G,NON,TOA,ENERGIE SOLAIRE + GE,2023,610405,GREENFIELD,null
270,TELMA_ANJ001,STM_AMBODIFOTAT,TELMA,ANALANJIROFO,SAINTE MARIE,SAINTE MARIE,41.4,-16.99453,49.85344,TRUE,TRUE,TRUE,FALSE,2G et 3G et 4G,2G-3G-4G,NON,TOA,JIRAMA,2007,520401,GREENFIELD,null
271,TELMA_ANJ002,STM_MAHAVELO,TELMA,ANALANJIROFO,SAINTE MARIE,SAINTE MARIE,22.4,-17.03719,49.83017,TRUE,TRUE,TRUE,FALSE,2G et 3G et 4G,2G-3G-4G,NON,TELMA,JIRAMA + GE,2007,520401,GREENFIELD,null
272,TELMA_ANJ003,FENERIVEEST,TELMA,ANALANJIROFO,FENERIVE EST,FENERIVE VILLE,47.4,-17.393333333333334,49.42755555555556,TRUE,TRUE,TRUE,FALSE,2G et 3G et 4G,2G-3G-4G,NON,TOA,CHARGE DÉCHARGE + JIRAMA,2008,520106,GREENFIELD,null
273,TELMA_ANJ004,STM_LOUKINTSY,TELMA,ANALANJIROFO,SAINTE MARIE,SAINTE MARIE,27.4,-16.87831,49.892,TRUE,TRUE,TRUE,FALSE,2G et 3G et 4G,2G-3G-4G,NON,TELMA,JIRAMA + GE,2007,520401,GREENFIELD,null
274,TELMA_ANJ005,MANANARANORD,TELMA,ANALANJIROFO,MANANARA-NORD,MANANARA NORD,47.4,-16.173666666666666,49.77013888888889,TRUE,TRUE,TRUE,FALSE,2G et 3G et 4G,2G-3G-4G,NON,TOA,CHARGE DÉCHARGE + JIRAMA,2008,520210,GREENFIELD,null
275,TELMA_ANJ006,SOANIERANA_IVON,TELMA,ANALANJIROFO,SOANIERANA IVONGO,SOANIERANA IVONGO,33.9,-16.92003,49.58597,TRUE,TRUE,TRUE,FALSE,2G et 3G et 4G,2G-3G-4G,NON,TELMA,JIRAMA + GE,2008,520508,GREENFIELD,null
276,TELMA_ANJ007,MAROANTSETRA,TELMA,ANALANJIROFO,MAROANTSETRA,MAROANTSETRA,37.4,-15.43414,49.74083,TRUE,TRUE,TRUE,FALSE,2G et 3G et 4G,2G-3G-4G,NON,TELMA,JIRAMA + GE,2008,520315,GREENFIELD,null
277,TELMA_ANJ008,FENERVEST_TELMA,TELMA,ANALANJIROFO,FENERIVE EST,FENERIVE VILLE,37.4,-17.38197,49.41147,TRUE,TRUE,TRUE,FALSE,2G et 3G et 4G,2G-3G-4G,NON,TOA,SOUS COMPTEUR,2013,520106,GREENFIELD,null
278,TELMA_ANJ009,VAVATENINA,TELMA,ANALANJIROFO,VAVATENINA,VAVATENINA,47.4,-17.46439,49.19897,TRUE,TRUE,TRUE,FALSE,2G et 3G et 4G,2G-3G-4G,NON,TELMA,JIRAMA + GE,2008,520610,GREENFIELD,null
279,TELMA_ANJ010,VOHIDRAZANA,TELMA,ANALANJIROFO,FENERIVE EST,MAHANORO,27.4,-17.36255,49.32914,TRUE,TRUE,TRUE,FALSE,2G et 3G et 4G,2G-3G-4G,NON,TELMA,SOLDIÈSE,2016,520108,GREENFIELD,null
280,TELMA_ANJ011,STM_RAVORAHA,TELMA,ANALANJIROFO,SAINTE MARIE,SAINTE MARIE,37.4,-17.08833,49.82105,TRUE,TRUE,TRUE,FALSE,2G et 3G et 4G,2G-3G-4G,NON,TOA,ENERGIE SOLAIRE + GE,2011,520401,GREENFIELD,null
281,TELMA_ANJ012,STM_VATOLAVA,TELMA,ANALANJIROFO,SAINTE MARIE,SAINTE MARIE,32.4,-16.93866,49.85911,TRUE,TRUE,TRUE,FALSE,2G et 3G et 4G,2G-3G-4G,NON,TELMA,ENERGIE SOLAIRE + GE,2013,520401,GREENFIELD,null
282,TELMA_ANJ017,ANJAHAMBE,TELMA,ANALANJIROFO,VAVATENINA,ANJAHAMBE,48.4,-17.38947,49.14147,TRUE,TRUE,TRUE,FALSE,2G et 3G et 4G,2G-3G-4G,NON,TELMA,SOLDIÈSE,2011,520606,GREENFIELD,null
283,TELMA_ANJ024,AMPASIMBE MANANTSATRANA,TELMA,ANALANJIROFO,FENERIVE EST,AMPASIMBE MANANTSANTRANA,47.4,-17.08615,49.48346,TRUE,TRUE,TRUE,FALSE,2G et 3G et 4G,2G-3G-4G,NON,TOA,SOLDIÈSE,2014,520103,GREENFIELD,null
284,TELMA_ANJ025,ANTANAMBE,TELMA,ANALANJIROFO,MANANARA-NORD,ANTANAMBE,47.4,-16.45284,49.83104,TRUE,TRUE,TRUE,FALSE,2G et 3G et 4G,2G-3G-4G,NON,TELMA,ENERGIE SOLAIRE + GE,2014,520206,GREENFIELD,null
285,TELMA_ANJ026,IMORONA,TELMA,ANALANJIROFO,MANANARA-NORD,IMORONA,57.4,-16.225194444444444,49.8455,TRUE,TRUE,TRUE,FALSE,2G et 3G et 4G,2G-3G-4G,NON,TOA,ENERGIE SOLAIRE + GE,2014,520208,GREENFIELD,null
286,TELMA_ANJ027,MAHALEVONA,TELMA,ANALANJIROFO,MAROANTSETRA,MAHALEVONA,47.4,-15.40273,49.91913,TRUE,TRUE,TRUE,FALSE,2G et 3G et 4G,2G-3G-4G,NON,TOA,SOLDIÈSE,2014,520313,GREENFIELD,null
287,TELMA_ANJ028,MAHAMBO,TELMA,ANALANJIROFO,FENERIVE EST,MAHAMBO,37.4,-17.48708,49.45186,TRUE,TRUE,TRUE,FALSE,2G et 3G et 4G,2G-3G-4G,NON,TELMA,ENERGIE SOLAIRE + GE,2014,520107,GREENFIELD,null
288,TELMA_ANJ029,RANTABE,TELMA,ANALANJIROFO,MAROANTSETRA,RANTABE,48.199999999999996,-15.67101,49.63857,TRUE,TRUE,TRUE,FALSE,2G et 3G et 4G,2G-3G-4G,NON,TELMA,SOLDIÈSE,2014,520317,GREENFIELD,null
289,TELMA_ANJ030,SANDRAKATSY,TELMA,ANALANJIROFO,MANANARA-NORD,SANDRAKATSY,47.4,-16.32165,49.6161055555555,TRUE,TRUE,TRUE,FALSE,2G et 3G et 4G,2G-3G-4G,NON,TOA,SOLDIÈSE,2014,520211,GREENFIELD,null
290,TELMA_ANJ033,MANAMBOLOSY,TELMA,ANALANJIROFO,MANANARA-NORD,MANAMBOLOSY,37.4,-16.05239,49.6748,TRUE,TRUE,TRUE,FALSE,2G et 3G et 4G,2G-3G-4G,NON,TOA,SOLDIÈSE,2014,520209,GREENFIELD,null
291,TELMA_ANJ034,MANOMPANA,TELMA,ANALANJIROFO,SOANIERANA IVONGO,MANOMPANA,38.0,-16.66939,49.74897,TRUE,TRUE,TRUE,FALSE,2G et 3G et 4G,2G-3G-4G,NON,TELMA,ENERGIE SOLAIRE + GE,2014,520507,GREENFIELD,null
292,TELMA_ANJ035,AMBINANITELO,TELMA,ANALANJIROFO,MAROANTSETRA,AMBINANITELO,37.4,-15.333,49.60861,TRUE,TRUE,TRUE,FALSE,2G et 3G et 4G,2G-3G-4G,NON,TOA,SOLDIÈSE,2014,520302,GREENFIELD,null
293,TELMA_ANJ036,ANTAKOTAKO,TELMA,ANALANJIROFO,MAROANTSETRA,ANTAKOTAKO,37.4,-15.31536,49.84094,TRUE,TRUE,TRUE,FALSE,2G et 3G et 4G,2G-3G-4G,NON,TOA,ENERGIE SOLAIRE + GE,2015,520311,GREENFIELD,null
294,TELMA_ANJ037,AMPASINA_MANINGORY,TELMA,ANALANJIROFO,FENERIVE EST,AMPASINA MANINGORY,37.4,-17.21464,49.40997,TRUE,TRUE,TRUE,FALSE,2G et 3G et 4G,2G-3G-4G,NON,TOA,SOLDIÈSE,2014,520104,GREENFIELD,null
295,TELMA_ANJ038,AMBOHIBE,TELMA,ANALANJIROFO,VAVATENINA,AMBOHIBE,37.4,-17.42089,49.12092,TRUE,TRUE,TRUE,FALSE,2G et 3G et 4G,2G-3G-4G,NON,TOA,ENERGIE SOLAIRE + GE,2014,520603,GREENFIELD,null
296,TELMA_ANJ039,SAINTEMARIENORD,TELMA,ANALANJIROFO,SAINTE MARIE,SAINTE MARIE,37.4,-16.75308,49.97997,TRUE,TRUE,TRUE,FALSE,2G et 3G et 4G,2G-3G-4G,NON,TOA,ENERGIE SOLAIRE,2015,520401,GREENFIELD,null
297,TELMA_ANJ040,AMBALATELO,TELMA,ANALANJIROFO,MANANARA-NORD,AMBODIVOANIO,37.4,-16.17837,49.50216,TRUE,TRUE,TRUE,FALSE,2G et 3G et 4G,2G-3G-4G,NON,TOA,SOLDIÈSE,2015,520203,GREENFIELD,null
298,TELMA_ANJ041,STM_LAMBOTSIRA,TELMA,ANALANJIROFO,SAINTE MARIE,SAINTE MARIE,37.4,-17.01639,49.84,TRUE,TRUE,TRUE,FALSE,2G et 3G et 4G,2G-3G-4G,NON,TOA,ENERGIE SOLAIRE,2016,520401,GREENFIELD,null
299,TELMA_ANJ042,STM_VOHILAVA,TELMA,ANALANJIROFO,SAINTE MARIE,SAINTE MARIE,37.4,-17.0743,49.82919,TRUE,TRUE,TRUE,FALSE,2G et 3G et 4G,2G-3G-4G,NON,TOA,ENERGIE SOLAIRE,2016,520401,GREENFIELD,null
300,TELMA_ANJ043,ANKOFA,TELMA,ANALANJIROFO,MAROANTSETRA,ANKOFA,47.4,-15.39563888888889,49.67644444444444,TRUE,TRUE,TRUE,FALSE,2G et 3G et 4G,2G-3G-4G,NON,TOA,ENERGIE SOLAIRE + GE,2016,520309,GREENFIELD,null
301,TELMA_ANJ044,MANAMBOLO,TELMA,ANALANJIROFO,MAROANTSETRA,ANJANAZANA,57.4,-15.324972222222222,49.6925,TRUE,TRUE,TRUE,FALSE,2G et 3G et 4G,2G-3G-4G,NON,TOA,ENERGIE SOLAIRE + GE,2016,520308,GREENFIELD,null
302,TELMA_ANJ045,MAROMITETY,TELMA,ANALANJIROFO,VAVATENINA,MAROMITETY,47.4,-17.452194444444444,49.28252777777778,TRUE,TRUE,TRUE,FALSE,2G et 3G et 4G,2G-3G-4G,NON,TOA,SOLDIÈSE,2016,520607,GREENFIELD,null
303,TELMA_ANJ046,AMBODIVOANDRAZANA,TELMA,ANALANJIROFO,MANANARA-NORD,SANDRAKATSY,37.4,-16.355585,49.53507,TRUE,TRUE,TRUE,FALSE,2G et 3G et 4G,2G-3G-4G,NON,TOA,ENERGIE SOLAIRE + GE,2016,520211,GREENFIELD,null
304,TELMA_ANJ047,AMBAHOABE,TELMA,ANALANJIROFO,SOANIERANA IVONGO,AMBAHOABE,37.4,-16.761861111111113,49.49813888888889,TRUE,TRUE,TRUE,FALSE,2G et 3G et 4G,2G-3G-4G,NON,TOA,ENERGIE SOLAIRE,2016,520501,GREENFIELD,null
305,TELMA_ANJ048,VOHIPENO_EST,TELMA,ANALANJIROFO,FENERIVE EST,VOHIPENO,37.4,-17.174055555555555,49.31066666666667,TRUE,TRUE,TRUE,FALSE,2G et 3G et 4G,2G-3G-4G,NON,TOA,SOLDIÈSE,2016,520112,GREENFIELD,null
306,TELMA_ANJ049,SARANAMBANA,TELMA,ANALANJIROFO,FENERIVE EST,SARANAMBANA,47.4,-17.29036111111111,49.19394444444445,TRUE,TRUE,TRUE,FALSE,2G et 3G et 4G,2G-3G-4G,NON,TOA,ENERGIE SOLAIRE + GE,2016,520110,GREENFIELD,null
307,TELMA_ANJ050,ANDASIBE_EST,TELMA,ANALANJIROFO,VAVATENINA,ANDASIBE,37.4,-17.358805555555556,49.06027777777778,TRUE,TRUE,TRUE,FALSE,2G et 3G et 4G,2G-3G-4G,NON,TOA,ENERGIE SOLAIRE + GE,2016,520605,GREENFIELD,null
308,TELMA_ANJ051,VOHITREMBOKA,TELMA,ANALANJIROFO,SOANIERANA IVONGO,AMBODIAMPANA,37.4,-16.81652777777778,49.55619444444444,TRUE,TRUE,TRUE,FALSE,2G et 3G et 4G,2G-3G-4G,NON,TOA,SOLDIÈSE,2016,520502,GREENFIELD,null
309,TELMA_ANJ052,ANKOFABE,TELMA,ANALANJIROFO,MAROANTSETRA,ANKOFABE,37.4,-15.50313888888889,49.61277777777778,TRUE,TRUE,TRUE,FALSE,2G et 3G et 4G,2G-3G-4G,NON,TOA,SOLDIÈSE,2016,520310,GREENFIELD,null
310,TELMA_ANJ053,ANTSIATSIAKA,TELMA,ANALANJIROFO,FENERIVE EST,ANTSIATSIAKA,47.4,-17.000611111111112,49.36013888888889,TRUE,TRUE,TRUE,FALSE,2G et 3G et 4G,2G-3G-4G,NON,TOA,ENERGIE SOLAIRE + GE,2016,520105,GREENFIELD,null
311,TELMA_ANJ054,NANDRASANA,TELMA,ANALANJIROFO,MAROANTSETRA,VOLOINA,37.4,-15.616666666666667,49.602916666666665,TRUE,TRUE,TRUE,FALSE,2G et 3G et 4G,2G-3G-4G,NON,TOA,SOLDIÈSE,2016,520318,GREENFIELD,null
312,TELMA_ANJ055,AMBODIAMPANA,TELMA,ANALANJIROFO,MANANARA-NORD,AMBODIAMPANA,47.4,-16.127416666666665,49.60883333333334,TRUE,TRUE,TRUE,FALSE,2G et 3G et 4G,2G-3G-4G,NON,TOA,SOLDIÈSE,2016,520202,GREENFIELD,null
313,TELMA_ANJ056,AMBODIMAPAY,TELMA,ANALANJIROFO,MANANARA-NORD,AMBATOHARANANA,37.4,-16.4671417,49.5607861111111,TRUE,TRUE,TRUE,FALSE,2G et 3G et 4G,2G-3G-4G,NON,TOA,ENERGIE SOLAIRE + GE,2016,520201,GREENFIELD,null
314,TELMA_ANJ057,SAHATAVY,TELMA,ANALANJIROFO,VAVATENINA,SAHATAVY,37.4,-17.478916666666667,49.0021388888889,TRUE,TRUE,TRUE,FALSE,2G et 3G et 4G,2G-3G-4G,NON,TOA,ENERGIE SOLAIRE + GE,2016,520609,GREENFIELD,null
315,TELMA_ANJ058,MIARINARIVO,TELMA,ANALANJIROFO,VAVATENINA,MIARINARIVO,37.4,-17.637194444444443,49.15063888888889,TRUE,TRUE,TRUE,FALSE,2G et 3G et 4G,2G-3G-4G,NON,TOA,ENERGIE SOLAIRE + GE,2016,520608,GREENFIELD,null
316,TELMA_ANJ064,MANANARA NORD1,TELMA,ANALANJIROFO,MANANARA-NORD,MANANARA NORD,47.4,-16.1714388888889,49.76241666666667,TRUE,TRUE,TRUE,FALSE,2G et 3G et 4G,2G-3G-4G,NON,TOA,CHARGE DÉCHARGE,2018,520210,GREENFIELD,null
317,TELMA_ANJ065,ANDAPAFITO CN,TELMA,ANALANJIROFO,SOANIERANA IVONGO,ANDAPAFITO,37.4,-16.920055555555557,49.38697222222222,TRUE,TRUE,TRUE,FALSE,2G et 3G et 4G,2G-3G-4G,NON,TOA,ENERGIE SOLAIRE + GE,2018,520503,GREENFIELD,null
318,TELMA_ANJ066,AMBODIMANGAVALO CN,TELMA,ANALANJIROFO,VAVATENINA,AMBODIMANGAVALO,37.4,-17.53686111111111,48.964416666666665,TRUE,TRUE,TRUE,FALSE,2G et 3G et 4G,2G-3G-4G,NON,TOA,ENERGIE SOLAIRE + GE,2018,520602,GREENFIELD,null
319,TELMA_ANJ067,AMBALATELO_2,TELMA,ANALANJIROFO,MANANARA-NORD,AMBODIVOANIO,37.4,-16.19258333333333,49.55972222222222,TRUE,TRUE,TRUE,FALSE,2G et 3G et 4G,2G-3G-4G,NON,TOA,ENERGIE SOLAIRE + GE,2018,520203,GREENFIELD,null
320,TELMA_ANJ068,AMBODIVOANIO CA,TELMA,ANALANJIROFO,MANANARA-NORD,AMBODIVOANIO,37.4,-16.19886111111111,49.65694444444444,TRUE,TRUE,TRUE,FALSE,2G et 3G et 4G,2G-3G-4G,NON,TOA,SOLDIÈSE,2018,520203,GREENFIELD,null
321,TELMA_ANJ069,AMBALAHORAKA,TELMA,ANALANJIROFO,MANANARA-NORD,ANTANAMBAOBE,37.4,-16.234,49.685583333333334,TRUE,TRUE,TRUE,FALSE,2G et 3G et 4G,2G-3G-4G,NON,TOA,ENERGIE SOLAIRE + GE,2017,520205,GREENFIELD,null
322,TELMA_ANJ070,ANANDRIVOLA,TELMA,ANALANJIROFO,MAROANTSETRA,ANANDRIVOLA,57.4,-15.835,49.643055555555556,TRUE,TRUE,TRUE,FALSE,2G et 3G et 4G,2G-3G-4G,NON,TOA,ENERGIE SOLAIRE + GE,2019,520304,GREENFIELD,null
323,TELMA_ANJ071,TANAMBAO,TELMA,ANALANJIROFO,SOANIERANA IVONGO,SOANIERANA IVONGO,37.4,-16.970277777777778,49.560833333333335,TRUE,TRUE,TRUE,FALSE,2G et 3G et 4G,2G-3G-4G,NON,TOA,ENERGIE SOLAIRE + GE,2018,520508,GREENFIELD,null
324,TELMA_ANJ072,VANONO,TELMA,ANALANJIROFO,MANANARA-NORD,VANONO,57.4,-16.08388888888889,49.450833333333335,TRUE,TRUE,TRUE,FALSE,2G et 3G et 4G,2G-3G-4G,NON,TOA,ENERGIE SOLAIRE + GE,2018,520214,GREENFIELD,null
325,TELMA_ANJ073,AMBANIZANA,TELMA,ANALANJIROFO,MAROANTSETRA,AMBANIZANA,37.4,-15.595,49.95861111111111,TRUE,TRUE,TRUE,FALSE,2G et 3G et 4G,2G-3G-4G,NON,TOA,ENERGIE SOLAIRE + GE,2018,520301,GREENFIELD,null
326,TELMA_ANJ074,MORAFENO,TELMA,ANALANJIROFO,MAROANTSETRA,MORAFENO,37.4,-15.758055555555556,49.54055555555556,TRUE,TRUE,TRUE,FALSE,2G et 3G et 4G,2G-3G-4G,NON,TOA,ENERGIE SOLAIRE + GE,2018,520316,GREENFIELD,null
327,TELMA_ANJ075,FOTSIALANANA,TELMA,ANALANJIROFO,SOANIERANA IVONGO,FOTSIALANANA,57.4,-16.9525,49.48777777777778,TRUE,TRUE,TRUE,FALSE,2G et 3G et 4G,2G-3G-4G,NON,TOA,ENERGIE SOLAIRE + GE,2018,520506,GREENFIELD,null
328,TELMA_ANJ076,ANTANANIVO,TELMA,ANALANJIROFO,MANANARA-NORD,ANTANANANIVO,37.4,-16.27138888888889,49.71333333333333,TRUE,TRUE,TRUE,FALSE,2G et 3G et 4G,2G-3G-4G,NON,TOA,ENERGIE SOLAIRE + GE,2018,520207,GREENFIELD,null
329,TELMA_ANJ077,MAROANTSETRA102,TELMA,ANALANJIROFO,MAROANTSETRA,MAROANTSETRA,37.4,-15.428527777777777,49.73630555555555,TRUE,TRUE,TRUE,FALSE,2G et 3G et 4G,2G-3G-4G,NON,TOA,CHARGE DÉCHARGE + JIRAMA,2018,520315,GREENFIELD,null
330,TELMA_ANJ078,MAROANTSETRA ANKIAKALAVA,TELMA,ANALANJIROFO,MAROANTSETRA,MAROANTSETRA,37.4,-15.429805555555555,49.74686111111111,TRUE,TRUE,TRUE,FALSE,2G et 3G et 4G,2G-3G-4G,NON,TOA,CHARGE DÉCHARGE + JIRAMA,2018,520315,GREENFIELD,null
331,TELMA_ANJ079,ANDRANOFOTSY,TELMA,ANALANJIROFO,MAROANTSETRA,ANDRANOFOTSY,37.4,-15.399444444444445,49.815555555555555,TRUE,TRUE,TRUE,FALSE,2G et 3G et 4G,2G-3G-4G,NON,TOA,ENERGIE SOLAIRE + GE,2019,520305,GREENFIELD,null
332,TELMA_ANJ080,FENERIVE101,TELMA,ANALANJIROFO,FENERIVE EST,FENERIVE VILLE,37.4,-17.37388888888889,49.40361111111111,TRUE,TRUE,TRUE,FALSE,2G et 3G et 4G,2G-3G-4G,NON,TOA,CHARGE DÉCHARGE + JIRAMA,2018,520106,GREENFIELD,null
333,TELMA_ANJ083,MAHAFIDINA,TELMA,ANALANJIROFO,MAROANTSETRA,ANJAHANA,37.4,-15.3959805555556,49.8655055555556,TRUE,TRUE,TRUE,FALSE,2G et 3G et 4G,2G-3G-4G,NON,TOA,ENERGIE SOLAIRE + GE,2019,520307,GREENFIELD,null
334,TELMA_ANJ084,MAROFINARITRA,TELMA,ANALANJIROFO,FENERIVE EST,AMPASINA MANINGORY,37.4,-17.1758,49.3669,TRUE,TRUE,TRUE,FALSE,2G et 3G et 4G,2G-3G-4G,NON,TOA,ENERGIE SOLAIRE + GE,2020,520104,GREENFIELD,null
335,TELMA_ANJ085,ANTAFANA,TELMA,ANALANJIROFO,SAINTE MARIE,SAINTE MARIE,27.4,-16.893525,49.880006,TRUE,TRUE,TRUE,FALSE,2G et 3G et 4G,2G-3G-4G,NON,TOA,CHARGE DÉCHARGE,2020,520401,GREENFIELD,null
336,TELMA_ANJ086,SAROMAONA,TELMA,ANALANJIROFO,MANANARA-NORD,SAROMAONA,37.4,-16.155247,49.324192,TRUE,TRUE,TRUE,FALSE,2G et 3G et 4G,2G-3G-4G,NON,TOA,ENERGIE SOLAIRE + GE,2020,520212,GREENFIELD,null
337,TELMA_ANJ087,ANTANIFOTSY ANJ,TELMA,ANALANJIROFO,SOANIERANA IVONGO,ANTANIFOTSY,37.4,-16.8572277777778,49.6292916666667,TRUE,TRUE,TRUE,FALSE,2G et 3G et 4G,2G-3G-4G,NON,TOA,ENERGIE SOLAIRE + GE,2019,520504,GREENFIELD,null
338,TELMA_ANJ088,AGNIRIBE,TELMA,ANALANJIROFO,SAINTE MARIE,SAINTE MARIE,17.4,-17.113722,49.802833,TRUE,TRUE,TRUE,FALSE,2G et 3G et 4G,2G-3G-4G,NON,TOA,ENERGIE SOLAIRE + GE,2022,520401,GREENFIELD,null
339,TELMA_ANJ089,SAHATANY,TELMA,ANALANJIROFO,MAROANTSETRA,ANTSIRABE SAHATANY,47.4,-15.4969194444444,49.5718166666667,TRUE,TRUE,TRUE,FALSE,2G et 3G et 4G,2G-3G-4G,NON,TOA,ENERGIE SOLAIRE + GE,2019,520312,GREENFIELD,null
340,TELMA_ANJ090,SOANIERANA_IVONGO2,TELMA,ANALANJIROFO,SOANIERANA IVONGO,SOANIERANA IVONGO,37.4,-16.9300777777778,49.5854027777778,TRUE,TRUE,TRUE,FALSE,2G et 3G et 4G,2G-3G-4G,NON,TOA,CHARGE DÉCHARGE,2019,520508,GREENFIELD,null
341,TELMA_ANJ091,SAHASOA,TELMA,ANALANJIROFO,MANANARA-NORD,ANTANAMBE,37.4,-16.3595527777778,49.8133166666667,TRUE,TRUE,TRUE,FALSE,2G et 3G et 4G,2G-3G-4G,NON,TOA,ENERGIE SOLAIRE + GE,2020,520206,GREENFIELD,null
342,TELMA_ANJ092,ANALABEMAZAVA,TELMA,ANALANJIROFO,MANANARA-NORD,AMBATOHARANANA,37.4,-16.4007833333333,49.6069666666667,TRUE,TRUE,TRUE,FALSE,2G et 3G et 4G,2G-3G-4G,NON,TOA,ENERGIE SOLAIRE + GE,2020,520201,GREENFIELD,null
343,TELMA_ANJ093,FONTSIMARO,TELMA,ANALANJIROFO,MANANARA-NORD,MANAMBOLOSY,37.4,-15.9887972222222,49.6682611111111,TRUE,TRUE,TRUE,FALSE,2G et 3G et 4G,2G-3G-4G,NON,TOA,ENERGIE SOLAIRE + GE,2020,520209,GREENFIELD,null
344,TELMA_ANJ094,AMPANGAMENA,TELMA,ANALANJIROFO,FENERIVE EST,SARANAMBANA,37.4,-17.183674,49.047875,TRUE,FALSE,TRUE,FALSE,2G et 4G,2G-4G,NON,TOA,ENERGIE SOLAIRE + GE,2020,520110,GREENFIELD,null
345,TELMA_ANJ095,TANAMARINA,TELMA,ANALANJIROFO,VAVATENINA,TANAMARINA,47.4,-17.509543,49.170265,TRUE,TRUE,TRUE,FALSE,2G et 3G et 4G,2G-3G-4G,NON,TOA,ENERGIE SOLAIRE + GE,2020,520611,GREENFIELD,null
346,TELMA_ANJ096,FIZOANA,TELMA,ANALANJIROFO,MAROANTSETRA,MAHALEVONA,37.4,-15.3534055555556,49.9578722222222,TRUE,TRUE,TRUE,FALSE,2G et 3G et 4G,2G-3G-4G,NON,TOA,ENERGIE SOLAIRE + GE,2020,520313,GREENFIELD,null
347,TELMA_ANJ097,AMBINANITELO2,TELMA,ANALANJIROFO,MAROANTSETRA,AMBINANITELO,27.4,-15.358281,49.567482,TRUE,TRUE,TRUE,FALSE,2G et 3G et 4G,2G-3G-4G,NON,TOA,ENERGIE SOLAIRE + GE,2019,520302,GREENFIELD,null
348,TELMA_ANJ099,MANAMBATO,TELMA,ANALANJIROFO,MANANARA-NORD,ANTANAMBE,47.4,-16.563918,49.829142,TRUE,TRUE,TRUE,FALSE,2G et 3G et 4G,2G-3G-4G,NON,TOA,ENERGIE SOLAIRE + GE,2019,520206,GREENFIELD,null
349,TELMA_ANJ100,AMBINANISAHONOTRA,TELMA,ANALANJIROFO,FENERIVE EST,VOHIPENO,47.4,-17.137903,49.234668,TRUE,TRUE,TRUE,FALSE,2G et 3G et 4G,2G-3G-4G,NON,TOA,ENERGIE SOLAIRE + GE,2020,520112,GREENFIELD,null
350,TELMA_ANJ101,BONGARANO,TELMA,ANALANJIROFO,VAVATENINA,VAVATENINA,37.4,-17.488466,49.141557,TRUE,TRUE,TRUE,FALSE,2G et 3G et 4G,2G-3G-4G,NON,TOA,ENERGIE SOLAIRE + GE,2019,520610,GREENFIELD,null
351,TELMA_ANJ102,ANTSIRADAVA,TELMA,ANALANJIROFO,FENERIVE EST,AMPASIMBE MANANTSANTRANA,37.4,-17.0943916666667,49.3998055555556,TRUE,TRUE,TRUE,FALSE,2G et 3G et 4G,2G-3G-4G,NON,TOA,ENERGIE SOLAIRE + GE,2019,520103,GREENFIELD,null
352,TELMA_ANJ106,MANANARA4,TELMA,ANALANJIROFO,MANANARA-NORD,MANANARA NORD,12.4,-16.168333333333333,49.766666666666666,TRUE,TRUE,TRUE,FALSE,2G et 3G et 4G,2G-3G-4G,NON,TOA,JIRAMA + GE,2019,520210,ROOFTOP,null
353,TELMA_ANJ108,AMBATOFITARAFANA,TELMA,ANALANJIROFO,MANANARA-NORD,MANANARA NORD,37.4,-16.227013,49.776159,TRUE,TRUE,TRUE,FALSE,2G et 3G et 4G,2G-3G-4G,NON,TOA,ENERGIE SOLAIRE + GE,2021,520210,GREENFIELD,null
354,TELMA_ANJ109,MANANARA NORD3,TELMA,ANALANJIROFO,MANANARA-NORD,MANANARA NORD,37.4,-16.170585,49.776532,TRUE,TRUE,TRUE,FALSE,2G et 3G et 4G,2G-3G-4G,NON,TOA,CHARGE DÉCHARGE,2020,520210,GREENFIELD,null
355,TELMA_ANJ110,MAROANTSETRA4,TELMA,ANALANJIROFO,MAROANTSETRA,MAROANTSETRA,37.4,-15.436005,49.74899,TRUE,TRUE,TRUE,FALSE,2G et 3G et 4G,2G-3G-4G,NON,TOA,CHARGE DÉCHARGE,2020,520315,GREENFIELD,null
356,TELMA_ANJ111,MAROANTSETRA_ANDRANONANGOZY,TELMA,ANALANJIROFO,MAROANTSETRA,MAROANTSETRA,37.4,-15.440945,49.727681,TRUE,TRUE,TRUE,FALSE,2G et 3G et 4G,2G-3G-4G,NON,TOA,CHARGE DÉCHARGE,2020,520315,GREENFIELD,null
357,TELMA_ANJ112,MAROANTSETRA_MAROSOROKA,TELMA,ANALANJIROFO,MAROANTSETRA,MAROANTSETRA,37.4,-15.421578,49.736054,TRUE,TRUE,TRUE,FALSE,2G et 3G et 4G,2G-3G-4G,NON,TOA,CHARGE DÉCHARGE,2020,520315,GREENFIELD,null
358,TELMA_ANJ113,FENERIVEEST4,TELMA,ANALANJIROFO,FENERIVE EST,FENERIVE VILLE,37.4,-17.385825,49.403317,TRUE,TRUE,TRUE,FALSE,2G et 3G et 4G,2G-3G-4G,NON,TOA,CHARGE DÉCHARGE,2022,520106,GREENFIELD,null
359,TELMA_ANJ114,VAVATENINA2,TELMA,ANALANJIROFO,VAVATENINA,VAVATENINA,37.4,-17.471787,49.191921,TRUE,TRUE,TRUE,FALSE,2G et 3G et 4G,2G-3G-4G,NON,TOA,ENERGIE SOLAIRE + GE,2020,520610,GREENFIELD,null
360,TELMA_ANJ115,NAVANA,TELMA,ANALANJIROFO,MAROANTSETRA,ANJAHANA,37.4,-15.410177,49.86784,TRUE,TRUE,TRUE,FALSE,2G et 3G et 4G,2G-3G-4G,NON,TOA,ENERGIE SOLAIRE + GE,2021,520307,GREENFIELD,null
361,TELMA_ANJ116,MIORIMIVALANA,TELMA,ANALANJIROFO,FENERIVE EST,MIORIMIVALANA,37.4,-17.211573,49.212739,TRUE,TRUE,TRUE,FALSE,2G et 3G et 4G,2G-3G-4G,NON,TOA,ENERGIE SOLAIRE + GE,2020,520109,GREENFIELD,null
362,TELMA_ANJ117,AMBODISATRANA,TELMA,ANALANJIROFO,VAVATENINA,ANDASIBE,37.4,-17.314082,49.024948,TRUE,TRUE,TRUE,FALSE,2G et 3G et 4G,2G-3G-4G,NON,TOA,ENERGIE SOLAIRE + GE,2021,520605,GREENFIELD,null
363,TELMA_ANJ118,ANTENINA,TELMA,ANALANJIROFO,SOANIERANA IVONGO,ANTENINA,37.4,-16.554368,49.237452,TRUE,TRUE,TRUE,FALSE,2G et 3G et 4G,2G-3G-4G,NON,TOA,ENERGIE SOLAIRE + GE,2021,520505,GREENFIELD,null
364,TELMA_ANJ119,SAHATEZA,TELMA,ANALANJIROFO,SOANIERANA IVONGO,ANTENINA,37.4,-16.519457,49.123835,TRUE,TRUE,TRUE,FALSE,2G et 3G et 4G,2G-3G-4G,NON,TOA,ENERGIE SOLAIRE + GE,2021,520505,GREENFIELD,null
365,TELMA_ANJ120,FENERIVE EST SAHAVOLA,TELMA,ANALANJIROFO,FENERIVE EST,FENERIVE VILLE,15.4,-17.369722222222222,49.404444444444444,TRUE,TRUE,TRUE,FALSE,2G et 3G et 4G,2G-3G-4G,NON,TOA,JIRAMA + GE,2023,520106,GREENFIELD,null
366,TELMA_ANJ121,VOHILENGO,TELMA,ANALANJIROFO,FENERIVE EST,VOHILENGO,37.4,-17.36254,49.208463,TRUE,TRUE,TRUE,FALSE,2G et 3G et 4G,2G-3G-4G,NON,TOA,ENERGIE SOLAIRE + GE,2021,520111,GREENFIELD,null
367,TELMA_ANJ122,AMBATOHARANANA,TELMA,ANALANJIROFO,FENERIVE EST,AMBATOHARANANA,37.4,-17.276607,49.30524,TRUE,TRUE,TRUE,FALSE,2G et 3G et 4G,2G-3G-4G,NON,TOA,ENERGIE SOLAIRE + GE,2021,520101,GREENFIELD,null
368,TELMA_ANJ123,STM_TANAMBE_GMKT,TELMA,ANALANJIROFO,SAINTE MARIE,SAINTE MARIE,37.4,-16.853621,49.941097,TRUE,TRUE,TRUE,FALSE,2G et 3G et 4G,2G-3G-4G,NON,TOA,ENERGIE SOLAIRE + GE,2021,520401,GREENFIELD,null
369,TELMA_ANJ124,VOHITSIVALANA,TELMA,ANALANJIROFO,VAVATENINA,AMBATOHARANANA,37.4,-17.228028,49.133725,TRUE,TRUE,TRUE,FALSE,2G et 3G et 4G,2G-3G-4G,NON,TOA,ENERGIE SOLAIRE + GE,2021,520601,GREENFIELD,null
370,TELMA_ANJ125,AMBODIMANGA2,TELMA,ANALANJIROFO,MANANARA-NORD,VANONO,37.4,-15.971596,49.470839,TRUE,TRUE,TRUE,FALSE,2G et 3G et 4G,2G-3G-4G,NON,TOA,ENERGIE SOLAIRE + GE,2022,520214,GREENFIELD,null
371,TELMA_ANJ126,AMBALAFARY MACRO,TELMA,ANALANJIROFO,VAVATENINA,MAROMITETY,37.4,-17.482854,49.302815,TRUE,TRUE,TRUE,FALSE,2G et 3G et 4G,2G-3G-4G,NON,TOA,ENERGIE SOLAIRE + GE,2023,520607,GREENFIELD,null
372,TELMA_ANJ127,VOHIJINY,TELMA,ANALANJIROFO,SOANIERANA IVONGO,MANOMPANA,37.4,-16.745245,49.640951,TRUE,TRUE,TRUE,FALSE,2G et 3G et 4G,2G-3G-4G,NON,TOA,ENERGIE SOLAIRE + GE,2023,520507,GREENFIELD,null
373,TELMA_ANJ129,AMBODIATAFANA_OMNI,TELMA,ANALANJIROFO,FENERIVE EST,MAHAMBO,9.4,-17.525455,49.381635,TRUE,FALSE,TRUE,FALSE,2G et 4G,2G-4G,NON,TOA,ENERGIE SOLAIRE,2023,520107,GREENFIELD,null
374,TELMA_ANJ130,LAMPENY_OMNI,TELMA,ANALANJIROFO,MANANARA-NORD,MANAMBOLOSY,9.4,-16.025076,49.587183,TRUE,FALSE,TRUE,FALSE,2G et 4G,2G-4G,NON,TOA,ENERGIE SOLAIRE,2023,520209,GREENFIELD,null
375,TELMA_ANJ132,ANTSAHANDRANO,TELMA,ANALANJIROFO,VAVATENINA,VAVATENINA,37.4,-17.43999,49.165417,TRUE,TRUE,TRUE,FALSE,2G et 3G et 4G,2G-3G-4G,NON,TOA,ENERGIE SOLAIRE + GE,2023,520610,GREENFIELD,null
376,TELMA_ANJ133,AMBONILAITRA,TELMA,ANALANJIROFO,FENERIVE EST,AMBODIMANGA II,37.4,-17.438681,49.350148,TRUE,TRUE,TRUE,FALSE,2G et 3G et 4G,2G-3G-4G,NON,TOA,ENERGIE SOLAIRE + GE,2023,520102,GREENFIELD,null
377,TELMA_ANJ136,AMBALAHASINA,TELMA,ANALANJIROFO,FENERIVE EST,MAHAMBO,37.4,-17.581723,49.462253,TRUE,TRUE,TRUE,FALSE,2G et 3G et 4G,2G-3G-4G,NON,TOA,ENERGIE SOLAIRE + GE,2023,520107,GREENFIELD,null
378,TELMA_ANJ137,MENARA,TELMA,ANALANJIROFO,SOANIERANA IVONGO,AMBAHOABE,37.4,-16.584445,49.536296,TRUE,TRUE,TRUE,FALSE,2G et 3G et 4G,2G-3G-4G,NON,TOA,ENERGIE SOLAIRE + GE,2023,520501,GREENFIELD,null
379,TELMA_ANJ139,ANTENTEZAMPAFANA,TELMA,ANALANJIROFO,FENERIVE EST,AMBODIMANGA II,37.4,-17.305811,49.393065,TRUE,TRUE,TRUE,FALSE,2G et 3G et 4G,2G-3G-4G,NON,TOA,ENERGIE SOLAIRE + GE,2023,520102,GREENFIELD,null
380,TELMA_ANJ141,VATOMORA,TELMA,ANALANJIROFO,SOANIERANA IVONGO,AMBAHOABE,37.4,-16.812138,49.373178,TRUE,TRUE,TRUE,FALSE,2G et 3G et 4G,2G-3G-4G,NON,TOA,ENERGIE SOLAIRE + GE,2023,520501,GREENFIELD,null
381,TELMA_ANJ143,AMBOHITSARA ANJ,TELMA,ANALANJIROFO,FENERIVE EST,VOHIPENO,37.4,-17.126614,49.339942,TRUE,TRUE,TRUE,FALSE,2G et 3G et 4G,2G-3G-4G,NON,TOA,ENERGIE SOLAIRE + GE,2023,520112,GREENFIELD,null
382,TELMA_ANM001,AMBOHIMAHITSY,TELMA,ANALAMANGA,ANTANANARIVO AVARADRANO,AMBOHIMANGAKELY,22.4,-18.89811,47.57594,TRUE,TRUE,TRUE,FALSE,2G et 3G et 4G,2G-3G-4G,NON,TELMA,null,2006,110605,GREENFIELD,null
383,TELMA_ANM002,TAN_ANALAKELY,TELMA,ANALAMANGA,ANTANANARIVO_II,CU ANTANANARIVO (Arr.II),12.4,-18.9091778,47.5258416666666,TRUE,TRUE,TRUE,TRUE,2G et 3G et 4G et 5G,2G-3G-4G-5G,NON,TELMA,null,2006,110801,GREENFIELD,null
384,TELMA_ANM003,TAN_IVANDRY,TELMA,ANALAMANGA,ANTANANARIVO_V,CU ANTANANARIVO (Arr.V),37.4,-18.8688361,47.5287472222222,TRUE,TRUE,TRUE,TRUE,2G et 3G et 4G et 5G,2G-3G-4G-5G,NON,TOA,null,2006,111101,GREENFIELD,null
385,TELMA_ANM004,IVATO,TELMA,ANALAMANGA,AMBOHIDRATRIMO,IVATO,23.4,-18.80342,47.48006,TRUE,TRUE,TRUE,TRUE,2G et 3G et 4G et 5G,2G-3G-4G-5G,NON,TELMA,null,2007,110118,WATER TANK,null
386,TELMA_ANM005,TALATAMATY,TELMA,ANALAMANGA,AMBOHIDRATRIMO,TALATAMATY,27.4,-18.84078,47.4622,TRUE,TRUE,TRUE,FALSE,2G et 3G et 4G,2G-3G-4G,NON,TELMA,null,2007,110125,GREENFIELD,null
387,TELMA_ANM006,TANJOMBATO,TELMA,ANALAMANGA,ANTANANARIVO ATSIMONDRANO,ANDOHARANOFOTSY,27.4,-18.97172,47.53056,TRUE,TRUE,TRUE,FALSE,2G et 3G et 4G,2G-3G-4G,NON,TELMA,null,2007,110511,GREENFIELD,null
388,TELMA_ANM007,TAN_TANA_FH,TELMA,ANALAMANGA,ANTANANARIVO_II,CU ANTANANARIVO (Arr.II),47.4,-18.92681,47.53169,TRUE,TRUE,TRUE,FALSE,2G et 3G et 4G,2G-3G-4G,NON,TOA,null,2006,110801,GREENFIELD,null
389,TELMA_ANM008,TAN_AMBOTRARABA,TELMA,ANALAMANGA,ANTANANARIVO AVARADRANO,ANKADIKELY ILAFY,17.4,-18.86336,47.54922,TRUE,TRUE,TRUE,TRUE,2G et 3G et 4G et 5G,2G-3G-4G-5G,NON,TELMA,null,2007,110607,GREENFIELD,null
390,TELMA_ANM009,AMBOHIDRAPETO,TELMA,ANALAMANGA,ANTANANARIVO ATSIMONDRANO,AMBOHIDRAPETO,17.4,-18.89833,47.4738,TRUE,TRUE,TRUE,FALSE,2G et 3G et 4G,2G-3G-4G,NON,TELMA,null,2006,110506,GREENFIELD,null
391,TELMA_ANM010,AMBOHIDRATRIMO,TELMA,ANALAMANGA,AMBOHIDRATRIMO,AMBOHIDRATRIMO,33.4,-18.815988,47.436241,TRUE,TRUE,TRUE,FALSE,2G et 3G et 4G,2G-3G-4G,NON,TELMA,null,2006,110103,GREENFIELD,null
392,TELMA_ANM011,AMBOHITRIMANJAK,TELMA,ANALAMANGA,AMBOHIDRATRIMO,AMBOHITRIMANJAKA,22.4,-18.87544,47.44436,TRUE,TRUE,TRUE,FALSE,2G et 3G et 4G,2G-3G-4G,NON,TELMA,null,2006,110106,GREENFIELD,null
393,TELMA_ANM012,TAN_ALAROBIA,TELMA,ANALAMANGA,ANTANANARIVO_V,CU ANTANANARIVO (Arr.V),21.4,-18.87047,47.51533,TRUE,TRUE,TRUE,TRUE,2G et 3G et 4G et 5G,2G-3G-4G-5G,NON,TELMA,null,2006,111101,GREENFIELD,null
394,TELMA_ANM014,ALASORA,TELMA,ANALAMANGA,ANTANANARIVO AVARADRANO,ALASORA,22.4,-18.95578,47.56719,TRUE,TRUE,TRUE,FALSE,2G et 3G et 4G,2G-3G-4G,NON,TOA,null,2006,110601,GREENFIELD,null
395,TELMA_ANM015,TAN_ANTANIMENA,TELMA,ANALAMANGA,ANTANANARIVO_III,CU ANTANANARIVO (Arr.III),27.9,-18.89847,47.52094,TRUE,TRUE,TRUE,FALSE,2G et 3G et 4G,2G-3G-4G,NON,TELMA,null,2007,110901,ROOFTOP,null
396,TELMA_ANM016,TAN_AMBATOBE,TELMA,ANALAMANGA,ANTANANARIVO_V,CU ANTANANARIVO (Arr.V),17.4,-18.87892,47.55383,TRUE,TRUE,TRUE,FALSE,2G et 3G et 4G,2G-3G-4G,NON,TELMA,null,2006,111101,GREENFIELD,null
397,TELMA_ANM018,TAN_SOANIERANA,TELMA,ANALAMANGA,ANTANANARIVO_IV,CU ANTANANARIVO (Arr.IV),12.4,-18.93589,47.52467,TRUE,TRUE,TRUE,FALSE,2G et 3G et 4G,2G-3G-4G,NON,TELMA,null,2007,111001,ROOFTOP,null
398,TELMA_ANM020,TAN_ANKATSO,TELMA,ANALAMANGA,ANTANANARIVO_II,CU ANTANANARIVO (Arr.II),27.4,-18.92361,47.5549,TRUE,TRUE,TRUE,FALSE,2G et 3G et 4G,2G-3G-4G,NON,TOA,null,2007,110801,GREENFIELD,null
399,TELMA_ANM021,TAN_MAHAMASINA,TELMA,ANALAMANGA,ANTANANARIVO_IV,CU ANTANANARIVO (Arr.IV),22.4,-18.91783,47.52372,TRUE,TRUE,TRUE,FALSE,2G et 3G et 4G,2G-3G-4G,NON,TELMA,null,2007,111001,PYLONE MONOTUBE,null
400,TELMA_ANM022,TAN_AMBOMANARNA,TELMA,ANALAMANGA,ANTANANARIVO_VI,CU ANTANANARIVO (ARR.VI ),33.4,-18.87761,47.50313,TRUE,TRUE,TRUE,FALSE,2G et 3G et 4G,2G-3G-4G,NON,TELMA,null,2006,111201,GREENFIELD,null
401,TELMA_ANM025,TAN_ISOTRY,TELMA,ANALAMANGA,ANTANANARIVO_I,CU ANTANANARIVO (Arr.I),12.4,-18.90794,47.51465,TRUE,TRUE,TRUE,FALSE,2G et 3G et 4G,2G-3G-4G,NON,TELMA,null,2007,110701,ROOFTOP,null
402,TELMA_ANM026,TAN_ANDRAVOANGY,TELMA,ANALAMANGA,ANTANANARIVO_III,CU ANTANANARIVO (Arr.III),12.4,-18.8973,47.53019,TRUE,TRUE,TRUE,FALSE,2G et 3G et 4G,2G-3G-4G,NON,TELMA,null,2007,110901,ROOFTOP,null
403,TELMA_ANM027,TAN_FORT_DUCHES,TELMA,ANALAMANGA,ANTANANARIVO_III,CU ANTANANARIVO (Arr.III),27.4,-18.91042,47.5459,TRUE,TRUE,TRUE,FALSE,2G et 3G et 4G,2G-3G-4G,NON,TOA,null,2006,110901,GREENFIELD,null
404,TELMA_ANM028,TAN_AMBODITSIRY,TELMA,ANALAMANGA,ANTANANARIVO_V,CU ANTANANARIVO (Arr.V),15.4,-18.88678,47.54039,TRUE,TRUE,TRUE,FALSE,2G et 3G et 4G,2G-3G-4G,NON,TELMA,null,2007,111101,ROOFTOP,null
405,TELMA_ANM029,TAN_ANKORONDRAN,TELMA,ANALAMANGA,ANTANANARIVO_III,CU ANTANANARIVO (Arr.III),22.4,-18.88339,47.52301,TRUE,TRUE,TRUE,FALSE,2G et 3G et 4G,2G-3G-4G,NON,TELMA,null,2008,110901,PYLONE MONOTUBE,null
406,TELMA_ANM030,TAN_AMBOHIDROA,TELMA,ANALAMANGA,ANTANANARIVO_VI,CU ANTANANARIVO (ARR.VI ),27.4,-18.85453,47.48552,TRUE,TRUE,TRUE,FALSE,2G et 3G et 4G,2G-3G-4G,NON,TELMA,null,2007,111201,GREENFIELD,null
407,TELMA_ANM031,TAN_AMPEFILOHA,TELMA,ANALAMANGA,ANTANANARIVO_I,CU ANTANANARIVO (Arr.I),17.4,-18.91578,47.51472,TRUE,TRUE,TRUE,FALSE,2G et 3G et 4G,2G-3G-4G,NON,TELMA,null,2007,110701,ROOFTOP,null
408,TELMA_ANM032,TAN_AMBANIDIA,TELMA,ANALAMANGA,ANTANANARIVO_II,CU ANTANANARIVO (Arr.II),12.4,-18.91989,47.53691,TRUE,TRUE,TRUE,FALSE,2G et 3G et 4G,2G-3G-4G,NON,TELMA,null,2007,110801,ROOFTOP,null
409,TELMA_ANM033,LOHALAMBO,TELMA,ANALAMANGA,ANTANANARIVO ATSIMONDRANO,BONGATSARA,17.4,-19.03613,47.55904,TRUE,TRUE,TRUE,FALSE,2G et 3G et 4G,2G-3G-4G,NON,TELMA,null,2006,110519,GREENFIELD,null
410,TELMA_ANM034,SABOTSY,TELMA,ANALAMANGA,ANTANANARIVO AVARADRANO,SABOTSY NAMEHANA,27.4,-18.83567,47.55842,TRUE,TRUE,TRUE,FALSE,2G et 3G et 4G,2G-3G-4G,NON,TELMA,null,2007,110612,GREENFIELD,null
411,TELMA_ANM035,TAN_AMPASAPITO,TELMA,ANALAMANGA,ANTANANARIVO_III,CU ANTANANARIVO (Arr.III),29.4,-18.894927,47.544632,TRUE,TRUE,TRUE,FALSE,2G et 3G et 4G,2G-3G-4G,NON,TOA,null,2007,110901,GREENFIELD,null
412,TELMA_ANM036,TANJ_FORELLO,TELMA,ANALAMANGA,ANTANANARIVO ATSIMONDRANO,TANJOMBATO,27.4,-18.95438,47.52274,TRUE,TRUE,TRUE,FALSE,2G et 3G et 4G,2G-3G-4G,NON,TOA,null,2007,110525,GREENFIELD,null
413,TELMA_ANM037,AMBOHIMANAMBOLA,TELMA,ANALAMANGA,ANTANANARIVO AVARADRANO,AMBOHIMANAMBOLA,17.4,-18.94744,47.60186,TRUE,TRUE,TRUE,FALSE,2G et 3G et 4G,2G-3G-4G,NON,TOA,null,2007,110603,GREENFIELD,null
414,TELMA_ANM038,TAN_AMBONDRONA,TELMA,ANALAMANGA,ANTANANARIVO_I,CU ANTANANARIVO (Arr.I),17.4,-18.90394,47.52592,TRUE,TRUE,TRUE,FALSE,2G et 3G et 4G,2G-3G-4G,NON,TELMA,null,2007,110701,ROOFTOP,null
415,TELMA_ANM039,MANJAKANDRIANA,TELMA,ANALAMANGA,MANJAKANDRIANA,MANJAKANDRIANA,33.4,-18.910278,47.804803,TRUE,TRUE,TRUE,FALSE,2G et 3G et 4G,2G-3G-4G,NON,TELMA,null,2008,111317,GREENFIELD,null
416,TELMA_ANM040,MANTASOA,TELMA,ANALAMANGA,MANJAKANDRIANA,MANTASOA,37.4,-19.00072,47.83514,TRUE,TRUE,TRUE,FALSE,2G et 3G et 4G,2G-3G-4G,NON,TELMA,null,2008,111318,GREENFIELD,null
417,TELMA_ANM041,MAHITSY,TELMA,ANALAMANGA,AMBOHIDRATRIMO,ANTANETIBE MAHAZAZA,33.4,-18.703742,47.345652,TRUE,TRUE,TRUE,FALSE,2G et 3G et 4G,2G-3G-4G,NON,TELMA,null,2007,110111,GREENFIELD,null
418,TELMA_ANM043,ANGAVOKELY,TELMA,ANALAMANGA,MANJAKANDRIANA,ALAROBIA,27.4,-18.92711,47.73722,TRUE,TRUE,TRUE,FALSE,2G et 3G et 4G,2G-3G-4G,NON,TELMA,null,2007,111301,GREENFIELD,null
419,TELMA_ANM046,TAN_MAHAZO,TELMA,ANALAMANGA,ANTANANARIVO_V,CU ANTANANARIVO (Arr.V),15.4,-18.89519,47.55936,TRUE,TRUE,TRUE,FALSE,2G et 3G et 4G,2G-3G-4G,NON,TELMA,null,2008,111101,ROOFTOP,null
420,TELMA_ANM047,TAN_AMBJATOVO,TELMA,ANALAMANGA,ANTANANARIVO_I,CU ANTANANARIVO (Arr.I),17.4,-18.91211,47.53042,TRUE,TRUE,TRUE,FALSE,2G et 3G et 4G,2G-3G-4G,NON,TELMA,null,2008,110701,ROOFTOP,null
421,TELMA_ANM048,MANDROSOA,TELMA,ANALAMANGA,AMBOHIDRATRIMO,TALATAMATY,27.4,-18.82041,47.46605,TRUE,TRUE,TRUE,FALSE,2G et 3G et 4G,2G-3G-4G,NON,TELMA,null,2008,110125,GREENFIELD,null
422,TELMA_ANM049,TAN_ANALAMHITSY,TELMA,ANALAMANGA,ANTANANARIVO_V,CU ANTANANARIVO (Arr.V),13.4,-18.87369,47.55041,TRUE,TRUE,TRUE,FALSE,2G et 3G et 4G,2G-3G-4G,NON,TELMA,null,2008,111101,ROOFTOP,null
423,TELMA_ANM050,BEMASOANDRO_18,TELMA,ANALAMANGA,ANTANANARIVO ATSIMONDRANO,ANDRANONAHOATRA,13.4,-18.91417,47.48353,TRUE,TRUE,TRUE,FALSE,2G et 3G et 4G,2G-3G-4G,NON,TELMA,null,2009,110512,ROOFTOP,null
424,TELMA_ANM051,TAN_67HA_NORD,TELMA,ANALAMANGA,ANTANANARIVO_I,CU ANTANANARIVO (Arr.I),15.4,-18.9025,47.5087,TRUE,TRUE,TRUE,FALSE,2G et 3G et 4G,2G-3G-4G,NON,TELMA,null,2008,110701,ROOFTOP,null
425,TELMA_ANM052,AMPITATAFIKA,TELMA,ANALAMANGA,ANTANANARIVO ATSIMONDRANO,AMPITATAFIKA,27.4,-18.93858,47.47842,TRUE,TRUE,TRUE,FALSE,2G et 3G et 4G,2G-3G-4G,NON,TELMA,null,2008,110510,GREENFIELD,null
426,TELMA_ANM053,TAN_ANKADIFOTSY,TELMA,ANALAMANGA,ANTANANARIVO_III,CU ANTANANARIVO (Arr.III),17.4,-18.89702,47.52608,TRUE,TRUE,TRUE,FALSE,2G et 3G et 4G,2G-3G-4G,NON,TELMA,null,2012,110901,ROOFTOP,null
427,TELMA_ANM054,TAN_ANKADIVATO,TELMA,ANALAMANGA,ANTANANARIVO_I,CU ANTANANARIVO (Arr.I),17.4,-18.90944,47.53375,TRUE,TRUE,TRUE,FALSE,2G et 3G et 4G,2G-3G-4G,NON,TELMA,null,2008,110701,ROOFTOP,null
428,TELMA_ANM055,TAN_AMBATOMARO,TELMA,ANALAMANGA,ANTANANARIVO_II,CU ANTANANARIVO (Arr.II),12.4,-18.9153,47.56556,TRUE,TRUE,TRUE,FALSE,2G et 3G et 4G,2G-3G-4G,NON,TELMA,null,2008,110801,ROOFTOP,null
429,TELMA_ANM056,MANDROSEZA,TELMA,ANALAMANGA,ANTANANARIVO_II,CU ANTANANARIVO (Arr.II),15.4,-18.93644,47.55033,TRUE,TRUE,TRUE,FALSE,2G et 3G et 4G,2G-3G-4G,NON,TELMA,null,2008,110801,ROOFTOP,null
430,TELMA_ANM057,ANKARAOBATO,TELMA,ANALAMANGA,ANTANANARIVO ATSIMONDRANO,ANKARAOBATO,12.4,-18.96642,47.53633,TRUE,TRUE,TRUE,FALSE,2G et 3G et 4G,2G-3G-4G,NON,TELMA,null,2011,110515,ROOFTOP,null
431,TELMA_ANM058,TAN_ANOSIZATO,TELMA,ANALAMANGA,ANTANANARIVO ATSIMONDRANO,ANOSIZATO ANDREFANA,12.4,-18.93961,47.49706,TRUE,TRUE,TRUE,FALSE,2G et 3G et 4G,2G-3G-4G,NON,TELMA,null,2011,110516,ROOFTOP,null
432,TELMA_ANM059,AMBOHIBE_ILAFY,TELMA,ANALAMANGA,ANTANANARIVO AVARADRANO,ANKADIKELY ILAFY,12.4,-18.8798,47.57614,TRUE,TRUE,TRUE,FALSE,2G et 3G et 4G,2G-3G-4G,NON,TELMA,null,2008,110607,GREENFIELD,null
433,TELMA_ANM061,ANJOZOROBE,TELMA,ANALAMANGA,ANJOZOROBE,ANJOZOROBE,32.4,-18.39639,47.88903,TRUE,TRUE,TRUE,FALSE,2G et 3G et 4G,2G-3G-4G,NON,TOA,null,2008,110311,GREENFIELD,null
434,TELMA_ANM062,ANKAZOBE,TELMA,ANALAMANGA,ANKAZOBE,ANKAZOBE,25.9,-18.31675,47.11569,TRUE,TRUE,TRUE,FALSE,2G et 3G et 4G,2G-3G-4G,NON,TELMA,null,2008,110403,GREENFIELD,null
435,TELMA_ANM064,TAN_ANJOHY,TELMA,ANALAMANGA,ANTANANARIVO_II,CU ANTANANARIVO (Arr.II),12.4,-18.91584,47.53334,TRUE,TRUE,TRUE,FALSE,2G et 3G et 4G,2G-3G-4G,NON,TELMA,null,2008,110801,ROOFTOP,null
436,TELMA_ANM065,TAN_BESARETY,TELMA,ANALAMANGA,ANTANANARIVO_III,CU ANTANANARIVO (Arr.III),13.4,-18.90508,47.5375,TRUE,TRUE,TRUE,FALSE,2G et 3G et 4G,2G-3G-4G,NON,TELMA,null,2008,110901,ROOFTOP,null
437,TELMA_ANM066,TAN_AMPANDRANA,TELMA,ANALAMANGA,ANTANANARIVO_I,CU ANTANANARIVO (Arr.I),17.4,-18.90539,47.53117,TRUE,TRUE,FALSE,FALSE,2G et 3G,2G-3G,NON,TELMA,null,2008,110701,ROOFTOP,null
438,TELMA_ANM068,TAN_ANOSIPATRAN,TELMA,ANALAMANGA,ANTANANARIVO_IV,CU ANTANANARIVO (Arr.IV),27.4,-18.92969,47.49608,TRUE,TRUE,TRUE,FALSE,2G et 3G et 4G,2G-3G-4G,NON,TOA,null,2008,111001,ZEBU,null
439,TELMA_ANM069,TAN_ANKADILALAN,TELMA,ANALAMANGA,ANTANANARIVO_IV,CU ANTANANARIVO (Arr.IV),15.4,-18.9258,47.52683,TRUE,TRUE,TRUE,FALSE,2G et 3G et 4G,2G-3G-4G,NON,TELMA,null,2011,111001,GREENFIELD,null
440,TELMA_ANM070,AMBOHIJANAHARY,TELMA,ANALAMANGA,AMBOHIDRATRIMO,IVATO,27.4,-18.82489,47.48678,TRUE,TRUE,TRUE,FALSE,2G et 3G et 4G,2G-3G-4G,NON,TELMA,null,2009,110118,GREENFIELD,null
441,TELMA_ANM071,TAN_AVENUE_18,TELMA,ANALAMANGA,ANTANANARIVO_I,CU ANTANANARIVO (Arr.I),12.4,-18.90594,47.52261,TRUE,TRUE,TRUE,FALSE,2G et 3G et 4G,2G-3G-4G,NON,TELMA,null,2010,110701,ROOFTOP,null
442,TELMA_ANM072,AMBOHITROMBY,TELMA,ANALAMANGA,ANTANANARIVO AVARADRANO,AMBOHIMANGAKELY,37.4,-18.88474,47.61531,TRUE,TRUE,TRUE,FALSE,2G et 3G et 4G,2G-3G-4G,NON,TELMA,null,2008,110605,GREENFIELD,null
443,TELMA_ANM073,AMBATOLAMPIKELY,TELMA,ANALAMANGA,ANTANANARIVO AVARADRANO,AMBOHIMALAZA MIRAY,37.4,-18.87186,47.67081,TRUE,TRUE,TRUE,FALSE,2G et 3G et 4G,2G-3G-4G,NON,TELMA,null,2008,110602,GREENFIELD,null
444,TELMA_ANM074,AMBATOLAONA,TELMA,ANALAMANGA,MANJAKANDRIANA,AMBATOLOANA,37.4,-18.93008,47.88567,TRUE,TRUE,TRUE,FALSE,2G et 3G et 4G,2G-3G-4G,NON,TELMA,null,2008,111303,GREENFIELD,null
445,TELMA_ANM075,ANTANETIBE,TELMA,ANALAMANGA,AMBOHIDRATRIMO,ANTEHIROKA,33.9,-18.83281,47.46858,TRUE,TRUE,TRUE,FALSE,2G et 3G et 4G,2G-3G-4G,NON,TOA,null,2010,110112,GREENFIELD,null
446,TELMA_ANM078,TAN_ISORAKA,TELMA,ANALAMANGA,ANTANANARIVO_I,CU ANTANANARIVO (Arr.I),12.4,-18.91064,47.522,TRUE,TRUE,TRUE,FALSE,2G et 3G et 4G,2G-3G-4G,NON,TELMA,null,2009,110701,ROOFTOP,null
447,TELMA_ANM079,TAN_GALAXY,TELMA,ANALAMANGA,ANTANANARIVO_VI,CU ANTANANARIVO (ARR.VI ),37.4,-18.87719,47.50822,TRUE,TRUE,TRUE,TRUE,2G et 3G et 4G et 5G,2G-3G-4G-5G,NON,TELMA,null,2008,111201,GREENFIELD,null
448,TELMA_ANM080,TAN_MANJAKARAY,TELMA,ANALAMANGA,ANTANANARIVO_V,CU ANTANANARIVO (Arr.V),15.4,-18.88975,47.53344,TRUE,TRUE,TRUE,FALSE,2G et 3G et 4G,2G-3G-4G,NON,TELMA,null,2011,111101,ROOFTOP,null
449,TELMA_ANM081,TAN_ANJANAHARY,TELMA,ANALAMANGA,ANTANANARIVO_V,CU ANTANANARIVO (Arr.V),15.4,-18.89564,47.53636,TRUE,TRUE,TRUE,FALSE,2G et 3G et 4G,2G-3G-4G,NON,TELMA,null,2010,111101,ROOFTOP,null
450,TELMA_ANM082,AMBOHIBAO,TELMA,ANALAMANGA,AMBOHIDRATRIMO,ANTEHIROKA,27.4,-18.85179,47.47186,TRUE,TRUE,TRUE,FALSE,2G et 3G et 4G,2G-3G-4G,NON,TELMA,null,2011,110112,GREENFIELD,null
451,TELMA_ANM083,TAN_OUESTAMBOHIJ,TELMA,ANALAMANGA,ANTANANARIVO_IV,CU ANTANANARIVO (Arr.IV),15.4,-18.93064,47.51819,TRUE,TRUE,TRUE,FALSE,2G et 3G et 4G,2G-3G-4G,NON,TELMA,null,2011,111001,ROOFTOP,null
452,TELMA_ANM084,TAN_ANDRONDRA,TELMA,ANALAMANGA,ANTANANARIVO_II,CU ANTANANARIVO (Arr.II),15.4,-18.9398,47.54117,TRUE,TRUE,TRUE,FALSE,2G et 3G et 4G,2G-3G-4G,NON,TELMA,null,2011,110801,ROOFTOP,null
453,TELMA_ANM085,TAN_ANATIHAZO,TELMA,ANALAMANGA,ANTANANARIVO_I,CU ANTANANARIVO (Arr.I),23.4,-18.91083,47.51236,TRUE,TRUE,TRUE,FALSE,2G et 3G et 4G,2G-3G-4G,NON,TELMA,null,2009,110701,ROOFTOP,null
454,TELMA_ANM086,BMOI_ANALAMAHIT,TELMA,ANALAMANGA,ANTANANARIVO_V,CU ANTANANARIVO (Arr.V),18.4,-18.871777777777776,47.54425,TRUE,TRUE,TRUE,TRUE,2G et 3G et 4G et 5G,2G-3G-4G-5G,NON,TOA,null,2016,111101,ROOFTOP,null
455,TELMA_ANM087,ANDRANONAHOATRA,TELMA,ANALAMANGA,ANTANANARIVO ATSIMONDRANO,ITAOSY,33.4,-18.91807,47.4712,TRUE,TRUE,TRUE,FALSE,2G et 3G et 4G,2G-3G-4G,NON,TOA,null,2010,110522,GREENFIELD,null
456,TELMA_ANM088,TAN_IAVOLOHA,TELMA,ANALAMANGA,ANTANANARIVO ATSIMONDRANO,ANDOHARANOFOTSY,37.4,-19.00214,47.53672,TRUE,TRUE,TRUE,FALSE,2G et 3G et 4G,2G-3G-4G,NON,TOA,null,2013,110511,GREENFIELD,null
457,TELMA_ANM089,TALATAVOLNONDRY,TELMA,ANALAMANGA,ANTANANARIVO AVARADRANO,TALATA VOLONONDRY,22.4,-18.74903,47.64372,TRUE,TRUE,TRUE,FALSE,2G et 3G et 4G,2G-3G-4G,NON,TOA,null,2010,110613,GREENFIELD,null
458,TELMA_ANM090,TAN_ANDRAISORO,TELMA,ANALAMANGA,ANTANANARIVO_V,CU ANTANANARIVO (Arr.V),15.4,-18.90538,47.55644,TRUE,TRUE,TRUE,FALSE,2G et 3G et 4G,2G-3G-4G,NON,TELMA,null,2011,111101,ROOFTOP,null
459,TELMA_ANM091,TAN_ANKADIMAMY,TELMA,ANALAMANGA,ANTANANARIVO_V,CU ANTANANARIVO (Arr.V),15.4,-18.89869,47.55058,TRUE,TRUE,TRUE,FALSE,2G et 3G et 4G,2G-3G-4G,NON,TELMA,null,2011,111101,ROOFTOP,null
460,TELMA_ANM092,AMBODIMITA,TELMA,ANALAMANGA,ANTANANARIVO_VI,CU ANTANANARIVO (ARR.VI ),27.4,-18.8703,47.49267,TRUE,TRUE,TRUE,FALSE,2G et 3G et 4G,2G-3G-4G,NON,TOA,null,2011,111201,GREENFIELD,null
461,TELMA_ANM093,TAN_ANOSY,TELMA,ANALAMANGA,ANTANANARIVO_IV,CU ANTANANARIVO (Arr.IV),17.4,-18.92289,47.5198,TRUE,TRUE,TRUE,FALSE,2G et 3G et 4G,2G-3G-4G,NON,TELMA,null,2009,111001,ROOFTOP,null
462,TELMA_ANM097,MANERINERINA,TELMA,ANALAMANGA,ANKAZOBE,KIANGARA,38.0,-18.03458,47.155,TRUE,TRUE,TRUE,FALSE,2G et 3G et 4G,2G-3G-4G,NON,TELMA,null,2014,110408,GREENFIELD,null
463,TELMA_ANM100,TAN_RADIOLA,TELMA,ANALAMANGA,ANTANANARIVO_I,CU ANTANANARIVO (Arr.I),12.4,-18.90342,47.52256,TRUE,TRUE,TRUE,FALSE,2G et 3G et 4G,2G-3G-4G,NON,TELMA,null,2009,110701,ROOFTOP,null
464,TELMA_ANM102,AMBATONAKANGA,TELMA,ANALAMANGA,ANTANANARIVO_I,CU ANTANANARIVO (Arr.I),17.4,-18.91228,47.52647,TRUE,TRUE,TRUE,FALSE,2G et 3G et 4G,2G-3G-4G,NON,TELMA,null,2009,110701,ROOFTOP,null
465,TELMA_ANM103,ANKADIVORIBE,TELMA,ANALAMANGA,ANTANANARIVO ATSIMONDRANO,AMPANEFY,27.4,-18.97886,47.49494,TRUE,TRUE,TRUE,FALSE,2G et 3G et 4G,2G-3G-4G,NON,TELMA,null,2010,110509,GREENFIELD,null
466,TELMA_ANM104,ANDOHARANOFOTSY,TELMA,ANALAMANGA,ANTANANARIVO ATSIMONDRANO,ANDOHARANOFOTSY,47.4,-18.985944444444446,47.52952777777778,TRUE,TRUE,TRUE,FALSE,2G et 3G et 4G,2G-3G-4G,NON,TOA,null,2010,110511,GREENFIELD,null
467,TELMA_ANM105,TAN_ANKADY,TELMA,ANALAMANGA,ANTANANARIVO ATSIMONDRANO,TANJOMBATO,13.4,-18.95875,47.5287,TRUE,TRUE,TRUE,FALSE,2G et 3G et 4G,2G-3G-4G,NON,TELMA,null,2012,110525,ROOFTOP,null
468,TELMA_ANM107,AMBODIAFONTSY,TELMA,ANALAMANGA,ANTANANARIVO ATSIMONDRANO,AMPITATAFIKA,27.4,-18.96314,47.45833,TRUE,TRUE,TRUE,FALSE,2G et 3G et 4G,2G-3G-4G,NON,TOA,null,2012,110510,GREENFIELD,null
469,TELMA_ANM108,MIADANA,TELMA,ANALAMANGA,AMBOHIDRATRIMO,AMBOHITRIMANJAKA,27.4,-18.86494,47.44355,TRUE,TRUE,TRUE,FALSE,2G et 3G et 4G,2G-3G-4G,NON,TOA,null,2010,110106,GREENFIELD,null
470,TELMA_ANM109,TAN_SOAVIMASOAN,TELMA,ANALAMANGA,ANTANANARIVO_V,CU ANTANANARIVO (Arr.V),21.4,-18.864,47.51933,TRUE,TRUE,TRUE,FALSE,2G et 3G et 4G,2G-3G-4G,NON,TELMA,null,2012,111101,GREENFIELD,null
471,TELMA_ANM110,ANKADIKELY,TELMA,ANALAMANGA,ANTANANARIVO AVARADRANO,ANKADIKELY ILAFY,27.4,-18.85122,47.55817,TRUE,TRUE,TRUE,FALSE,2G et 3G et 4G,2G-3G-4G,NON,TOA,null,2010,110607,GREENFIELD,null
472,TELMA_ANM111,TAN_AKADIMBAHOK,TELMA,ANALAMANGA,ANTANANARIVO_IV,CU ANTANANARIVO (Arr.IV),21.4,-18.94133,47.5241,TRUE,TRUE,TRUE,FALSE,2G et 3G et 4G,2G-3G-4G,NON,TELMA,null,2010,111001,GREENFIELD,null
473,TELMA_ANM112,TAN_ILANIVATO,TELMA,ANALAMANGA,ANTANANARIVO_IV,CU ANTANANARIVO (Arr.IV),15.4,-18.92586,47.50064,TRUE,TRUE,TRUE,FALSE,2G et 3G et 4G,2G-3G-4G,NON,TELMA,null,2013,111001,ROOFTOP,null
474,TELMA_ANM114,TAN_MAHAMASINA_CDMA,TELMA,ANALAMANGA,ANTANANARIVO_I,CU ANTANANARIVO (Arr.I),17.4,-18.9165,47.5271,TRUE,TRUE,TRUE,FALSE,2G et 3G et 4G,2G-3G-4G,NON,TELMA,null,2022,110701,ROOFTOP,null
475,TELMA_ANM115,TAN_TSIAZOTAFO,TELMA,ANALAMANGA,ANTANANARIVO_III,CU ANTANANARIVO (Arr.III),13.4,-18.90291,47.52964,TRUE,TRUE,TRUE,FALSE,2G et 3G et 4G,2G-3G-4G,NON,TELMA,null,2011,110901,ROOFTOP,null
476,TELMA_ANM116,ANOSIMASINA,TELMA,ANALAMANGA,ANTANANARIVO ATSIMONDRANO,BEMASOANDRO,20.4,-18.91267,47.49153,TRUE,TRUE,TRUE,FALSE,2G et 3G et 4G,2G-3G-4G,NON,TELMA,null,2011,110518,GREENFIELD,null
477,TELMA_ANM123,TAN_ANKADIVORIBE_CDMA,TELMA,ANALAMANGA,ANTANANARIVO ATSIMONDRANO,SOALANDY,12.4,-18.9911,47.50111,TRUE,TRUE,TRUE,FALSE,2G et 3G et 4G,2G-3G-4G,NON,TELMA,null,2021,110523,ROOFTOP,null
478,TELMA_ANM131,TAN_AMBOHIMALAZA_CDMA,TELMA,ANALAMANGA,ANTANANARIVO AVARADRANO,AMBOHIMALAZA MIRAY,17.4,-18.8889,47.6468,TRUE,TRUE,TRUE,FALSE,2G et 3G et 4G,2G-3G-4G,NON,TOA,null,2021,110602,GREENFIELD,null
479,TELMA_ANM156,AMBATOMANOINA,TELMA,ANALAMANGA,ANJOZOROBE,ANTANETIBE,47.4,-18.41377,47.62441,TRUE,TRUE,TRUE,FALSE,2G et 3G et 4G,2G-3G-4G,NON,TOA,null,2012,110312,GREENFIELD,null
480,TELMA_ANM158,TAN_67HA_CDMA,TELMA,ANALAMANGA,ANTANANARIVO_I,CU ANTANANARIVO (Arr.I),37.4,-18.90812,47.50882,TRUE,TRUE,TRUE,FALSE,2G et 3G et 4G,2G-3G-4G,NON,TOA,null,2007,110701,GREENFIELD,null
481,TELMA_ANM159,TAN_SOANIERANA_CDMA,TELMA,ANALAMANGA,ANTANANARIVO_IV,CU ANTANANARIVO (Arr.IV),17.4,-18.9365,47.5251,TRUE,TRUE,TRUE,FALSE,2G et 3G et 4G,2G-3G-4G,NON,TELMA,null,2022,111001,ROOFTOP,null
482,TELMA_ANM166,TAN_AMBODIVONA,TELMA,ANALAMANGA,ANTANANARIVO_III,CU ANTANANARIVO (Arr.III),17.4,-18.893,47.52672,TRUE,TRUE,TRUE,FALSE,2G et 3G et 4G,2G-3G-4G,NON,TELMA,null,2012,110901,ROOFTOP,null
483,TELMA_ANM167,MAHITSY_CENTRE,TELMA,ANALAMANGA,AMBOHIDRATRIMO,MAHITSY,32.4,-18.75026,47.34663,TRUE,TRUE,TRUE,FALSE,2G et 3G et 4G,2G-3G-4G,NON,TOA,null,2012,110121,GREENFIELD,null
484,TELMA_ANM176,TAN_AMBOHIPO,TELMA,ANALAMANGA,ANTANANARIVO_II,CU ANTANANARIVO (Arr.II),21.4,-18.92886,47.55772,TRUE,TRUE,TRUE,FALSE,2G et 3G et 4G,2G-3G-4G,NON,TOA,null,2012,110801,GREENFIELD,null
485,TELMA_ANM177,TAN_ANOSY_2,TELMA,ANALAMANGA,ANTANANARIVO_I,CU ANTANANARIVO (Arr.I),12.4,-18.91877,47.520326,TRUE,TRUE,TRUE,TRUE,2G et 3G et 4G et 5G,2G-3G-4G-5G,NON,TELMA,null,2013,110701,ROOFTOP,null
486,TELMA_ANM178,TAN_ANKERANA,TELMA,ANALAMANGA,ANTANANARIVO_V,CU ANTANANARIVO (Arr.V),12.4,-18.89046,47.55736,TRUE,TRUE,TRUE,FALSE,2G et 3G et 4G,2G-3G-4G,NON,TELMA,null,2012,111101,ROOFTOP,null
487,TELMA_ANM179,TAN_67HA_EST,TELMA,ANALAMANGA,ANTANANARIVO_I,CU ANTANANARIVO (Arr.I),30.4,-18.90478,47.51217,TRUE,TRUE,TRUE,FALSE,2G et 3G et 4G,2G-3G-4G,NON,TELMA,null,2013,110701,ROOFTOP,null
488,TELMA_ANM180,TAN_AVARADOHA,TELMA,ANALAMANGA,ANTANANARIVO_III,CU ANTANANARIVO (Arr.III),17.4,-18.901944444444446,47.54083333333333,TRUE,TRUE,TRUE,FALSE,2G et 3G et 4G,2G-3G-4G,NON,TELMA,null,2012,110901,ROOFTOP,null
489,TELMA_ANM181,TAN_ANDOHALO2,TELMA,ANALAMANGA,ANTANANARIVO_II,CU ANTANANARIVO (Arr.II),27.4,-18.92053,47.53264,TRUE,TRUE,TRUE,FALSE,2G et 3G et 4G,2G-3G-4G,NON,TOA,null,2014,110801,GREENFIELD,null
490,TELMA_ANM182,TAN_AMPASIKA,TELMA,ANALAMANGA,ANTANANARIVO_VI,CU ANTANANARIVO (ARR.VI ),12.4,-18.89048,47.49128,TRUE,TRUE,TRUE,FALSE,2G et 3G et 4G,2G-3G-4G,NON,TELMA,null,2013,111201,ROOFTOP,null
491,TELMA_ANM183,TAN_MERIMANJAKA,TELMA,ANALAMANGA,ANTANANARIVO ATSIMONDRANO,AMBOHIJANAKA,37.4,-18.97897,47.54784,TRUE,TRUE,TRUE,FALSE,2G et 3G et 4G,2G-3G-4G,NON,TOA,null,2012,110507,GREENFIELD,null
492,TELMA_ANM185,ANDRAMASINA,TELMA,ANALAMANGA,ANDRAMASINA,ANDRAMASINA,27.4,-19.17133,47.59792,TRUE,TRUE,TRUE,FALSE,2G et 3G et 4G,2G-3G-4G,NON,TELMA,null,2012,110205,GREENFIELD,null
493,TELMA_ANM189,AMBOHIMIADANA,TELMA,ANALAMANGA,ANDRAMASINA,AMBOHIMIADANA,47.4,-19.23761,47.78075,TRUE,TRUE,TRUE,FALSE,2G et 3G et 4G,2G-3G-4G,NON,TOA,null,2012,110203,GREENFIELD,null
494,TELMA_ANM196,ALATSINA_BAKARO,TELMA,ANALAMANGA,ANDRAMASINA,ALATSINAINY BAKARO,37.4,-19.32412,47.68141,TRUE,TRUE,TRUE,FALSE,2G et 3G et 4G,2G-3G-4G,NON,TOA,null,2012,110202,GREENFIELD,null
495,TELMA_ANM208,TAN_FENOMANANA2,TELMA,ANALAMANGA,ANTANANARIVO_II,CU ANTANANARIVO (Arr.II),33.4,-18.92981,47.54344,TRUE,TRUE,TRUE,FALSE,2G et 3G et 4G,2G-3G-4G,NON,TELMA,null,2007,110801,GREENFIELD,null
496,TELMA_ANM211,TAN_LA_CITY,TELMA,ANALAMANGA,ANTANANARIVO_V,CU ANTANANARIVO (Arr.V),5.0,-18.87507,47.51936,TRUE,TRUE,TRUE,FALSE,2G et 3G et 4G,2G-3G-4G,NON,TELMA,null,2015,111101,FAUX PLAFOND INDOOR,null
497,TELMA_ANM214,ANDRIAMPAMAKY,TELMA,ANALAMANGA,MANJAKANDRIANA,ANKAZODANDY,38.0,-18.72464,47.76969,TRUE,TRUE,TRUE,FALSE,2G et 3G et 4G,2G-3G-4G,NON,TELMA,null,2015,111315,GREENFIELD,null
498,TELMA_ANM238,TAN AMBOLOKANDRINA,TELMA,ANALAMANGA,ANTANANARIVO_II,CU ANTANANARIVO (Arr.II),27.4,-18.92511111111111,47.5703055555556,TRUE,TRUE,TRUE,FALSE,2G et 3G et 4G,2G-3G-4G,NON,TOA,null,2018,110801,GREENFIELD,null
499,TELMA_ANM239,ANDRANOVELONA,TELMA,ANALAMANGA,ANKAZOBE,FIHAONANA,37.4,-18.63625,47.28944,TRUE,TRUE,TRUE,FALSE,2G et 3G et 4G,2G-3G-4G,NON,TELMA,null,2015,110407,GREENFIELD,null
500,TELMA_ANM245,TAN_ANALAKELY2,TELMA,ANALAMANGA,ANTANANARIVO_I,CU ANTANANARIVO (Arr.I),12.4,-18.90636,47.52561,TRUE,TRUE,TRUE,FALSE,2G et 3G et 4G,2G-3G-4G,NON,TELMA,null,2014,110701,ROOFTOP,null
501,TELMA_ANM246,FARAVOHITRA,TELMA,ANALAMANGA,ANTANANARIVO_I,CU ANTANANARIVO (Arr.I),37.4,-18.91047,47.53098,TRUE,TRUE,TRUE,FALSE,2G et 3G et 4G,2G-3G-4G,NON,TOA,null,2015,110701,GREENFIELD,null
502,TELMA_ANM247,TAN_SOARANO2,TELMA,ANALAMANGA,ANTANANARIVO_I,CU ANTANANARIVO (Arr.I),15.4,-18.90567,47.52042,TRUE,TRUE,TRUE,FALSE,2G et 3G et 4G,2G-3G-4G,NON,TELMA,null,2016,110701,ROOFTOP,null
503,TELMA_ANM251,ANDOHATAPENAKA,TELMA,ANALAMANGA,ANTANANARIVO_I,CU ANTANANARIVO (Arr.I),15.4,-18.90442,47.50299,TRUE,TRUE,TRUE,FALSE,2G et 3G et 4G,2G-3G-4G,NON,TELMA,null,2015,110701,ROOFTOP,null
504,TELMA_ANM252,TAN_NAMONTANA,TELMA,ANALAMANGA,ANTANANARIVO_IV,CU ANTANANARIVO (Arr.IV),37.4,-18.9369583,47.5115805555555,TRUE,TRUE,TRUE,FALSE,2G et 3G et 4G,2G-3G-4G,NON,TOA,null,2017,111001,GREENFIELD,null
505,TELMA_ANM253,TAN ANDAVAMAMBA,TELMA,ANALAMANGA,ANTANANARIVO_I,CU ANTANANARIVO (Arr.I),12.4,-18.91875,47.50922222222222,TRUE,TRUE,TRUE,FALSE,2G et 3G et 4G,2G-3G-4G,NON,TOA,null,2018,110701,ROOFTOP,null
506,TELMA_ANM254,LAZAINA,TELMA,ANALAMANGA,ANTANANARIVO AVARADRANO,MANANDRIANA,37.4,-18.801349,47.576671,TRUE,TRUE,TRUE,FALSE,2G et 3G et 4G,2G-3G-4G,NON,TOA,null,2015,110610,GREENFIELD,null
507,TELMA_ANM255,CITEFRAISE,TELMA,ANALAMANGA,ANTANANARIVO AVARADRANO,ANKADIKELY ILAFY,37.4,-18.85103,47.53856,TRUE,TRUE,TRUE,FALSE,2G et 3G et 4G,2G-3G-4G,NON,TOA,null,2016,110607,GREENFIELD,null
508,TELMA_ANM256,AMBOH_ALAKAMISY,TELMA,ANALAMANGA,AMBOHIDRATRIMO,ANOSIALA,37.4,-18.8045,47.40275,TRUE,TRUE,TRUE,FALSE,2G et 3G et 4G,2G-3G-4G,NON,TELMA,null,2016,110110,GREENFIELD,null
509,TELMA_ANM258,AMBODIVOANJO,TELMA,ANALAMANGA,ANTANANARIVO_V,CU ANTANANARIVO (Arr.V),37.4,-18.87664,47.53075,TRUE,TRUE,TRUE,TRUE,2G et 3G et 4G et 5G,2G-3G-4G-5G,NON,TOA,null,2015,111101,GREENFIELD,null
510,TELMA_ANM260,TAN_ANKAZOMANGA,TELMA,ANALAMANGA,ANTANANARIVO_VI,CU ANTANANARIVO (ARR.VI ),12.4,-18.89314,47.51542,TRUE,TRUE,TRUE,FALSE,2G et 3G et 4G,2G-3G-4G,NON,TELMA,null,2010,111201,ROOFTOP,null
511,TELMA_ANM262,MANTASOA2,TELMA,ANALAMANGA,MANJAKANDRIANA,MANTASOA,22.4,-18.99928,47.86428,TRUE,TRUE,TRUE,FALSE,2G et 3G et 4G,2G-3G-4G,NON,TOA,null,2023,111318,PYLONE MONOTUBE,null
512,TELMA_ANM263,KIANGARA,TELMA,ANALAMANGA,ANKAZOBE,KIANGARA,37.4,-17.98806,46.99675,TRUE,TRUE,TRUE,FALSE,2G et 3G et 4G,2G-3G-4G,NON,TOA,null,2015,110408,GREENFIELD,null
513,TELMA_ANM264,ANTOTOHAZO,TELMA,ANALAMANGA,ANKAZOBE,AMBOHITROMBY,37.4,-18.45307,47.16055,TRUE,TRUE,TRUE,FALSE,2G et 3G et 4G,2G-3G-4G,NON,TELMA,null,2015,110401,GREENFIELD,null
514,TELMA_ANM265,ANKADINANDRIANA,TELMA,ANALAMANGA,ANTANANARIVO AVARADRANO,ANKADINANDRIANA,37.4,-19.03631,47.68719,TRUE,TRUE,TRUE,FALSE,2G et 3G et 4G,2G-3G-4G,NON,TOA,null,2015,110608,GREENFIELD,null
515,TELMA_ANM266,MANGAMILA,TELMA,ANALAMANGA,ANJOZOROBE,MANGAMILA,37.4,-18.53881,47.86353,TRUE,TRUE,TRUE,FALSE,2G et 3G et 4G,2G-3G-4G,NON,TELMA,null,2015,110316,GREENFIELD,null
516,TELMA_ANM267,MIANTSO,TELMA,ANALAMANGA,ANKAZOBE,MIANTSO,37.4,-18.71737,47.11687,TRUE,TRUE,TRUE,FALSE,2G et 3G et 4G,2G-3G-4G,NON,TOA,null,2015,110411,GREENFIELD,null
517,TELMA_ANM268,ANJEVA,TELMA,ANALAMANGA,ANTANANARIVO AVARADRANO,ANJEVA GARA,37.4,-18.939457,47.660192,TRUE,TRUE,TRUE,FALSE,2G et 3G et 4G,2G-3G-4G,NON,TOA,null,2015,110606,GREENFIELD,null
518,TELMA_ANM270,ANTSAHAKELY,TELMA,ANALAMANGA,ANDRAMASINA,MANDROSOA,37.4,-19.14703,47.69042,TRUE,TRUE,TRUE,FALSE,2G et 3G et 4G,2G-3G-4G,NON,TOA,null,2015,110209,GREENFIELD,null
519,TELMA_ANM271,ANTANAMADIO,TELMA,ANALAMANGA,ANDRAMASINA,AMBOHIMIADANA,37.4,-19.27228,47.80758,TRUE,TRUE,TRUE,FALSE,2G et 3G et 4G,2G-3G-4G,NON,TOA,null,2015,110203,GREENFIELD,null
520,TELMA_ANM276,SOAVIMBAZAHA,TELMA,ANALAMANGA,ANKAZOBE,MARONDRY,57.4,-18.53345,46.97925,TRUE,TRUE,TRUE,FALSE,2G et 3G et 4G,2G-3G-4G,NON,TOA,null,2016,110410,GREENFIELD,null
521,TELMA_ANM277,AMBO_MAHITSY,TELMA,ANALAMANGA,MANJAKANDRIANA,AMBOHITROLOMAHITSY,37.4,-18.69833,47.68853,TRUE,TRUE,TRUE,FALSE,2G et 3G et 4G,2G-3G-4G,NON,TOA,null,2015,111309,GREENFIELD,null
522,TELMA_ANM281,FIADANANA,TELMA,ANALAMANGA,ANKAZOBE,TALATA-ANGAVO,10.4,-18.22928,46.92733,TRUE,TRUE,TRUE,FALSE,2G et 3G et 4G,2G-3G-4G,NON,TOA,null,2015,110412,GREENFIELD,null
523,TELMA_ANM283,TAN_SODIAT,TELMA,ANALAMANGA,AMBOHIDRATRIMO,TALATAMATY,37.4,-18.84012,47.45263,TRUE,TRUE,TRUE,FALSE,2G et 3G et 4G,2G-3G-4G,NON,TOA,null,2016,110125,GREENFIELD,null
524,TELMA_ANM284,TAN_ANOSY_TVM,TELMA,ANALAMANGA,ANTANANARIVO_I,CU ANTANANARIVO (Arr.I),15.4,-18.91563,47.517872,TRUE,TRUE,TRUE,TRUE,2G et 3G et 4G et 5G,2G-3G-4G-5G,NON,TOA,null,2017,110701,ROOFTOP,null
525,TELMA_ANM285,TSARALALANA_18,TELMA,ANALAMANGA,ANTANANARIVO_I,CU ANTANANARIVO (Arr.I),15.4,-18.908,47.51794,TRUE,TRUE,TRUE,FALSE,2G et 3G et 4G,2G-3G-4G,NON,TOA,null,2016,110701,ROOFTOP,null
526,TELMA_ANM287,TAN_AMBATOBE_3,TELMA,ANALAMANGA,ANTANANARIVO AVARADRANO,ANKADIKELY ILAFY,37.4,-18.878,47.56342,TRUE,TRUE,TRUE,FALSE,2G et 3G et 4G,2G-3G-4G,NON,TOA,null,2016,110607,GREENFIELD,null
527,TELMA_ANM288,TAN_ANOSYBE_2,TELMA,ANALAMANGA,ANTANANARIVO_IV,CU ANTANANARIVO (Arr.IV),15.4,-18.92965,47.50885,TRUE,TRUE,TRUE,FALSE,2G et 3G et 4G,2G-3G-4G,NON,TOA,null,2016,111001,ROOFTOP,null
528,TELMA_ANM289,TAN_BONGATSARA,TELMA,ANALAMANGA,ANTANANARIVO ATSIMONDRANO,BONGATSARA,37.4,-19.01875,47.53989,TRUE,TRUE,TRUE,FALSE,2G et 3G et 4G,2G-3G-4G,NON,TOA,null,2016,110519,GREENFIELD,null
529,TELMA_ANM291,AMBOHIMANGAKELY,TELMA,ANALAMANGA,ANTANANARIVO AVARADRANO,AMBOHIMANGAKELY,37.4,-18.90207,47.61174,TRUE,TRUE,TRUE,FALSE,2G et 3G et 4G,2G-3G-4G,NON,TOA,null,2016,110605,GREENFIELD,null
530,TELMA_ANM292,TAN_ALHAMBRA,TELMA,ANALAMANGA,ANTANANARIVO_II,CU ANTANANARIVO (Arr.II),15.4,-18.94806,47.52962,TRUE,TRUE,TRUE,FALSE,2G et 3G et 4G,2G-3G-4G,NON,TOA,null,2017,110801,ROOFTOP,null
531,TELMA_ANM293,TAN_ANDRAHARO,TELMA,ANALAMANGA,ANTANANARIVO_VI,CU ANTANANARIVO (ARR.VI ),37.4,-18.88839,47.51089,TRUE,TRUE,TRUE,TRUE,2G et 3G et 4G et 5G,2G-3G-4G-5G,NON,TOA,null,2016,111201,GREENFIELD,null
532,TELMA_ANM294,IVANDRY_LA_CITY,TELMA,ANALAMANGA,ANTANANARIVO_V,CU ANTANANARIVO (Arr.V),8.0,-18.87507,47.51936,TRUE,TRUE,TRUE,FALSE,2G et 3G et 4G,2G-3G-4G,NON,TOA,null,2016,111101,ROOFTOP,null
533,TELMA_ANM295,TAN_67HA_SO_18,TELMA,ANALAMANGA,ANTANANARIVO_I,CU ANTANANARIVO (Arr.I),15.4,-18.91007,47.50592,TRUE,FALSE,FALSE,FALSE,2G,2G,NON,TOA,null,2016,110701,ROOFTOP,null
534,TELMA_ANM296,ANKORONDRAN_BNI,TELMA,ANALAMANGA,ANTANANARIVO_III,CU ANTANANARIVO (Arr.III),17.4,-18.887441,47.522498,TRUE,TRUE,TRUE,TRUE,2G et 3G et 4G et 5G,2G-3G-4G-5G,NON,TOA,null,2016,110901,ROOFTOP,null
535,TELMA_ANM297,FARAVOHITRA_2,TELMA,ANALAMANGA,ANTANANARIVO_I,CU ANTANANARIVO (Arr.I),17.4,-18.919097222222224,47.53319444444445,TRUE,TRUE,TRUE,FALSE,2G et 3G et 4G,2G-3G-4G,NON,TOA,null,2016,110701,GREENFIELD,null
536,TELMA_ANM298,TAN_AMBOHIBAO_3,TELMA,ANALAMANGA,AMBOHIDRATRIMO,ANTEHIROKA,27.4,-18.833803,47.491878,TRUE,TRUE,TRUE,FALSE,2G et 3G et 4G,2G-3G-4G,NON,TOA,null,2016,110112,GREENFIELD,null
537,TELMA_ANM301,NAMEHANA,TELMA,ANALAMANGA,ANTANANARIVO AVARADRANO,SABOTSY NAMEHANA,15.4,-18.82861,47.54425,TRUE,TRUE,TRUE,FALSE,2G et 3G et 4G,2G-3G-4G,NON,TOA,null,2022,110612,ROOFTOP,null
538,TELMA_ANM302,TAN_AMBOHIBAO_2,TELMA,ANALAMANGA,AMBOHIDRATRIMO,ANTEHIROKA,12.4,-18.84573,47.47375,TRUE,TRUE,TRUE,FALSE,2G et 3G et 4G,2G-3G-4G,NON,TOA,null,2016,110112,ROOFTOP,null
539,TELMA_ANM303,TAN_SOAVINA,TELMA,ANALAMANGA,ANTANANARIVO ATSIMONDRANO,SOAVINA,15.4,-18.959861,47.504185,TRUE,TRUE,TRUE,FALSE,2G et 3G et 4G,2G-3G-4G,NON,TOA,null,2020,110524,ROOFTOP,null
540,TELMA_ANM306,SADABE,TELMA,ANALAMANGA,MANJAKANDRIANA,SADABE,47.4,-18.61608,47.70225,TRUE,TRUE,TRUE,FALSE,2G et 3G et 4G,2G-3G-4G,NON,TOA,null,2015,111323,GREENFIELD,null
541,TELMA_ANM307,AMPAHIMANGA,TELMA,ANALAMANGA,MANJAKANDRIANA,ALAROBIA,37.4,-18.98275,47.72608,TRUE,TRUE,TRUE,FALSE,2G et 3G et 4G,2G-3G-4G,NON,TOA,null,2015,111301,GREENFIELD,null
542,TELMA_ANM309,MANANDRINA,TELMA,ANALAMANGA,ANTANANARIVO AVARADRANO,MANANDRIANA,37.4,-18.80433,47.61511,TRUE,TRUE,TRUE,FALSE,2G et 3G et 4G,2G-3G-4G,NON,TOA,null,2015,110610,GREENFIELD,null
543,TELMA_ANM310,AMBOASARY_MBOLO,TELMA,ANALAMANGA,AMBOHIDRATRIMO,MAHITSY,37.4,-18.812075,47.338451,TRUE,TRUE,TRUE,FALSE,2G et 3G et 4G,2G-3G-4G,NON,TOA,null,2015,110121,GREENFIELD,null
544,TELMA_ANM311,MANJAKAVARADRANO,TELMA,ANALAMANGA,AMBOHIDRATRIMO,MERIMANDROSO,37.4,-18.72879,47.47554,TRUE,TRUE,TRUE,FALSE,2G et 3G et 4G,2G-3G-4G,NON,TOA,null,2015,110124,GREENFIELD,null
545,TELMA_ANM313,ANTANIMASAKA,TELMA,ANALAMANGA,MANJAKANDRIANA,AMBOHITRANDRIAMANITRA,37.4,-19.10875,47.80386,TRUE,TRUE,TRUE,FALSE,2G et 3G et 4G,2G-3G-4G,NON,TOA,null,2015,111308,GREENFIELD,null
546,TELMA_ANM314,AMBOHIBAO_NORD,TELMA,ANALAMANGA,ANTANANARIVO AVARADRANO,AMBOHIMANGA ROVA,37.4,-18.7315,47.55947,TRUE,TRUE,TRUE,FALSE,2G et 3G et 4G,2G-3G-4G,NON,TOA,null,2015,110604,GREENFIELD,null
547,TELMA_ANM316,TAN_AMBALAVAO,TELMA,ANALAMANGA,ANTANANARIVO ATSIMONDRANO,ANTANETIKELY,37.4,-19.0920222,47.51395,TRUE,TRUE,TRUE,FALSE,2G et 3G et 4G,2G-3G-4G,NON,TOA,null,2016,110517,GREENFIELD,null
548,TELMA_ANM317,AMBOHIDANERANA,TELMA,ANALAMANGA,MANJAKANDRIANA,ANTSAHALALINA,37.4,-18.74767,47.81908,TRUE,TRUE,TRUE,FALSE,2G et 3G et 4G,2G-3G-4G,NON,TOA,null,2015,111316,GREENFIELD,null
549,TELMA_ANM318,ANJOMAFIRBETOHO,TELMA,ANALAMANGA,MANJAKANDRIANA,ANJOMA BETOHO,47.4,-18.81844,47.70386,TRUE,TRUE,TRUE,FALSE,2G et 3G et 4G,2G-3G-4G,NON,TOA,null,2015,111314,GREENFIELD,null
550,TELMA_ANM319,AMBOHIMNJK_TANA,TELMA,ANALAMANGA,AMBOHIDRATRIMO,AMBOHIMANJAKA,37.4,-18.69647,47.42786,TRUE,TRUE,TRUE,FALSE,2G et 3G et 4G,2G-3G-4G,NON,TOA,null,2015,110104,GREENFIELD,null
551,TELMA_ANM320,AMPASIMPOTSY,TELMA,ANALAMANGA,MANJAKANDRIANA,MANJAKANDRIANA,37.4,-18.94439,47.85175,TRUE,TRUE,TRUE,FALSE,2G et 3G et 4G,2G-3G-4G,NON,TOA,null,2015,111317,GREENFIELD,null
552,TELMA_ANM337,FASAN_KARANA,TELMA,ANALAMANGA,ANTANANARIVO_IV,CU ANTANANARIVO (Arr.IV),27.4,-18.945055555555555,47.51391666666667,TRUE,TRUE,TRUE,FALSE,2G et 3G et 4G,2G-3G-4G,NON,TOA,null,2017,111001,GREENFIELD,null
553,TELMA_ANM340,MANAKAMBAHINY,TELMA,ANALAMANGA,ANTANANARIVO_II,CU ANTANANARIVO (Arr.II),16.4,-18.93358,47.53497,TRUE,TRUE,TRUE,FALSE,2G et 3G et 4G,2G-3G-4G,NON,TOA,null,2016,110801,ROOFTOP,null
554,TELMA_ANM341,VONTOVORONA,TELMA,ANALAMANGA,ANTANANARIVO ATSIMONDRANO,ALAKAMISY FENOARIVO,21.4,-18.9799,47.42587,TRUE,TRUE,TRUE,FALSE,2G et 3G et 4G,2G-3G-4G,NON,TOA,null,2017,110501,GREENFIELD,null
555,TELMA_ANM342,ANOSIZATO_EST,TELMA,ANALAMANGA,ANTANANARIVO_IV,CU ANTANANARIVO (Arr.IV),16.4,-18.93843,47.50452,TRUE,TRUE,TRUE,FALSE,2G et 3G et 4G,2G-3G-4G,NON,TOA,null,2016,111001,ROOFTOP,null
556,TELMA_ANM343,Antsofinondry,TELMA,ANALAMANGA,ANTANANARIVO AVARADRANO,SABOTSY NAMEHANA,15.4,-18.82853,47.55907,TRUE,FALSE,TRUE,FALSE,2G et 4G,2G-4G,NON,TOA,null,2022,110612,ROOFTOP,null
557,TELMA_ANM344,ANTOHOMADINIKA,TELMA,ANALAMANGA,ANTANANARIVO_I,CU ANTANANARIVO (Arr.I),37.4,-18.9049667,47.5160916666666,TRUE,TRUE,TRUE,FALSE,2G et 3G et 4G,2G-3G-4G,OUI,GULFSAT,null,2015,110701,GREENFIELD,null
558,TELMA_ANM345,TAN_FORELLO_2,TELMA,ANALAMANGA,ANTANANARIVO ATSIMONDRANO,TANJOMBATO,27.4,-18.952527777777778,47.516222222222225,TRUE,TRUE,TRUE,FALSE,2G et 3G et 4G,2G-3G-4G,NON,TOA,null,2016,110525,GREENFIELD,null
559,TELMA_ANM347,ANTSAKAVIRO,TELMA,ANALAMANGA,ANTANANARIVO_III,CU ANTANANARIVO (Arr.III),15.4,-18.911805555555556,47.53666666666667,TRUE,TRUE,TRUE,FALSE,2G et 3G et 4G,2G-3G-4G,NON,TOA,null,2018,110901,ROOFTOP,null
560,TELMA_ANM348,TAN_TSARAHONENA,TELMA,ANALAMANGA,ANTANANARIVO_III,CU ANTANANARIVO (Arr.III),37.4,-18.90545,47.54703,TRUE,TRUE,TRUE,FALSE,2G et 3G et 4G,2G-3G-4G,NON,TOA,null,2016,110901,GREENFIELD,null
561,TELMA_ANM349,ITAOSY_CITE,TELMA,ANALAMANGA,ANTANANARIVO ATSIMONDRANO,AMBOHIDRAPETO,23.4,-18.90881,47.47536,TRUE,TRUE,TRUE,FALSE,2G et 3G et 4G,2G-3G-4G,OUI,TOA,null,2016,110506,GREENFIELD,null
562,TELMA_ANM352,MAIBAHOAKA,TELMA,ANALAMANGA,AMBOHIDRATRIMO,TALATAMATY,27.4,-18.83,47.46083333333333,TRUE,TRUE,TRUE,FALSE,2G et 3G et 4G,2G-3G-4G,NON,TOA,CHARGE DÉCHARGE,2023,110125,GREENFIELD,null
563,TELMA_ANM353,TAN_MAMORY_IVATO,TELMA,ANALAMANGA,AMBOHIDRATRIMO,TALATAMATY,27.4,-18.806573,47.472515,TRUE,TRUE,TRUE,FALSE,2G et 3G et 4G,2G-3G-4G,NON,TOA,null,2018,110125,GREENFIELD,null
564,TELMA_ANM354,AMBOHINAMBO,TELMA,ANALAMANGA,AMBOHIDRATRIMO,TALATAMATY,12.4,-18.84558,47.46139,TRUE,TRUE,TRUE,FALSE,2G et 3G et 4G,2G-3G-4G,NON,TOA,null,2022,110125,ROOFTOP,null
565,TELMA_ANM355,AMBOHIMANARINA2,TELMA,ANALAMANGA,ANTANANARIVO_VI,CU ANTANANARIVO (ARR.VI ),12.4,-18.87292,47.49951,TRUE,TRUE,TRUE,FALSE,2G et 3G et 4G,2G-3G-4G,NON,TOA,null,2020,111201,ROOFTOP,null
566,TELMA_ANM356,TAN_AMPARIBE,TELMA,ANALAMANGA,ANTANANARIVO_I,CU ANTANANARIVO (Arr.I),12.4,-18.915081,47.527538,TRUE,TRUE,TRUE,FALSE,2G et 3G et 4G,2G-3G-4G,NON,TOA,null,2016,110701,ROOFTOP,null
567,TELMA_ANM357,ANDRANOBEVAVA,TELMA,ANALAMANGA,ANTANANARIVO_V,CU ANTANANARIVO (Arr.V),15.4,-18.87812,47.54602,TRUE,TRUE,TRUE,FALSE,2G et 3G et 4G,2G-3G-4G,NON,TOA,JIRAMA + BATTERIE,2023,111101,ROOFTOP,null
568,TELMA_ANM358,TAN_AMBATOROKA,TELMA,ANALAMANGA,ANTANANARIVO_II,CU ANTANANARIVO (Arr.II),16.4,-18.92295,47.54211,TRUE,TRUE,TRUE,FALSE,2G et 3G et 4G,2G-3G-4G,NON,TOA,null,2016,110801,ROOFTOP,null
569,TELMA_ANM360,IVATO_TANANA,TELMA,ANALAMANGA,AMBOHIDRATRIMO,IVATO,27.4,-18.81041,47.4839,TRUE,TRUE,TRUE,FALSE,2G et 3G et 4G,2G-3G-4G,NON,TOA,null,2016,110118,GREENFIELD,null
570,TELMA_ANM361,FARAVOHITRA_3,TELMA,ANALAMANGA,ANTANANARIVO_I,CU ANTANANARIVO (Arr.I),17.4,-18.9066,47.52921,TRUE,TRUE,TRUE,FALSE,2G et 3G et 4G,2G-3G-4G,NON,TOA,null,2016,110701,GREENFIELD,null
571,TELMA_ANM362,TAN_BELAMBANANA,TELMA,ANALAMANGA,ANTANANARIVO ATSIMONDRANO,ANKARAOBATO,27.4,-18.97222,47.53778,TRUE,TRUE,TRUE,FALSE,2G et 3G et 4G,2G-3G-4G,NON,TOA,null,2017,110515,GREENFIELD,null
572,TELMA_ANM363,CENAM,TELMA,ANALAMANGA,ANTANANARIVO_I,CU ANTANANARIVO (Arr.I),12.4,-18.91279,47.50906,TRUE,TRUE,TRUE,FALSE,2G et 3G et 4G,2G-3G-4G,NON,TOA,null,2016,110701,ROOFTOP,null
573,TELMA_ANM364,TAN_IBIS,TELMA,ANALAMANGA,ANTANANARIVO_III,CU ANTANANARIVO (Arr.III),12.4,-18.87922,47.52221,TRUE,TRUE,TRUE,TRUE,2G et 3G et 4G et 5G,2G-3G-4G-5G,NON,TOA,null,2016,110901,ROOFTOP,null
574,TELMA_ANM365,BETATAO,TELMA,ANALAMANGA,ANJOZOROBE,BETATAO,47.4,-18.167083333333334,47.89702777777778,TRUE,TRUE,TRUE,FALSE,2G et 3G et 4G,2G-3G-4G,NON,TOA,null,2018,110315,GREENFIELD,null
575,TELMA_ANM366,AMBOASARY NORD,TELMA,ANALAMANGA,ANJOZOROBE,AMBOASARY,37.4,-18.095277777777778,47.79763888888889,TRUE,TRUE,TRUE,FALSE,2G et 3G et 4G,2G-3G-4G,NON,TOA,null,2018,110303,GREENFIELD,null
576,TELMA_ANM367,AMBONGAMARINA,TELMA,ANALAMANGA,ANJOZOROBE,AMBONGAMARINA,37.4,-18.287805555555554,47.91941666666666,TRUE,TRUE,TRUE,FALSE,2G et 3G et 4G,2G-3G-4G,NON,TOA,null,2018,110307,GREENFIELD,null
577,TELMA_ANM373,ALAROBIA AMBONILOHA,TELMA,ANALAMANGA,ANTANANARIVO_V,CU ANTANANARIVO (Arr.V),24.4,-18.86994,47.52164,TRUE,TRUE,TRUE,FALSE,2G et 3G et 4G,2G-3G-4G,OUI,TOA,JIRAMA,2023,111101,WATER TANK,null
578,TELMA_ANM374,TAN_TSARALA_2,TELMA,ANALAMANGA,ANTANANARIVO_I,CU ANTANANARIVO (Arr.I),12.4,-18.9068,47.51814,TRUE,TRUE,TRUE,FALSE,2G et 3G et 4G,2G-3G-4G,NON,TOA,null,2016,110701,ROOFTOP,null
579,TELMA_ANM375,ANDRAHARO_2_OTC,TELMA,ANALAMANGA,ANTANANARIVO_VI,CU ANTANANARIVO (ARR.VI ),12.4,-18.88274,47.508104,TRUE,TRUE,TRUE,TRUE,2G et 3G et 4G et 5G,2G-3G-4G-5G,NON,TOA,null,2016,111201,ROOFTOP,null
580,TELMA_ANM378,Behoririka1,TELMA,ANALAMANGA,ANTANANARIVO_III,CU ANTANANARIVO (Arr.III),12.4,-18.90147222222222,47.52511111111111,TRUE,TRUE,TRUE,FALSE,2G et 3G et 4G,2G-3G-4G,NON,TOA,null,2019,110901,ROOFTOP,null
581,TELMA_ANM379,TAN_TSIMBAZAZA,TELMA,ANALAMANGA,ANTANANARIVO_IV,CU ANTANANARIVO (Arr.IV),12.4,-18.93611,47.52828,TRUE,TRUE,TRUE,FALSE,2G et 3G et 4G,2G-3G-4G,NON,TOA,null,2017,111001,ROOFTOP,null
582,TELMA_ANM380,TAN_ANDROHIBE_ORTM,TELMA,ANALAMANGA,ANTANANARIVO_V,CU ANTANANARIVO (Arr.V),37.4,-18.86327777777778,47.535472222222225,TRUE,TRUE,TRUE,FALSE,2G et 3G et 4G,2G-3G-4G,NON,TOA,null,2017,111101,GREENFIELD,null
583,TELMA_ANM385,AMBATONAKANGA-2,TELMA,ANALAMANGA,ANTANANARIVO_I,CU ANTANANARIVO (Arr.I),37.4,-18.91363,47.527672,TRUE,TRUE,TRUE,FALSE,2G et 3G et 4G,2G-3G-4G,NON,TOA,null,2018,110701,ROOFTOP,null
584,TELMA_ANM386,AMBATONJARA,TELMA,ANALAMANGA,ANTANANARIVO AVARADRANO,ALASORA,37.4,-18.943472222222223,47.556444444444445,TRUE,TRUE,TRUE,FALSE,2G et 3G et 4G,2G-3G-4G,NON,TOA,null,2018,110601,GREENFIELD,null
585,TELMA_ANM388,AMBOHIBARY VOHILENA,TELMA,ANALAMANGA,ANJOZOROBE,AMBOHIBARY,37.4,-18.179833333333335,47.620333333333335,TRUE,TRUE,TRUE,FALSE,2G et 3G et 4G,2G-3G-4G,NON,TOA,null,2018,110304,GREENFIELD,null
586,TELMA_ANM389,AMBOHIJATOVO IVANDRY,TELMA,ANALAMANGA,ANTANANARIVO_V,CU ANTANANARIVO (Arr.V),15.4,-18.874416666666665,47.53503611111111,TRUE,TRUE,TRUE,FALSE,2G et 3G et 4G,2G-3G-4G,NON,TOA,null,2019,111101,ROOFTOP,null
587,TELMA_ANM390,AMBOHIMARINA,TELMA,ANALAMANGA,ANTANANARIVO ATSIMONDRANO,AMBAVAHADITOKANA,15.4,-18.925555555555555,47.46080555555555,TRUE,TRUE,TRUE,FALSE,2G et 3G et 4G,2G-3G-4G,NON,TOA,null,2020,110505,ROOFTOP,null
588,TELMA_ANM391,AMBOHITRIMANJAKA2,TELMA,ANALAMANGA,AMBOHIDRATRIMO,AMBOHITRIMANJAKA,37.4,-18.868055555555557,47.45527777777778,TRUE,TRUE,TRUE,FALSE,2G et 3G et 4G,2G-3G-4G,NON,TOA,JIRAMA + BATTERIE,2023,110106,GREENFIELD,null
589,TELMA_ANM394,TAN_ANDOHATANJONA,TELMA,ANALAMANGA,ANTANANARIVO ATSIMONDRANO,ITAOSY,37.4,-18.904972222222224,47.46358333333333,TRUE,TRUE,TRUE,FALSE,2G et 3G et 4G,2G-3G-4G,NON,TOA,null,2018,110522,GREENFIELD,null
590,TELMA_ANM395,ANDOHATAPENAKA2,TELMA,ANALAMANGA,ANTANANARIVO ATSIMONDRANO,BEMASOANDRO,37.4,-18.904480555555555,47.498244444444445,TRUE,TRUE,TRUE,FALSE,2G et 3G et 4G,2G-3G-4G,NON,TOA,null,2021,110518,GREENFIELD,null
591,TELMA_ANM396,TAN_ANTAMBOLO,TELMA,ANALAMANGA,AMBOHIDRATRIMO,AMPANGABE,37.4,-18.881194444444443,47.37994444444445,TRUE,TRUE,TRUE,FALSE,2G et 3G et 4G,2G-3G-4G,NON,TOA,null,2018,110107,GREENFIELD,null
592,TELMA_ANM398,AQUAMAD,TELMA,ANALAMANGA,ANTANANARIVO_VI,CU ANTANANARIVO (ARR.VI ),15.4,-18.871194444444445,47.5101111111111,TRUE,TRUE,TRUE,FALSE,2G et 3G et 4G,2G-3G-4G,NON,TOA,null,2018,111201,ROOFTOP,null
593,TELMA_ANM399,BEVALALA,TELMA,ANALAMANGA,ANTANANARIVO ATSIMONDRANO,AMPANEFY,37.4,-18.977666666666668,47.50991666666667,TRUE,TRUE,TRUE,FALSE,2G et 3G et 4G,2G-3G-4G,NON,TOA,null,2018,110509,GREENFIELD,null
594,TELMA_ANM400,BYPASSNORD,TELMA,ANALAMANGA,ANTANANARIVO AVARADRANO,AMBOHIMANGAKELY,37.4,-18.927132,47.58316,TRUE,TRUE,TRUE,FALSE,2G et 3G et 4G,2G-3G-4G,NON,TOA,null,2017,110605,GREENFIELD,null
595,TELMA_ANM401,FORT-VOYRON,TELMA,ANALAMANGA,ANTANANARIVO_IV,CU ANTANANARIVO (Arr.IV),27.4,-18.929141,47.522587,TRUE,TRUE,TRUE,FALSE,2G et 3G et 4G,2G-3G-4G,NON,TOA,CHARGE DÉCHARGE,2023,111001,GREENFIELD,null
596,TELMA_ANM402,IVATO NE,TELMA,ANALAMANGA,AMBOHIDRATRIMO,AMBATOLAMPY,17.4,-18.79706,47.51789,TRUE,TRUE,TRUE,FALSE,2G et 3G et 4G,2G-3G-4G,NON,TOA,null,2021,110102,GREENFIELD,null
597,TELMA_ANM403,TAN_JIRAMA,TELMA,ANALAMANGA,ANTANANARIVO_I,CU ANTANANARIVO (Arr.I),12.4,-18.915055555555554,47.53186111111111,TRUE,TRUE,TRUE,FALSE,2G et 3G et 4G,2G-3G-4G,NON,TOA,null,2017,110701,ROOFTOP,null
598,TELMA_ANM406,TAN_67HA_CENTRE,TELMA,ANALAMANGA,ANTANANARIVO_I,CU ANTANANARIVO (Arr.I),32.2,-18.906083333333335,47.50761111111111,TRUE,TRUE,TRUE,FALSE,2G et 3G et 4G,2G-3G-4G,OUI,AIRTEL,JIRAMA + REDRESSEUR + GE,2023,110701,ROOFTOP,null
599,TELMA_ANM408,TAN_AMBATOBE_4,TELMA,ANALAMANGA,ANTANANARIVO_V,CU ANTANANARIVO (Arr.V),27.4,-18.87289,47.55302,TRUE,TRUE,TRUE,FALSE,2G et 3G et 4G,2G-3G-4G,NON,TOA,null,2017,111101,GREENFIELD,null
600,TELMA_ANM411,AMBOHIJATOVO_1,TELMA,ANALAMANGA,ANTANANARIVO_I,CU ANTANANARIVO (Arr.I),12.4,-18.909861111111113,47.52753055555556,TRUE,TRUE,TRUE,FALSE,2G et 3G et 4G,2G-3G-4G,NON,TOA,null,2017,110701,ROOFTOP,null
601,TELMA_ANM413,TAN_ANTANIMENA2,TELMA,ANALAMANGA,ANTANANARIVO_III,CU ANTANANARIVO (Arr.III),12.4,-18.8975,47.51861111111111,TRUE,TRUE,TRUE,FALSE,2G et 3G et 4G,2G-3G-4G,NON,TOA,null,2019,110901,ROOFTOP,null
602,TELMA_ANM414,TAN_ISOTRY2,TELMA,ANALAMANGA,ANTANANARIVO_I,CU ANTANANARIVO (Arr.I),15.4,-18.911219444444445,47.51555555555556,TRUE,TRUE,TRUE,FALSE,2G et 3G et 4G,2G-3G-4G,NON,TOA,null,2022,110701,ROOFTOP,null
603,TELMA_ANM415,TN_MAHAMASINA_1,TELMA,ANALAMANGA,ANTANANARIVO_IV,CU ANTANANARIVO (Arr.IV),12.4,-18.92313888888889,47.523694444444445,TRUE,TRUE,TRUE,FALSE,2G et 3G et 4G,2G-3G-4G,NON,TOA,null,2017,111001,ROOFTOP,null
604,TELMA_ANM416,TAN_NANISANA,TELMA,ANALAMANGA,ANTANANARIVO_V,CU ANTANANARIVO (Arr.V),12.4,-18.89425,47.54825,TRUE,TRUE,TRUE,FALSE,2G et 3G et 4G,2G-3G-4G,NON,TOA,null,2017,111101,ROOFTOP,null
605,TELMA_ANM421,IAVOLOHA PALAIS,TELMA,ANALAMANGA,ANTANANARIVO ATSIMONDRANO,ANDOHARANOFOTSY,14.4,-19.00322,47.52845,TRUE,TRUE,TRUE,FALSE,2G et 3G et 4G,2G-3G-4G,NON,PRESIDENCE,null,2023,110511,ROOFTOP,null
606,TELMA_ANM424,ANTOLOJANAHARY,TELMA,ANALAMANGA,ANKAZOBE,MAHAVELONA,37.4,-18.532027777777778,47.21111111111111,TRUE,TRUE,TRUE,FALSE,2G et 3G et 4G,2G-3G-4G,NON,TOA,null,2018,110409,GREENFIELD,null
607,TELMA_ANM427,TAN_AMBODIEMPONA,TELMA,ANALAMANGA,ANTANANARIVO_II,CU ANTANANARIVO (Arr.II),15.4,-18.920527777777778,47.55302777777778,TRUE,TRUE,TRUE,FALSE,2G et 3G et 4G,2G-3G-4G,NON,TOA,null,2018,110801,GREENFIELD,null
608,TELMA_ANM429,TAN_BESARETY2,TELMA,ANALAMANGA,ANTANANARIVO_III,CU ANTANANARIVO (Arr.III),12.4,-18.9011111,47.534778,TRUE,TRUE,TRUE,FALSE,2G et 3G et 4G,2G-3G-4G,NON,TOA,null,2018,110901,ROOFTOP,null
609,TELMA_ANM430,TAN_AMBONDRONA2,TELMA,ANALAMANGA,ANTANANARIVO_I,CU ANTANANARIVO (Arr.I),12.4,-18.905833333333334,47.52766666666667,TRUE,TRUE,TRUE,FALSE,2G et 3G et 4G,2G-3G-4G,NON,TOA,null,2019,110701,ROOFTOP,null
610,TELMA_ANM431,TAN_AMBATOMARO2,TELMA,ANALAMANGA,ANTANANARIVO_II,CU ANTANANARIVO (Arr.II),17.4,-18.9119,47.56332,TRUE,TRUE,TRUE,FALSE,2G et 3G et 4G,2G-3G-4G,NON,TOA,null,2018,110801,GREENFIELD,null
611,TELMA_ANM432,TAN_AMBANY_ATSIMO,TELMA,ANALAMANGA,ANTANANARIVO ATSIMONDRANO,TANJOMBATO,12.4,-18.965888888888887,47.53169444444445,TRUE,TRUE,TRUE,FALSE,2G et 3G et 4G,2G-3G-4G,NON,TOA,null,2018,110525,ROOFTOP,null
612,TELMA_ANM433,TAN_AMBOHIJAFY_ITAOSY,TELMA,ANALAMANGA,ANTANANARIVO ATSIMONDRANO,BEMASOANDRO,15.4,-18.91122222222222,47.48641666666666,TRUE,TRUE,TRUE,FALSE,2G et 3G et 4G,2G-3G-4G,NON,TOA,null,2020,110518,ROOFTOP,null
613,TELMA_ANM434,TAN_ANKADIFOTSY2,TELMA,ANALAMANGA,ANTANANARIVO_III,CU ANTANANARIVO (Arr.III),15.4,-18.9009,47.52746,TRUE,TRUE,TRUE,FALSE,2G et 3G et 4G,2G-3G-4G,NON,TOA,null,2020,110901,ROOFTOP,null
614,TELMA_ANM435,TAN_AMBOHIMANGAKELY2,TELMA,ANALAMANGA,ANTANANARIVO AVARADRANO,AMBOHIMANGAKELY,27.4,-18.900833333333335,47.59972222222222,TRUE,TRUE,TRUE,FALSE,2G et 3G et 4G,2G-3G-4G,NON,TOA,null,2018,110605,GREENFIELD,null
615,TELMA_ANM436,TAN_MANDROSEZA2,TELMA,ANALAMANGA,ANTANANARIVO_II,CU ANTANANARIVO (Arr.II),27.4,-18.93475,47.545138888888886,TRUE,TRUE,TRUE,FALSE,2G et 3G et 4G,2G-3G-4G,NON,TOA,null,2019,110801,GREENFIELD,null
616,TELMA_ANM437,TAN_ANDRAISORO2,TELMA,ANALAMANGA,ANTANANARIVO_V,CU ANTANANARIVO (Arr.V),37.4,-18.89961111111111,47.56022222222222,TRUE,TRUE,TRUE,FALSE,2G et 3G et 4G,2G-3G-4G,NON,TOA,null,2018,111101,GREENFIELD,null
617,TELMA_ANM438,TAN_BERAVINA_ITAOSY,TELMA,ANALAMANGA,ANTANANARIVO ATSIMONDRANO,ANDRANONAHOATRA,12.4,-18.916027777777778,47.47675,TRUE,TRUE,TRUE,FALSE,2G et 3G et 4G,2G-3G-4G,NON,TOA,null,2019,110512,ROOFTOP,null
618,TELMA_ANM440,TAN_ANKATSO2,TELMA,ANALAMANGA,ANTANANARIVO_II,CU ANTANANARIVO (Arr.II),37.4,-18.9195,47.555527777777776,TRUE,TRUE,TRUE,FALSE,2G et 3G et 4G,2G-3G-4G,NON,TELMA,null,2017,110801,GREENFIELD,null
619,TELMA_ANM443,ANJIRO,TELMA,ANALAMANGA,ANJOZOROBE,BETATAO,37.4,-18.18331,48.00758,TRUE,TRUE,TRUE,FALSE,2G et 3G et 4G,2G-3G-4G,NON,TOA,null,2015,110315,GREENFIELD,null
620,TELMA_ANM444,FENOARIVO_ALAK,TELMA,ANALAMANGA,ANTANANARIVO ATSIMONDRANO,ALAKAMISY FENOARIVO,27.4,-18.9398944,47.4235527777777,TRUE,TRUE,TRUE,FALSE,2G et 3G et 4G,2G-3G-4G,NON,TELMA,null,2006,110501,GREENFIELD,null
621,TELMA_ANM445,TAN_ANOSIBE,TELMA,ANALAMANGA,ANTANANARIVO_IV,CU ANTANANARIVO (Arr.IV),27.4,-18.92326,47.51578,TRUE,TRUE,TRUE,FALSE,2G et 3G et 4G,2G-3G-4G,NON,TOA,null,2007,111001,GREENFIELD,null
622,TELMA_ANM446,TAN_ANTANIMENA3,TELMA,ANALAMANGA,ANTANANARIVO_III,CU ANTANANARIVO (Arr.III),16.4,-18.8963,47.52377,TRUE,TRUE,TRUE,FALSE,2G et 3G et 4G,2G-3G-4G,NON,TOA,null,2019,110901,ROOFTOP,null
623,TELMA_ANM447,TAN_ANDOHANMANDROSEZA,TELMA,ANALAMANGA,ANTANANARIVO_II,CU ANTANANARIVO (Arr.II),12.4,-18.92682,47.55703,TRUE,TRUE,TRUE,FALSE,2G et 3G et 4G,2G-3G-4G,NON,TOA,null,2020,110801,ROOFTOP,null
624,TELMA_ANM448,TAN_MASCAR,TELMA,ANALAMANGA,ANTANANARIVO_V,CU ANTANANARIVO (Arr.V),16.4,-18.8967,47.53364,TRUE,TRUE,TRUE,FALSE,2G et 3G et 4G,2G-3G-4G,NON,TOA,null,2019,111101,ROOFTOP,null
625,TELMA_ANM449,TAN_ANKADIKELY2,TELMA,ANALAMANGA,ANTANANARIVO AVARADRANO,ANKADIKELY ILAFY,27.4,-18.8473,47.55345,TRUE,TRUE,TRUE,FALSE,2G et 3G et 4G,2G-3G-4G,NON,TOA,null,2019,110607,GREENFIELD,null
626,TELMA_ANM450,TAN_BELANITRA,TELMA,ANALAMANGA,ANTANANARIVO AVARADRANO,ANKADIKELY ILAFY,27.4,-18.8426778,47.5338333333333,TRUE,TRUE,TRUE,FALSE,2G et 3G et 4G,2G-3G-4G,NON,TOA,null,2019,110607,GREENFIELD,null
627,TELMA_ANM451,ANTANIMENAKELY,TELMA,ANALAMANGA,ANTANANARIVO ATSIMONDRANO,ANOSIZATO ANDREFANA,12.4,-18.9376027777778,47.4897138888889,TRUE,TRUE,TRUE,FALSE,2G et 3G et 4G,2G-3G-4G,NON,TOA,null,2022,110516,ROOFTOP,null
628,TELMA_ANM452,IMERINAFOVOANY,TELMA,ANALAMANGA,AMBOHIDRATRIMO,TALATAMATY,12.4,-18.8427166666667,47.4679972222222,TRUE,TRUE,TRUE,FALSE,2G et 3G et 4G,2G-3G-4G,NON,TOA,null,2019,110125,ROOFTOP,null
629,TELMA_ANM453,IVATO_NORD,TELMA,ANALAMANGA,AMBOHIDRATRIMO,IVATO,12.4,-18.7840027777778,47.4664638888889,TRUE,TRUE,TRUE,FALSE,2G et 3G et 4G,2G-3G-4G,NON,TOA,null,2020,110118,GREENFIELD,null
630,TELMA_ANM454,ANOSIAVARATRA,TELMA,ANALAMANGA,ANTANANARIVO AVARADRANO,SABOTSY NAMEHANA,37.4,-18.815,47.55694444444445,TRUE,TRUE,TRUE,FALSE,2G et 3G et 4G,2G-3G-4G,NON,TOA,null,2018,110612,GREENFIELD,null
631,TELMA_ANM455,AMBODIAFONTSY_VILLAGE,TELMA,ANALAMANGA,ANTANANARIVO ATSIMONDRANO,AMPITATAFIKA,37.4,-18.9435916666667,47.4651472222222,TRUE,TRUE,TRUE,FALSE,2G et 3G et 4G,2G-3G-4G,NON,TOA,null,2019,110510,GREENFIELD,null
632,TELMA_ANM456,AMBOHIMAMORY2,TELMA,ANALAMANGA,ANTANANARIVO ATSIMONDRANO,ANDRANONAHOATRA,37.4,-18.930175,47.4763388888889,TRUE,TRUE,TRUE,FALSE,2G et 3G et 4G,2G-3G-4G,NON,TOA,null,2006,110512,GREENFIELD,null
633,TELMA_ANM457,TAN_TSARAHONENANA2,TELMA,ANALAMANGA,ANTANANARIVO_V,CU ANTANANARIVO (Arr.V),16.4,-18.906609,47.552274,TRUE,TRUE,TRUE,FALSE,2G et 3G et 4G,2G-3G-4G,NON,TOA,null,2019,111101,ROOFTOP,null
634,TELMA_ANM458,AMBOHIJANAKA,TELMA,ANALAMANGA,ANTANANARIVO ATSIMONDRANO,AMBOHIJANAKA,37.4,-18.999275,47.5610305555556,TRUE,TRUE,TRUE,FALSE,2G et 3G et 4G,2G-3G-4G,NON,TOA,null,2019,110507,GREENFIELD,null
635,TELMA_ANM459,MAHITSY_DENSIF,TELMA,ANALAMANGA,AMBOHIDRATRIMO,MANANJARA,37.4,-18.735075,47.3296388888889,TRUE,TRUE,TRUE,FALSE,2G et 3G et 4G,2G-3G-4G,NON,TOA,null,2019,110122,GREENFIELD,null
636,TELMA_ANM460,TAN_BETONGOLO,TELMA,ANALAMANGA,ANTANANARIVO_III,CU ANTANANARIVO (Arr.III),27.4,-18.9071194,47.5417916666666,TRUE,TRUE,TRUE,FALSE,2G et 3G et 4G,2G-3G-4G,NON,TOA,null,2019,110901,GREENFIELD,null
637,TELMA_ANM461,TAN_LESIX,TELMA,ANALAMANGA,ANTANANARIVO_I,CU ANTANANARIVO (Arr.I),12.4,-18.910555555555554,47.52611111111111,TRUE,TRUE,TRUE,FALSE,2G et 3G et 4G,2G-3G-4G,NON,TOA,null,2018,110701,ROOFTOP,null
638,TELMA_ANM463,TAN_AMBATOMENA,TELMA,ANALAMANGA,ANTANANARIVO_I,CU ANTANANARIVO (Arr.I),17.4,-18.9077944444444,47.5240444444444,TRUE,TRUE,TRUE,FALSE,2G et 3G et 4G,2G-3G-4G,NON,TOA,null,2022,110701,ROOFTOP,null
639,TELMA_ANM464,AMBOHIJAFY_FENOARIVO,TELMA,ANALAMANGA,ANTANANARIVO ATSIMONDRANO,FENOARIVO,37.4,-18.913333333333334,47.43138888888889,TRUE,TRUE,TRUE,FALSE,2G et 3G et 4G,2G-3G-4G,NON,TOA,null,2018,110520,GREENFIELD,null
640,TELMA_ANM465,AMBOHIMANGIDY,TELMA,ANALAMANGA,ANTANANARIVO ATSIMONDRANO,AMPITATAFIKA,37.4,-18.9561166666667,47.4782083333333,TRUE,TRUE,TRUE,FALSE,2G et 3G et 4G,2G-3G-4G,NON,TOA,CHARGE DÉCHARGE,2023,110510,GREENFIELD,null
641,TELMA_ANM466,TALATA ANGAVO,TELMA,ANALAMANGA,ANKAZOBE,TALATA-ANGAVO,17.4,-18.211278,47.087693,TRUE,TRUE,TRUE,FALSE,2G et 3G et 4G,2G-3G-4G,NON,TOA,null,2020,110412,GREENFIELD,null
642,TELMA_ANM468,ANGANOMASINA,TELMA,ANALAMANGA,ANTANANARIVO AVARADRANO,ALASORA,37.4,-18.9681638888889,47.561075,TRUE,TRUE,TRUE,FALSE,2G et 3G et 4G,2G-3G-4G,NON,TOA,null,2019,110601,GREENFIELD,null
643,TELMA_ANM469,TAN_PETITEVITESSE,TELMA,ANALAMANGA,ANTANANARIVO_I,CU ANTANANARIVO (Arr.I),12.4,-18.9062,47.514839,TRUE,TRUE,TRUE,FALSE,2G et 3G et 4G,2G-3G-4G,NON,TOA,null,2019,110701,ROOFTOP,null
644,TELMA_ANM470,ANTSAMPANDRANO ILAFY,TELMA,ANALAMANGA,ANTANANARIVO AVARADRANO,SABOTSY NAMEHANA,37.4,-18.838656,47.577108,TRUE,TRUE,TRUE,FALSE,2G et 3G et 4G,2G-3G-4G,NON,TOA,null,2019,110612,GREENFIELD,null
645,TELMA_ANM471,TSIAFAHY,TELMA,ANALAMANGA,ANTANANARIVO ATSIMONDRANO,AMBALAVAO,37.4,-19.0950805555556,47.5615805555556,TRUE,TRUE,TRUE,FALSE,2G et 3G et 4G,2G-3G-4G,NON,TOA,null,2019,110503,GREENFIELD,null
646,TELMA_ANM472,AMBOHIJANAKA ANDRAMASINA,TELMA,ANALAMANGA,ANDRAMASINA,FITSINJOVANA BAKARO,37.4,-19.365188,47.770044,TRUE,TRUE,TRUE,FALSE,2G et 3G et 4G,2G-3G-4G,NON,TOA,null,2019,110208,GREENFIELD,null
647,TELMA_ANM476,MAROTSIPOY,TELMA,ANALAMANGA,ANJOZOROBE,MAROTSIPOY,37.4,-17.931885,47.683352,TRUE,FALSE,TRUE,FALSE,2G et 4G,2G-4G,NON,TOA,null,2020,110317,GREENFIELD,null
648,TELMA_ANM477,TAN_ANATIHAZO2,TELMA,ANALAMANGA,ANTANANARIVO_I,CU ANTANANARIVO (Arr.I),15.4,-18.9142472222222,47.5119027777778,TRUE,TRUE,TRUE,FALSE,2G et 3G et 4G,2G-3G-4G,NON,TOA,null,2020,110701,ROOFTOP,null
649,TELMA_ANM478,TAN_NOVOTEL,TELMA,ANALAMANGA,ANTANANARIVO_V,CU ANTANANARIVO (Arr.V),25.4,-18.872383,47.522437,TRUE,TRUE,TRUE,TRUE,2G et 3G et 4G et 5G,2G-3G-4G-5G,NON,TOA,null,2019,111101,ROOFTOP,null
650,TELMA_ANM479,AMBOHIDRATRIMO2,TELMA,ANALAMANGA,AMBOHIDRATRIMO,AMBOHIDRATRIMO,37.4,-18.813452,47.451111,TRUE,TRUE,TRUE,FALSE,2G et 3G et 4G,2G-3G-4G,NON,TOA,null,2021,110103,GREENFIELD,null
651,TELMA_ANM480,AMBOHIBEMANJAKA,TELMA,ANALAMANGA,ANDRAMASINA,ALAROBIA VATOSOLA,37.4,-19.244023,47.668408,TRUE,TRUE,TRUE,FALSE,2G et 3G et 4G,2G-3G-4G,NON,TOA,null,2020,110201,GREENFIELD,null
652,TELMA_ANM481,ANKADITOHO,TELMA,ANALAMANGA,ANTANANARIVO_IV,CU ANTANANARIVO (Arr.IV),15.4,-18.939702,47.529206,TRUE,TRUE,TRUE,FALSE,2G et 3G et 4G,2G-3G-4G,NON,TOA,null,2022,111001,ROOFTOP,null
653,TELMA_ANM482,AMPASIKA,TELMA,ANALAMANGA,ANTANANARIVO ATSIMONDRANO,BEMASOANDRO,12.4,-18.909409,47.49957,TRUE,TRUE,TRUE,FALSE,2G et 3G et 4G,2G-3G-4G,NON,TOA,null,2021,110518,ROOFTOP,null
654,TELMA_ANM486,MASAY,TELMA,ANALAMANGA,ANTANANARIVO_V,CU ANTANANARIVO (Arr.V),15.4,-18.884476,47.535572,TRUE,TRUE,TRUE,FALSE,2G et 3G et 4G,2G-3G-4G,NON,TOA,null,2021,111101,GREENFIELD,null
655,TELMA_ANM487,MANDROSOA2,TELMA,ANALAMANGA,AMBOHIDRATRIMO,TALATAMATY,27.4,-18.824401,47.46968,TRUE,FALSE,TRUE,FALSE,2G et 4G,2G-4G,NON,TOA,JIRAMA + GE,2023,110125,ZEBU,null
656,TELMA_ANM492,TAN ALOE,TELMA,ANALAMANGA,ANTANANARIVO_III,CU ANTANANARIVO (Arr.III),12.4,-18.899166666666666,47.520833333333336,TRUE,TRUE,TRUE,TRUE,2G et 3G et 4G et 5G,2G-3G-4G-5G,NON,TOA,null,2020,110901,ROOFTOP,null
657,TELMA_ANM493,TAN_ANDRAHARO_OTC_PARKING,TELMA,ANALAMANGA,ANTANANARIVO_VI,CU ANTANANARIVO (ARR.VI ),15.4,-18.88138888888889,47.50833333333333,TRUE,TRUE,TRUE,FALSE,2G et 3G et 4G,2G-3G-4G,NON,TOA,null,2022,111201,ROOFTOP,null
658,TELMA_ANM494,FARALAZA,TELMA,ANALAMANGA,AMBOHIDRATRIMO,TALATAMATY,37.4,-18.846899,47.45304,TRUE,TRUE,TRUE,FALSE,2G et 3G et 4G,2G-3G-4G,NON,TOA,null,2020,110125,GREENFIELD,null
659,TELMA_ANM495,ANDOHARANOFOTSY3,TELMA,ANALAMANGA,ANTANANARIVO ATSIMONDRANO,ANDOHARANOFOTSY,15.4,-18.97824,47.532801,TRUE,TRUE,TRUE,FALSE,2G et 3G et 4G,2G-3G-4G,NON,TOA,null,2020,110511,ROOFTOP,null
660,TELMA_ANM498,TAN SOAVIMBAHOAKA,TELMA,ANALAMANGA,ANTANANARIVO_V,CU ANTANANARIVO (Arr.V),27.4,-18.889016,47.542529,TRUE,TRUE,TRUE,FALSE,2G et 3G et 4G,2G-3G-4G,NON,TOA,null,2022,111101,GREENFIELD,null
661,TELMA_ANM499,MANDRIMENA,TELMA,ANALAMANGA,ANTANANARIVO ATSIMONDRANO,ANDOHARANOFOTSY,12.4,-18.992252,47.53614,TRUE,TRUE,TRUE,FALSE,2G et 3G et 4G,2G-3G-4G,NON,TOA,null,2020,110511,GREENFIELD,null
662,TELMA_ANM500,ANOSIBE 3,TELMA,ANALAMANGA,ANTANANARIVO_IV,CU ANTANANARIVO (Arr.IV),12.4,-18.92423,47.51071,TRUE,TRUE,TRUE,FALSE,2G et 3G et 4G,2G-3G-4G,NON,TOA,null,2022,111001,ROOFTOP,null
663,TELMA_ANM502,AMBODIFASINA TSIMAHAFOTSY,TELMA,ANALAMANGA,AMBOHIDRATRIMO,ANTEHIROKA,22.4,-18.81195,47.513621,TRUE,TRUE,TRUE,FALSE,2G et 3G et 4G,2G-3G-4G,NON,TOA,null,2020,110112,GREENFIELD,null
664,TELMA_ANM504,AKAMASOA,TELMA,ANALAMANGA,ANTANANARIVO AVARADRANO,AMBOHIMANGAKELY,27.4,-18.891297,47.576972,TRUE,TRUE,TRUE,FALSE,2G et 3G et 4G,2G-3G-4G,NON,TOA,null,2020,110605,GREENFIELD,null
665,TELMA_ANM505,IFARIHY,TELMA,ANALAMANGA,ANTANANARIVO ATSIMONDRANO,ANKARAOBATO,15.4,-18.964059,47.545336,TRUE,TRUE,TRUE,FALSE,2G et 3G et 4G,2G-3G-4G,NON,TOA,JIRAMA + GE,2023,110515,ROOFTOP,null
666,TELMA_ANM507,CITÉ FRAISE 2,TELMA,ANALAMANGA,ANTANANARIVO AVARADRANO,ANKADIKELY ILAFY,9.4,-18.858718,47.544119,TRUE,TRUE,TRUE,FALSE,2G et 3G et 4G,2G-3G-4G,NON,TOA,null,2022,110607,GREENFIELD,null
667,TELMA_ANM508,FUTURA,TELMA,ANALAMANGA,AMBOHIDRATRIMO,ANTEHIROKA,15.4,-18.848552,47.480449,TRUE,TRUE,TRUE,FALSE,2G et 3G et 4G,2G-3G-4G,NON,TOA,null,2020,110112,ROOFTOP,null
668,TELMA_ANM509,ANTSALOVANA,TELMA,ANALAMANGA,ANTANANARIVO_I,CU ANTANANARIVO (Arr.I),15.4,-18.897767,47.510892,TRUE,TRUE,TRUE,FALSE,2G et 3G et 4G,2G-3G-4G,NON,TOA,null,2022,110701,ROOFTOP,null
669,TELMA_ANM510,ANTSAKAMBAHINY,TELMA,ANALAMANGA,AMBOHIDRATRIMO,ANTEHIROKA,27.4,-18.83315,47.499574,TRUE,TRUE,TRUE,FALSE,2G et 3G et 4G,2G-3G-4G,NON,TOA,JIRAMA + GE,2023,110112,GREENFIELD,null
670,TELMA_ANM512,AMBONIAKONDRO,TELMA,ANALAMANGA,ANJOZOROBE,AMBOHIBARY,37.4,-18.033863,47.595969,TRUE,TRUE,TRUE,FALSE,2G et 3G et 4G,2G-3G-4G,NON,TOA,null,2020,110304,GREENFIELD,null
671,TELMA_ANM513,AMPARIHY ANM,TELMA,ANALAMANGA,ANJOZOROBE,AMBOHIMIRARY,37.4,-18.276201,47.775793,TRUE,TRUE,TRUE,FALSE,2G et 3G et 4G,2G-3G-4G,NON,TOA,null,2020,110306,GREENFIELD,null
672,TELMA_ANM514,RANOVAO,TELMA,ANALAMANGA,MANJAKANDRIANA,RANOVAO,37.4,-18.857518,47.791805,TRUE,TRUE,TRUE,FALSE,2G et 3G et 4G,2G-3G-4G,NON,TOA,null,2020,111322,GREENFIELD,null
673,TELMA_ANM517,GALAXY CAMPUS,TELMA,ANALAMANGA,ANTANANARIVO_VI,CU ANTANANARIVO (ARR.VI ),6.0,-18.880636,47.508422,FALSE,FALSE,TRUE,TRUE,4G et 5G,4G-5G,NON,TOA,null,2023,111201,FAUX PLAFOND INDOOR,null
674,TELMA_ANM519,IARINARIVO,TELMA,ANALAMANGA,AMBOHIDRATRIMO,IARINARIVO,37.4,-18.834807,47.41764,TRUE,TRUE,TRUE,FALSE,2G et 3G et 4G,2G-3G-4G,NON,TOA,null,2020,110116,GREENFIELD,null
675,TELMA_ANM521,TRIMOLOHARANO,TELMA,ANALAMANGA,ANDRAMASINA,AMBOHIMIADANA,37.4,-19.192973,47.775127,TRUE,TRUE,TRUE,FALSE,2G et 3G et 4G,2G-3G-4G,NON,TOA,null,2021,110203,GREENFIELD,null
676,TELMA_ANM522,ISOAVINA AMBATOMANGA,TELMA,ANALAMANGA,MANJAKANDRIANA,AMBATOMANGA,37.4,-19.007453,47.768553,TRUE,TRUE,TRUE,FALSE,2G et 3G et 4G,2G-3G-4G,NON,TOA,null,2021,111304,GREENFIELD,null
677,TELMA_ANM523,ANDRANOTSIMIHOZO,TELMA,ANALAMANGA,MANJAKANDRIANA,ANKAZODANDY,37.4,-18.666495,47.819909,TRUE,TRUE,TRUE,FALSE,2G et 3G et 4G,2G-3G-4G,NON,TOA,null,2021,111315,GREENFIELD,null
678,TELMA_ANM525,MANTASOA3_CA,TELMA,ANALAMANGA,MANJAKANDRIANA,MANTASOA,37.4,-18.983642,47.874303,TRUE,TRUE,TRUE,FALSE,2G et 3G et 4G,2G-3G-4G,NON,TOA,null,2021,111318,GREENFIELD,null
679,TELMA_ANM526,AMBATOMANOINA 2,TELMA,ANALAMANGA,ANJOZOROBE,AMBATOMANOINA,37.4,-18.313676,47.663044,TRUE,TRUE,TRUE,FALSE,2G et 3G et 4G,2G-3G-4G,NON,TOA,null,2021,110302,GREENFIELD,null
680,TELMA_ANM530,MASINDRAY,TELMA,ANALAMANGA,ANTANANARIVO AVARADRANO,MASINDRAY,37.4,-18.990325,47.614106,TRUE,TRUE,TRUE,FALSE,2G et 3G et 4G,2G-3G-4G,NON,TOA,null,2021,110611,GREENFIELD,null
681,TELMA_ANM531,SABOTSY ANDRAMASINA,TELMA,ANALAMANGA,ANDRAMASINA,SABOTSY AMBOHITROMBY,37.4,-19.245334,47.581439,TRUE,TRUE,TRUE,FALSE,2G et 3G et 4G,2G-3G-4G,NON,TOA,null,2020,110210,GREENFIELD,null
682,TELMA_ANM532,AVARATSENA ANM,TELMA,ANALAMANGA,AMBOHIDRATRIMO,AVARATSENA,37.4,-18.627366,47.622897,TRUE,TRUE,TRUE,FALSE,2G et 3G et 4G,2G-3G-4G,NON,TOA,null,2021,110114,GREENFIELD,null
683,TELMA_ANM533,BERONONO_DSF,TELMA,ANALAMANGA,ANJOZOROBE,BERONONO,37.4,-18.232696,47.522724,TRUE,TRUE,TRUE,FALSE,2G et 3G et 4G,2G-3G-4G,NON,TOA,null,2021,110314,GREENFIELD,null
684,TELMA_ANM534,SAHA FOREST CAMP ALT,TELMA,ANALAMANGA,ANJOZOROBE,ANJOZOROBE,37.4,-18.413297,47.925317,TRUE,TRUE,TRUE,FALSE,2G et 3G et 4G,2G-3G-4G,NON,TOA,null,2022,110311,GREENFIELD,null
685,TELMA_ANM535,BAKARO,TELMA,ANALAMANGA,ANDRAMASINA,ALATSINAINY BAKARO,37.4,-19.310567,47.749494,TRUE,TRUE,TRUE,FALSE,2G et 3G et 4G,2G-3G-4G,NON,TOA,null,2021,110202,GREENFIELD,null
686,TELMA_ANM538,TAN_MIANDRARIVO,TELMA,ANALAMANGA,ANTANANARIVO_II,CU ANTANANARIVO (Arr.II),14.4,-18.92414,47.535926,TRUE,TRUE,TRUE,FALSE,2G et 3G et 4G,2G-3G-4G,NON,TOA,JIRAMA + BATTERIE,2023,110801,GREENFIELD,null
687,TELMA_ANM539,IVATO_LIFE,TELMA,ANALAMANGA,AMBOHIDRATRIMO,IVATO,27.4,-18.806783,47.476853,TRUE,TRUE,TRUE,FALSE,2G et 3G et 4G,2G-3G-4G,NON,TOA,null,2021,110118,GREENFIELD,null
688,TELMA_ANM543,TAN_BORAH,TELMA,ANALAMANGA,ANTANANARIVO_IV,CU ANTANANARIVO (Arr.IV),42.4,-18.942978,47.5029459,TRUE,TRUE,TRUE,FALSE,2G et 3G et 4G,2G-3G-4G,NON,TOA,null,2022,111001,GREENFIELD,null
689,TELMA_ANM544,TAN_GALAXY_MICROSITE,TELMA,ANALAMANGA,ANTANANARIVO_VI,CU ANTANANARIVO (ARR.VI ),14.000000000000002,-18.879554,47.508023,TRUE,TRUE,TRUE,FALSE,2G et 3G et 4G,2G-3G-4G,NON,TOA,null,2022,111201,GREENFIELD,null
690,TELMA_ANM546,FENOARIVO,TELMA,ANALAMANGA,ANTANANARIVO ATSIMONDRANO,FENOARIVO,37.4,-18.937195,47.434034,TRUE,TRUE,TRUE,FALSE,2G et 3G et 4G,2G-3G-4G,NON,TOA,null,2022,110520,GREENFIELD,null
691,TELMA_ANM547,ALAKAMISY_SALAMA,TELMA,ANALAMANGA,AMBOHIDRATRIMO,ANOSIALA,12.4,-18.794058,47.424359,TRUE,TRUE,TRUE,FALSE,2G et 3G et 4G,2G-3G-4G,NON,TOA,JIRAMA + BATTERIE,2023,110110,GREENFIELD,null
692,TELMA_ANM551,TAN_ZITAL,TELMA,ANALAMANGA,ANTANANARIVO_III,CU ANTANANARIVO (Arr.III),37.4,-18.888022,47.528001,TRUE,TRUE,TRUE,FALSE,2G et 3G et 4G,2G-3G-4G,NON,TOA,CHARGE DÉCHARGE,2023,110901,GREENFIELD,null
693,TELMA_ANM552,TAN_ANTSONJOMBE,TELMA,ANALAMANGA,ANTANANARIVO_V,CU ANTANANARIVO (Arr.V),27.4,-18.868083333333335,47.542944444444444,TRUE,TRUE,TRUE,TRUE,2G et 3G et 4G et 5G,2G-3G-4G-5G,NON,TOA,null,2021,111101,GREENFIELD,null
694,TELMA_ANM555,TAN_MAHATONY,TELMA,ANALAMANGA,ANTANANARIVO_V,CU ANTANANARIVO (Arr.V),9.4,-18.865748,47.524169,TRUE,TRUE,TRUE,FALSE,2G et 3G et 4G,2G-3G-4G,NON,TOA,JIRAMA + GE,2023,111101,GREENFIELD,null
695,TELMA_ANM600,TAN_MORONDAVA,TELMA,ANALAMANGA,AMBOHIDRATRIMO,ANTEHIROKA,12.4,-18.852846,47.465807,TRUE,TRUE,TRUE,FALSE,2G et 3G et 4G,2G-3G-4G,NON,TOA,null,2022,110112,GREENFIELD,null
696,TELMA_ANM602,TAN_MAHATSARA,TELMA,ANALAMANGA,ANTANANARIVO AVARADRANO,AMBOHIMANGAKELY,37.4,-18.878736,47.596724,TRUE,TRUE,TRUE,FALSE,2G et 3G et 4G,2G-3G-4G,NON,TOA,null,2021,110605,GREENFIELD,null
697,TELMA_ANM604,TAN_ILANIVATO (SUR LIFE),TELMA,ANALAMANGA,ANTANANARIVO_IV,CU ANTANANARIVO (Arr.IV),17.4,-18.926861,47.500638,TRUE,TRUE,TRUE,FALSE,2G et 3G et 4G,2G-3G-4G,NON,TOA,JIRAMA,2023,111001,GREENFIELD,null
698,TELMA_ANM619,BYPASS 2,TELMA,ANALAMANGA,ANTANANARIVO AVARADRANO,AMBOHIMANGAKELY,27.4,-18.9079405586034,47.5816470020134,TRUE,TRUE,TRUE,FALSE,2G et 3G et 4G,2G-3G-4G,NON,TOA,CHARGE DÉCHARGE,2023,110605,GREENFIELD,null
699,TELMA_ANM621,VOLOTARA,TELMA,ANALAMANGA,ANTANANARIVO ATSIMONDRANO,ANDOHARANOFOTSY,18.4,-18.978856115024,47.5258348308195,TRUE,TRUE,FALSE,FALSE,2G et 3G,2G-3G,NON,TOA,JIRAMA + GE,2023,110511,ROOFTOP,null
700,TELMA_ANM622,AMBOHIDRAPETO2,TELMA,ANALAMANGA,ANTANANARIVO ATSIMONDRANO,AMBOHIDRAPETO,15.4,-18.9043302168308,47.478280383145,TRUE,TRUE,TRUE,FALSE,2G et 3G et 4G,2G-3G-4G,NON,TOA,JIRAMA + GE,2023,110506,ROOFTOP,null
701,TELMA_ANM623,AMBOHIDRATRIMO ROVA,TELMA,ANALAMANGA,AMBOHIDRATRIMO,AMBOHIDRATRIMO,27.4,-18.821788,47.442401,TRUE,TRUE,TRUE,FALSE,2G et 3G et 4G,2G-3G-4G,NON,TOA,CHARGE DÉCHARGE,2023,110103,GREENFIELD,null
702,TELMA_ANM624,AMBATOBE MOVE,TELMA,ANALAMANGA,ANTANANARIVO_V,CU ANTANANARIVO (Arr.V),27.4,-18.8785637490327,47.5565772112211,TRUE,TRUE,TRUE,TRUE,2G et 3G et 4G et 5G,2G-3G-4G-5G,NON,TOA,CHARGE DÉCHARGE,2023,111101,GREENFIELD,null
703,TELMA_ANM630,AMPANGABE,TELMA,ANALAMANGA,AMBOHIDRATRIMO,AMBOHITRIMANJAKA,37.4,-18.8643947808416,47.4184509395471,TRUE,TRUE,TRUE,FALSE,2G et 3G et 4G,2G-3G-4G,NON,TOA,CHARGE DÉCHARGE,2023,110106,GREENFIELD,null
704,TELMA_ANM631,AMBOHIMANGA,TELMA,ANALAMANGA,ANTANANARIVO AVARADRANO,AMBOHIMANGA ROVA,37.4,-18.7604703310844,47.5783192880185,TRUE,TRUE,TRUE,FALSE,2G et 3G et 4G,2G-3G-4G,NON,TOA,null,2022,110604,GREENFIELD,null
705,TELMA_ANM632,ANKADY2,TELMA,ANALAMANGA,ANTANANARIVO ATSIMONDRANO,ANKARAOBATO,12.4,-18.9617379436143,47.5336705765597,TRUE,TRUE,TRUE,FALSE,2G et 3G et 4G,2G-3G-4G,NON,TOA,JIRAMA + GE,2023,110515,ROOFTOP,null
706,TELMA_ANM635,MANDRAKA,TELMA,ANALAMANGA,MANJAKANDRIANA,AMBATOLOANA,9.4,-18.913888888888888,47.91583333333333,TRUE,TRUE,TRUE,FALSE,2G et 3G et 4G,2G-3G-4G,NON,TOA,ENERGIE SOLAIRE + GE,2023,111303,GREENFIELD,null
707,TELMA_ANM637,TAN_AMBOHIDRATRIMO3,TELMA,ANALAMANGA,AMBOHIDRATRIMO,AMBOHIDRATRIMO,37.4,-18.8261,47.43522,TRUE,TRUE,TRUE,FALSE,2G et 3G et 4G,2G-3G-4G,NON,TOA,null,2023,110103,GREENFIELD,null
708,TELMA_ANM646,ANTANETIBE ANATIVOLO,TELMA,ANALAMANGA,ANJOZOROBE,ANTANETIBE,37.4,-18.408895,47.565342,TRUE,TRUE,TRUE,FALSE,2G et 3G et 4G,2G-3G-4G,NON,TOA,ENERGIE SOLAIRE + GE,2023,110312,GREENFIELD,null
709,TELMA_ANM647,ANALAROA,TELMA,ANALAMANGA,ANJOZOROBE,ANALAROA,37.4,-18.417596,47.73996,TRUE,TRUE,TRUE,FALSE,2G et 3G et 4G,2G-3G-4G,NON,TOA,ENERGIE SOLAIRE + GE,2023,110309,GREENFIELD,null
710,TELMA_ANM648,ANJEPY,TELMA,ANALAMANGA,MANJAKANDRIANA,ANJEPY,37.4,-18.867337,47.724521,TRUE,TRUE,TRUE,FALSE,2G et 3G et 4G,2G-3G-4G,NON,TOA,ENERGIE SOLAIRE + GE,2023,111313,GREENFIELD,null
711,TELMA_ANM673,TAN BIBILAVA,TELMA,ANALAMANGA,ANTANANARIVO_II,CU ANTANANARIVO (Arr.II),17.4,-18.9192,47.5681,TRUE,TRUE,TRUE,FALSE,2G et 3G et 4G,2G-3G-4G,NON,TOA,CHARGE DÉCHARGE,2023,110801,GREENFIELD,null
712,TELMA_ANM679,TANA AMBOATANY,TELMA,ANALAMANGA,AMBOHIDRATRIMO,MERIMANDROSO,37.4,-18.763504,47.534189,TRUE,TRUE,TRUE,FALSE,2G et 3G et 4G,2G-3G-4G,NON,TOA,CHARGE DÉCHARGE,2023,110124,GREENFIELD,null
713,TELMA_ANM680,TSARAMASOANDRO,TELMA,ANALAMANGA,ANKAZOBE,TSARAMASOANDRO,37.4,-17.946128,47.213032,TRUE,TRUE,TRUE,FALSE,2G et 3G et 4G,2G-3G-4G,NON,TOA,CHARGE DÉCHARGE,2023,110413,GREENFIELD,null
714,TELMA_ANO001,TLNR_AMPASIKABO,TELMA,ANOSY,TAOLANARO,TOLAGNARO,33.4,-25.02842,46.99008,TRUE,TRUE,TRUE,FALSE,2G et 3G et 4G,2G-3G-4G,NON,TOA,null,2007,620327,GREENFIELD,null
715,TELMA_ANO002,TAOLANARO_TELMA,TELMA,ANOSY,TAOLANARO,TOLAGNARO,32.4,-25.02853,46.998,TRUE,TRUE,TRUE,FALSE,2G et 3G et 4G,2G-3G-4G,NON,TOA,null,2007,620327,GREENFIELD,null
716,TELMA_ANO003,MAHATALAKY,TELMA,ANOSY,TAOLANARO,MAHATALAKY,33.4,-24.79169,47.10277,TRUE,TRUE,TRUE,FALSE,2G et 3G et 4G,2G-3G-4G,NON,TELMA,null,2008,620317,GREENFIELD,null
717,TELMA_ANO004,RANOPISO,TELMA,ANOSY,TAOLANARO,RANOPISO,137.4,-25.02661,46.65319,TRUE,FALSE,FALSE,FALSE,2G,2G,NON,TELMA,null,2008,620323,GREENFIELD,null
718,TELMA_ANO005,TLNR_MARILLAC,TELMA,ANOSY,TAOLANARO,TOLAGNARO,47.4,-25.02697,46.95377,TRUE,TRUE,TRUE,FALSE,2G et 3G et 4G,2G-3G-4G,NON,TELMA,null,2008,620327,GREENFIELD,null
719,TELMA_ANO008,AMBOASARYATSIMO,TELMA,ANOSY,AMBOASARY SUD,AMBOASARY SUD,51.0,-25.04036,46.38367,TRUE,TRUE,TRUE,FALSE,2G et 3G et 4G,2G-3G-4G,NON,TELMA,null,2008,620101,GREENFIELD,null
720,TELMA_ANO010,TLNR_MANDENA,TELMA,ANOSY,TAOLANARO,AMPASY NAHAMPOANA,33.4,-24.95743,47.01138,TRUE,TRUE,TRUE,FALSE,2G et 3G et 4G,2G-3G-4G,OUI,QMM,null,2010,620303,GREENFIELD,null
721,TELMA_ANO012,BETROKA,TELMA,ANOSY,BETROKA,BETROKA,23.0,-23.27194,46.09436,TRUE,TRUE,TRUE,FALSE,2G et 3G et 4G,2G-3G-4G,NON,TELMA,null,2008,620209,GREENFIELD,null
722,TELMA_ANO014,MANANTENINA,TELMA,ANOSY,TAOLANARO,MANANTENINA,37.4,-24.28294,47.30603,TRUE,TRUE,TRUE,FALSE,2G et 3G et 4G,2G-3G-4G,NON,TELMA,null,2015,620319,GREENFIELD,null
723,TELMA_ANO018,TSIVORY,TELMA,ANOSY,AMBOASARY SUD,TSIVORY,33.4,-24.10085,46.03825,TRUE,TRUE,TRUE,FALSE,2G et 3G et 4G,2G-3G-4G,NON,TELMA,null,2012,620116,GREENFIELD,null
724,TELMA_ANO023,ANDROIDAVA,TELMA,ANOSY,TAOLANARO,SARISAMBO,38.0,-25.06194,46.78819,TRUE,TRUE,TRUE,FALSE,2G et 3G et 4G,2G-3G-4G,NON,TELMA,null,2014,620324,GREENFIELD,null
725,TELMA_ANO024,TLNR_TANAMBAO,TELMA,ANOSY,TAOLANARO,TOLAGNARO,27.4,-25.02978,46.98106,TRUE,TRUE,TRUE,FALSE,2G et 3G et 4G,2G-3G-4G,NON,TOA,null,2015,620327,GREENFIELD,null
726,TELMA_ANO026,TLNR_AMPARIHY,TELMA,ANOSY,TAOLANARO,TOLAGNARO,27.4,-25.01689,46.97969,TRUE,TRUE,TRUE,FALSE,2G et 3G et 4G,2G-3G-4G,OUI,AIRTEL,null,2017,620327,GREENFIELD,null
727,TELMA_ANO027,RANOMAFAN_ANOSY,TELMA,ANOSY,TAOLANARO,RANOMAFANA SUD,38.0,-24.58108,46.98425,TRUE,FALSE,TRUE,FALSE,2G et 4G,2G-4G,NON,TELMA,null,2015,620322,GREENFIELD,null
728,TELMA_ANO028,ANALAPETSA,TELMA,ANOSY,TAOLANARO,ANALAPATSY,37.4,-25.15547,46.68808,TRUE,FALSE,TRUE,FALSE,2G et 4G,2G-4G,NON,TOA,null,2015,620305,GREENFIELD,null
729,TELMA_ANO029,BERENTY ANOSY,TELMA,ANOSY,AMBOASARY SUD,BEHARA,47.4,-24.99508,46.29221,TRUE,TRUE,TRUE,FALSE,2G et 3G et 4G,2G-3G-4G,NON,TOA,null,2015,620102,GREENFIELD,null
730,TELMA_ANO030,IFOTAKA,TELMA,ANOSY,AMBOASARY SUD,IFOTAKA,37.4,-24.78547,46.12592,TRUE,TRUE,TRUE,FALSE,2G et 3G et 4G,2G-3G-4G,NON,TOA,null,2015,620106,GREENFIELD,null
731,TELMA_ANO032,ISOANALA,TELMA,ANOSY,BETROKA,ISOANALA,47.4,-23.841114,45.69506,TRUE,FALSE,FALSE,FALSE,2G,2G,NON,TOA,null,2015,620213,GREENFIELD,null
732,TELMA_ANO033,JANGANY,TELMA,ANOSY,BETROKA,JANGANY,47.4,-22.86547,45.79055,TRUE,TRUE,TRUE,FALSE,2G et 3G et 4G,2G-3G-4G,NON,TOA,null,2015,620215,GREENFIELD,null
733,TELMA_ANO034,BENATO,TELMA,ANOSY,BETROKA,BENATO TOBY,37.4,-23.09775,45.81489,TRUE,TRUE,TRUE,FALSE,2G et 3G et 4G,2G-3G-4G,NON,TOA,null,2015,620208,GREENFIELD,null
734,TELMA_ANO037,IANABINDA,TELMA,ANOSY,BETROKA,IANABINDA,37.4,-23.49186111111111,45.92922222222222,TRUE,TRUE,TRUE,FALSE,2G et 3G et 4G,2G-3G-4G,NON,TOA,null,2016,620211,GREENFIELD,null
735,TELMA_ANO039,MAHABO_GN,TELMA,ANOSY,BETROKA,MAHABO,37.4,-23.62247222222222,46.10433333333334,TRUE,TRUE,TRUE,FALSE,2G et 3G et 4G,2G-3G-4G,NON,TOA,null,2016,620216,GREENFIELD,null
736,TELMA_ANO041,ZEBU_TRANOMARO,TELMA,ANOSY,AMBOASARY SUD,TRANOMARO,37.4,-24.59681,46.448021,TRUE,TRUE,TRUE,FALSE,2G et 3G et 4G,2G-3G-4G,NON,TOA,null,2015,620115,GREENFIELD,null
737,TELMA_ANO043,Fort-Dauphin-2,TELMA,ANOSY,TAOLANARO,TOLAGNARO,17.4,-25.031805555555554,46.985194444444446,TRUE,TRUE,TRUE,FALSE,2G et 3G et 4G,2G-3G-4G,NON,TOA,null,2018,620327,GREENFIELD,null
738,TELMA_ANO048,ISAKA-IVONDRO,TELMA,ANOSY,TAOLANARO,ISAKA IVONDRO,37.4,-24.811333333333334,46.90438888888889,TRUE,TRUE,TRUE,FALSE,2G et 3G et 4G,2G-3G-4G,NON,TOA,null,2018,620316,GREENFIELD,null
739,TELMA_ANO049,FORTDAUPHIN_DENSIF,TELMA,ANOSY,TAOLANARO,TOLAGNARO,17.4,-25.0234527777778,46.981425,TRUE,TRUE,TRUE,FALSE,2G et 3G et 4G,2G-3G-4G,NON,TOA,null,2021,620327,GREENFIELD,null
740,TELMA_ANO050,ESIRA,TELMA,ANOSY,AMBOASARY SUD,ESIRA,37.4,-24.252859,46.648305,TRUE,FALSE,TRUE,FALSE,2G et 4G,2G-4G,NON,TOA,null,2020,620105,GREENFIELD,null
741,TELMA_ANO053,TANAMBAO BETROKA,TELMA,ANOSY,BETROKA,BETROKA,37.4,-23.266668,46.098223,TRUE,FALSE,TRUE,FALSE,2G et 4G,2G-4G,NON,TOA,null,2021,620209,GREENFIELD,null
742,TELMA_ANO055,EHOALA,TELMA,ANOSY,TAOLANARO,TOLAGNARO,37.4,-25.05713,46.9466,TRUE,TRUE,TRUE,FALSE,2G et 3G et 4G,2G-3G-4G,NON,TOA,ENERGIE SOLAIRE + GE,2023,620327,GREENFIELD,null
743,TELMA_ANO056,AMBALASOA,TELMA,ANOSY,BETROKA,AMBALASOA,37.4,-23.1686,46.0833,TRUE,TRUE,TRUE,FALSE,2G et 3G et 4G,2G-3G-4G,NON,TOA,null,2021,620201,GREENFIELD,null
744,TELMA_ANO058,IANAKAFY,TELMA,ANOSY,BETROKA,IANAKAFY,37.4,-23.348764,45.453159,TRUE,TRUE,TRUE,FALSE,2G et 3G et 4G,2G-3G-4G,NON,TOA,null,2021,620212,GREENFIELD,null
745,TELMA_ANO060,AMBATOMARO,TELMA,ANOSY,TAOLANARO,AMBATOABO,9.4,-24.842935,46.682382,TRUE,FALSE,TRUE,FALSE,2G et 4G,2G-4G,NON,TOA,JIRAMA + GE,2023,620301,GREENFIELD,null
746,TELMA_ATS001,TOAMASINA_OCB,TELMA,ATSINANANA,TOAMASINA I,CU TOAMASINA,42.0,-18.15405,49.41336,TRUE,TRUE,TRUE,TRUE,2G et 3G et 4G et 5G,2G-3G-4G-5G,NON,TOA,null,2007,530501,GREENFIELD,null
747,TELMA_ATS002,TOAMASINA_SALAZ,TELMA,ATSINANANA,TOAMASINA I,CU TOAMASINA arr. ANKIRIHIRY,48.4,-18.13458,49.40983,TRUE,TRUE,TRUE,FALSE,2G et 3G et 4G,2G-3G-4G,NON,TELMA,null,2007,530503,GREENFIELD,null
748,TELMA_ATS003,BRICKAVILLE,TELMA,ATSINANANA,BRICKAVILLE,BRICKAVILLE,88.4,-18.80297,49.08672,TRUE,TRUE,TRUE,FALSE,2G et 3G et 4G,2G-3G-4G,NON,TOA,null,2007,530209,GREENFIELD,null
749,TELMA_ATS004,FOULPOINTE,TELMA,ATSINANANA,TOAMASINA II,FOULPOINTE,47.4,-17.67778,49.51419,TRUE,TRUE,TRUE,FALSE,2G et 3G et 4G,2G-3G-4G,NON,TELMA,null,2008,530614,GREENFIELD,null
750,TELMA_ATS005,TOAMAS_ANKIRIRY,TELMA,ATSINANANA,TOAMASINA I,CU TOAMASINA arr. ANKIRIHIRY,37.4,-18.14186,49.39275,TRUE,TRUE,TRUE,FALSE,2G et 3G et 4G,2G-3G-4G,NON,TELMA,null,2008,530503,GREENFIELD,null
751,TELMA_ATS008,VATOMANDRY,TELMA,ATSINANANA,VATOMANDRY,VATOMANDRY,37.4,-19.33275,48.97989,TRUE,TRUE,TRUE,FALSE,2G et 3G et 4G,2G-3G-4G,NON,TELMA,null,2008,530719,GREENFIELD,null
752,TELMA_ATS010,MAHANORO,TELMA,ATSINANANA,MAHANORO,MAHANORO,39.4,-19.89967,48.80953,TRUE,TRUE,TRUE,FALSE,2G et 3G et 4G,2G-3G-4G,NON,TELMA,null,2008,530308,GREENFIELD,null
753,TELMA_ATS013,ILAKA_ATSINANAN,TELMA,ATSINANANA,VATOMANDRY,ILAKA EST,37.4,-19.5363,48.85067,TRUE,TRUE,TRUE,FALSE,2G et 3G et 4G,2G-3G-4G,NON,TELMA,null,2014,530711,GREENFIELD,null
754,TELMA_ATS014,ANTANDROROHO,TELMA,ATSINANANA,MAHANORO,MAHANORO,47.4,-19.76226388888889,48.816675000000004,TRUE,TRUE,TRUE,FALSE,2G et 3G et 4G,2G-3G-4G,NON,TOA,null,2020,530308,GREENFIELD,null
755,TELMA_ATS015,TONGOBATO,TELMA,ATSINANANA,BRICKAVILLE,AMPASIMBE,37.4,-18.95516,48.69486,TRUE,TRUE,TRUE,FALSE,2G et 3G et 4G,2G-3G-4G,NON,TELMA,null,2009,530204,GREENFIELD,null
756,TELMA_ATS016,RANOMAFANA_EST,TELMA,ATSINANANA,BRICKAVILLE,RANOMAFANA EST,37.4,-18.96544,48.78425,TRUE,TRUE,TRUE,FALSE,2G et 3G et 4G,2G-3G-4G,NON,TELMA,null,2009,530215,GREENFIELD,null
757,TELMA_ATS017,TOA_TSARAKOFAFA,TELMA,ATSINANANA,TOAMASINA II,TOAMASINA SUBURBAINE,21.4,-18.18164,49.36856,TRUE,TRUE,TRUE,FALSE,2G et 3G et 4G,2G-3G-4G,NON,TELMA,null,2009,530617,GREENFIELD,null
758,TELMA_ATS019,ANTAVIAMBO,TELMA,ATSINANANA,BRICKAVILLE,AMBINANINONY,97.4,-18.44735,49.16411,TRUE,TRUE,TRUE,FALSE,2G et 3G et 4G,2G-3G-4G,NON,TELMA,null,2008,530202,GREENFIELD,null
759,TELMA_ATS020,TOAMAS_ANJOMA,TELMA,ATSINANANA,TOAMASINA I,CU TOAMASINA,27.4,-18.15753,49.406,TRUE,TRUE,TRUE,FALSE,2G et 3G et 4G,2G-3G-4G,NON,TELMA,null,2010,530501,GREENFIELD,null
760,TELMA_ATS021,TOA_AMBALAMANAS,TELMA,ATSINANANA,TOAMASINA I,CU TOAMASINA arr. ANKIRIHIRY,27.4,-18.12144,49.4017,TRUE,TRUE,TRUE,FALSE,2G et 3G et 4G,2G-3G-4G,NON,TELMA,null,2010,530503,GREENFIELD,null
761,TELMA_ATS022,TOA_AMPASIMAZAV,TELMA,ATSINANANA,TOAMASINA I,CU TOAMASINA,27.4,-18.15897,49.41918,TRUE,TRUE,TRUE,FALSE,2G et 3G et 4G,2G-3G-4G,NON,TELMA,null,2010,530501,GREENFIELD,null
762,TELMA_ATS023,TOA_BARIKADIMY,TELMA,ATSINANANA,TOAMASINA I,CU TOAMASINA arr. ANKIRIHIRY,27.4,-18.13439,49.38139,TRUE,TRUE,TRUE,FALSE,2G et 3G et 4G,2G-3G-4G,NON,TELMA,null,2010,530503,GREENFIELD,null
763,TELMA_ATS024,TOA_TANAMBAO,TELMA,ATSINANANA,TOAMASINA I,CU TOAMASINA arr. TANAMBAO V,15.4,-18.14829,49.40287,TRUE,TRUE,TRUE,FALSE,2G et 3G et 4G,2G-3G-4G,NON,TELMA,null,2010,530505,ROOFTOP,null
764,TELMA_ATS025,TOA_AMBOLMADINK,TELMA,ATSINANANA,TOAMASINA I,CU TOAMASINA arr. MORARANO,27.4,-18.15236,49.39344,TRUE,TRUE,TRUE,FALSE,2G et 3G et 4G,2G-3G-4G,NON,TOA,null,2010,530504,GREENFIELD,null
765,TELMA_ATS027,TOAMAS_SHERITT,TELMA,ATSINANANA,TOAMASINA II,AMBODITANDROHO,38.4,-18.20222,49.36555,TRUE,TRUE,TRUE,FALSE,2G et 3G et 4G,2G-3G-4G,OUI,SHERRITT,null,2008,530603,GREENFIELD,null
766,TELMA_ATS028,ANTSAMPANANA,TELMA,ATSINANANA,BRICKAVILLE,MAHATSARA,37.4,-18.9585,48.96033,TRUE,TRUE,TRUE,FALSE,2G et 3G et 4G,2G-3G-4G,NON,TELMA,null,2009,530213,GREENFIELD,null
767,TELMA_ATS030,MAROSERANANA,TELMA,ATSINANANA,BRICKAVILLE,MAROSERANANA,37.4,-18.54344,48.8455,TRUE,TRUE,TRUE,FALSE,2G et 3G et 4G,2G-3G-4G,NON,TOA,null,2014,530214,GREENFIELD,null
768,TELMA_ATS032,TOA_MORAFENO,TELMA,ATSINANANA,TOAMASINA I,CU TOAMASINA arr. ANKIRIHIRY,27.4,-18.13894,49.40125,TRUE,TRUE,TRUE,FALSE,2G et 3G et 4G,2G-3G-4G,NON,TELMA,null,2010,530503,GREENFIELD,null
769,TELMA_ATS033,TOA_AMPASIM_EST,TELMA,ATSINANANA,TOAMASINA I,CU TOAMASINA,15.4,-18.15847,49.41128,TRUE,TRUE,TRUE,FALSE,2G et 3G et 4G,2G-3G-4G,NON,TELMA,null,2011,530501,ROOFTOP,null
770,TELMA_ATS043,MAROLAMBO,TELMA,ATSINANANA,MAROLAMBO,MAROLAMBO,37.4,-20.05278,48.132059,TRUE,FALSE,TRUE,FALSE,2G et 4G,2G-4G,NON,TELMA,null,2011,530412,GREENFIELD,null
771,TELMA_ATS045,Zebu Sodiat,TELMA,ATSINANANA,TOAMASINA II,TOAMASINA SUBURBAINE,6.4,-18.08033,49.39237,TRUE,TRUE,TRUE,FALSE,2G et 3G et 4G,2G-3G-4G,NON,TELMA,null,2019,530617,POTEAU,null
772,TELMA_ATS046,AMBILA_LEMAINTS,TELMA,ATSINANANA,BRICKAVILLE,ANDOVORANTO,37.4,-18.84639,49.14922,TRUE,TRUE,TRUE,FALSE,2G et 3G et 4G,2G-3G-4G,NON,TOA,null,2012,530206,GREENFIELD,null
773,TELMA_ATS047,AMBINANINDRANO,TELMA,ATSINANANA,MAHANORO,AMBINANINDRANO,38.1,-20.08986,48.375,TRUE,TRUE,TRUE,FALSE,2G et 3G et 4G,2G-3G-4G,NON,TELMA,null,2012,530302,GREENFIELD,null
774,TELMA_ATS050,ANDEKALEKA,TELMA,ATSINANANA,BRICKAVILLE,ANDEKALEKA,89.4,-18.80641,48.65242,TRUE,FALSE,TRUE,FALSE,2G et 4G,2G-4G,NON,TOA,null,2012,530205,GREENFIELD,null
775,TELMA_ATS057,AMBOKATRA,TELMA,ATSINANANA,TOAMASINA II,FANANDRANA,9.4,-18.19286,49.28753,TRUE,TRUE,TRUE,FALSE,2G et 3G et 4G,2G-3G-4G,NON,TOA,null,2013,530612,ZEBU,null
776,TELMA_ATS059,MELVILLE,TELMA,ATSINANANA,TOAMASINA II,FANANDRANA,37.4,-18.22617,49.28431,TRUE,TRUE,TRUE,FALSE,2G et 3G et 4G,2G-3G-4G,NON,TOA,null,2014,530612,GREENFIELD,null
777,TELMA_ATS060,ANDOVORANTO,TELMA,ATSINANANA,BRICKAVILLE,ANDOVORANTO,37.4,-18.95881,49.10778,TRUE,TRUE,TRUE,FALSE,2G et 3G et 4G,2G-3G-4G,NON,TOA,null,2014,530206,GREENFIELD,null
778,TELMA_ATS061,ANDODABE,TELMA,ATSINANANA,TOAMASINA II,ANDONDABE,37.4,-17.77264,49.37047,TRUE,TRUE,TRUE,FALSE,2G et 3G et 4G,2G-3G-4G,NON,TOA,null,2014,530608,GREENFIELD,null
779,TELMA_ATS062,SAHAMBALA,TELMA,ATSINANANA,TOAMASINA II,SAHAMBALA,37.4,-17.96775,49.18356,TRUE,TRUE,TRUE,FALSE,2G et 3G et 4G,2G-3G-4G,NON,TOA,null,2014,530616,GREENFIELD,null
780,TELMA_ATS063,ANIVORANO_ATSIN,TELMA,ATSINANANA,BRICKAVILLE,ANIVORANO EST,38.0,-18.72786,48.95278,TRUE,TRUE,TRUE,FALSE,2G et 3G et 4G,2G-3G-4G,NON,TELMA,null,2014,530207,GREENFIELD,null
781,TELMA_ATS064,MASOMELOKA,TELMA,ATSINANANA,MAHANORO,MASOMELOKA,37.4,-20.28108,48.6268,TRUE,FALSE,TRUE,FALSE,2G et 4G,2G-4G,NON,TOA,null,2015,530310,GREENFIELD,null
782,TELMA_ATS065,TOA_AMBALMANAS2,TELMA,ATSINANANA,TOAMASINA II,TOAMASINA SUBURBAINE,37.4,-18.11933,49.38678,TRUE,TRUE,TRUE,FALSE,2G et 3G et 4G,2G-3G-4G,NON,TOA,null,2015,530617,GREENFIELD,null
783,TELMA_ATS066,TOA_MANANGARZ18,TELMA,ATSINANANA,TOAMASINA I,CU TOAMASINA arr. ANJOMA,37.4,-18.16794,49.40294,TRUE,TRUE,TRUE,FALSE,2G et 3G et 4G,2G-3G-4G,NON,TOA,null,2016,530502,GREENFIELD,null
784,TELMA_ATS067,TANABAO_MANPOTS,TELMA,ATSINANANA,ANTANAMBAO MANAMPONTSY,ANTANAMBAO MANAMPOTSY,37.4,-19.474917,48.550806,TRUE,TRUE,TRUE,FALSE,2G et 3G et 4G,2G-3G-4G,NON,TELMA,null,2011,530101,GREENFIELD,null
785,TELMA_ATS068,SAHAMATEVINA,TELMA,ATSINANANA,VATOMANDRY,SAHAMATEVINA,37.4,-19.24883,48.93019,TRUE,TRUE,TRUE,FALSE,2G et 3G et 4G,2G-3G-4G,NON,TOA,null,2015,530715,GREENFIELD,null
786,TELMA_ATS069,TSIVANGIANA,TELMA,ATSINANANA,VATOMANDRY,TSIVANGIANA,37.4,-19.66942,48.7873,TRUE,TRUE,TRUE,FALSE,2G et 3G et 4G,2G-3G-4G,NON,TOA,null,2015,530718,GREENFIELD,null
787,TELMA_ATS070,AMBALARONDRA,TELMA,ATSINANANA,BRICKAVILLE,AMBALARONDRA,47.4,-18.49233,49.05267,TRUE,TRUE,TRUE,FALSE,2G et 3G et 4G,2G-3G-4G,NON,TOA,null,2015,530201,GREENFIELD,null
788,TELMA_ATS071,ANDRANOBOLAHA,TELMA,ATSINANANA,TOAMASINA II,ANDRANOBOLAHA,37.4,-18.29986,49.01217,TRUE,TRUE,TRUE,FALSE,2G et 3G et 4G,2G-3G-4G,NON,TOA,null,2015,530609,GREENFIELD,null
789,TELMA_ATS073,AMBINANIVONY,TELMA,ATSINANANA,BRICKAVILLE,AMBINANINONY,37.4,-18.59086111111111,49.12558333333333,TRUE,TRUE,TRUE,FALSE,2G et 3G et 4G,2G-3G-4G,NON,TOA,null,2016,530202,GREENFIELD,null
790,TELMA_ATS075,IFASINA1,TELMA,ATSINANANA,VATOMANDRY,IFASINA I,47.4,-19.48094,48.6637,TRUE,TRUE,TRUE,FALSE,2G et 3G et 4G,2G-3G-4G,NON,TOA,null,2015,530709,GREENFIELD,null
791,TELMA_ATS076,BETSIZARAINA,TELMA,ATSINANANA,MAHANORO,BETSIZARAINA,37.4,-19.96233,48.74553,TRUE,TRUE,TRUE,FALSE,2G et 3G et 4G,2G-3G-4G,NON,TOA,null,2015,530307,GREENFIELD,null
792,TELMA_ATS077,ANTANAMBAO,TELMA,ATSINANANA,VATOMANDRY,ANTANAMBAO MAHATSARA,37.4,-19.32394,48.78203,TRUE,TRUE,TRUE,FALSE,2G et 3G et 4G,2G-3G-4G,NON,TOA,null,2015,530707,GREENFIELD,null
793,TELMA_ATS078,IFASINA2,TELMA,ATSINANANA,VATOMANDRY,IFASINA II,47.4,-19.31111,48.65105,TRUE,FALSE,TRUE,FALSE,2G et 4G,2G-4G,NON,TOA,null,2016,530710,GREENFIELD,null
794,TELMA_ATS081,TOA_PORT,TELMA,ATSINANANA,TOAMASINA I,CU TOAMASINA,37.4,-18.16096,49.42221,TRUE,TRUE,TRUE,TRUE,2G et 3G et 4G et 5G,2G-3G-4G-5G,NON,TOA,null,2016,530501,GREENFIELD,null
795,TELMA_ATS082,TOA_MANGARANO,TELMA,ATSINANANA,TOAMASINA I,CU TOAMASINA arr. ANKIRIHIRY,37.4,-18.14311,49.3796,TRUE,TRUE,TRUE,FALSE,2G et 3G et 4G,2G-3G-4G,NON,TOA,null,2016,530503,GREENFIELD,null
796,TELMA_ATS083,TOA_ANTANAMBAO,TELMA,ATSINANANA,TOAMASINA I,CU TOAMASINA arr. MORARANO,37.4,-18.15563,49.38684,TRUE,TRUE,TRUE,FALSE,2G et 3G et 4G,2G-3G-4G,NON,TOA,null,2016,530504,GREENFIELD,null
797,TELMA_ATS084,TOA_CALYPSO,TELMA,ATSINANANA,TOAMASINA I,CU TOAMASINA,37.4,-18.14974,49.41246,TRUE,TRUE,TRUE,TRUE,2G et 3G et 4G et 5G,2G-3G-4G-5G,NON,TOA,null,2016,530501,GREENFIELD,null
798,TELMA_ATS085,ANTETEZANA,TELMA,ATSINANANA,TOAMASINA II,FOULPOINTE,37.4,-17.779083333333332,49.482527777777776,TRUE,TRUE,TRUE,FALSE,2G et 3G et 4G,2G-3G-4G,NON,TOA,null,2016,530614,GREENFIELD,null
799,TELMA_ATS086,FIDIRANAEST,TELMA,ATSINANANA,TOAMASINA II,TOAMASINA SUBURBAINE,37.4,-18.10358,49.33442,TRUE,TRUE,TRUE,FALSE,2G et 3G et 4G,2G-3G-4G,NON,TOA,null,2015,530617,GREENFIELD,null
800,TELMA_ATS088,AMPANALANA,TELMA,ATSINANANA,TOAMASINA II,TOAMASINA SUBURBAINE,37.4,-18.18927,49.33678,TRUE,TRUE,TRUE,FALSE,2G et 3G et 4G,2G-3G-4G,NON,TOA,null,2016,530617,GREENFIELD,null
801,TELMA_ATS090,ANTETEZAMBARO,TELMA,ATSINANANA,TOAMASINA II,ANTETEZAMBARO,37.4,-18.01497,49.40222,TRUE,TRUE,TRUE,FALSE,2G et 3G et 4G,2G-3G-4G,NON,TOA,null,2015,530611,GREENFIELD,null
802,TELMA_ATS091,ANALAMALOTRA,TELMA,ATSINANANA,TOAMASINA II,ANTETEZAMBARO,37.4,-18.06144,49.37747,TRUE,TRUE,TRUE,FALSE,2G et 3G et 4G,2G-3G-4G,NON,TOA,null,2015,530611,GREENFIELD,null
803,TELMA_ATS092,VOHIMBENDRANA,TELMA,ATSINANANA,TOAMASINA II,ANTETEZAMBARO,37.4,-17.96333,49.41714,TRUE,TRUE,TRUE,FALSE,2G et 3G et 4G,2G-3G-4G,NON,TOA,null,2015,530611,GREENFIELD,null
804,TELMA_ATS093,MAHATSARA,TELMA,ATSINANANA,TOAMASINA II,AMBODITANDROHO,47.4,-18.27583,49.34164,TRUE,TRUE,TRUE,FALSE,2G et 3G et 4G,2G-3G-4G,NON,TOA,null,2015,530603,GREENFIELD,null
805,TELMA_ATS101,TOA_OTTINO,TELMA,ATSINANANA,TOAMASINA I,CU TOAMASINA arr. TANAMBAO V,27.4,-18.141472222222223,49.4085,TRUE,TRUE,TRUE,FALSE,2G et 3G et 4G,2G-3G-4G,NON,TOA,null,2017,530505,GREENFIELD,null
806,TELMA_ATS102,TOA_AMBOHIJAFY,TELMA,ATSINANANA,TOAMASINA I,CU TOAMASINA arr. ANKIRIHIRY,27.4,-18.12911111111111,49.39963888888889,TRUE,TRUE,TRUE,FALSE,2G et 3G et 4G,2G-3G-4G,NON,TOA,null,2016,530503,GREENFIELD,null
807,TELMA_ATS104,AMBALAFANTSY,TELMA,ATSINANANA,MAHANORO,MAHANORO,37.4,-19.86375,48.73683333333334,TRUE,TRUE,TRUE,FALSE,2G et 3G et 4G,2G-3G-4G,NON,TOA,null,2016,530308,GREENFIELD,null
808,TELMA_ATS105,MAINTIMANDRY,TELMA,ATSINANANA,VATOMANDRY,MAINTINANDRY,37.4,-19.429805555555557,48.930083333333336,TRUE,TRUE,TRUE,FALSE,2G et 3G et 4G,2G-3G-4G,NON,TOA,null,2016,530712,GREENFIELD,null
809,TELMA_ATS110,AMPASIMBE_ONIBE,TELMA,ATSINANANA,TOAMASINA II,AMPASIMBE ONIBE,37.4,-17.647333333333332,49.38216666666667,TRUE,TRUE,TRUE,FALSE,2G et 3G et 4G,2G-3G-4G,NON,TOA,null,2017,530605,GREENFIELD,null
810,TELMA_ATS112,BRICKAVILLE_AMBALATENINA,TELMA,ATSINANANA,BRICKAVILLE,BRICKAVILLE,27.4,-18.818361111111113,49.06963888888889,TRUE,TRUE,TRUE,FALSE,2G et 3G et 4G,2G-3G-4G,NON,TOA,null,2018,530209,GREENFIELD,null
811,TELMA_ATS113,FOULPOINTE_2,TELMA,ATSINANANA,TOAMASINA II,FOULPOINTE,37.4,-17.693472222222223,49.51072222222222,TRUE,TRUE,TRUE,FALSE,2G et 3G et 4G,2G-3G-4G,NON,TOA,null,2018,530614,GREENFIELD,null
812,TELMA_ATS114,MAHATSARA_EST,TELMA,ATSINANANA,BRICKAVILLE,MAHATSARA,37.4,-18.95272222222222,49.032833333333336,TRUE,TRUE,TRUE,FALSE,2G et 3G et 4G,2G-3G-4G,NON,TOA,null,2017,530213,GREENFIELD,null
813,TELMA_ATS118,VOLOBE DEFINITIF,TELMA,ATSINANANA,TOAMASINA II,AMBODILAZANA,37.4,-18.13522222222222,49.16791666666666,TRUE,TRUE,TRUE,FALSE,2G et 3G et 4G,2G-3G-4G,NON,TOA,null,2018,530601,GREENFIELD,null
814,TELMA_ATS119,TOA_ZEBU_KOBAMA,TELMA,ATSINANANA,TOAMASINA I,CU TOAMASINA arr. MORARANO,37.4,-18.161944444444444,49.39369444444444,TRUE,TRUE,TRUE,FALSE,2G et 3G et 4G,2G-3G-4G,NON,TOA,null,2017,530504,GREENFIELD,null
815,TELMA_ATS120,SAHAKEVO,TELMA,ATSINANANA,MAROLAMBO,AMBODINONOKA,37.4,-20.296388888888888,47.82611111111111,TRUE,FALSE,TRUE,FALSE,2G et 4G,2G-4G,NON,TOA,null,2018,530404,GREENFIELD,null
816,TELMA_ATS121,TANAMBOROZANO2,TELMA,ATSINANANA,TOAMASINA I,CU TOAMASINA arr. MORARANO,27.4,-18.163,49.373694444444446,TRUE,TRUE,TRUE,FALSE,2G et 3G et 4G,2G-3G-4G,NON,TOA,null,2018,530504,GREENFIELD,null
817,TELMA_ATS122,TOA_ANDRANOMADIO,TELMA,ATSINANANA,TOAMASINA I,CU TOAMASINA arr. ANKIRIHIRY,27.4,-18.135,49.39319444444445,TRUE,TRUE,TRUE,FALSE,2G et 3G et 4G,2G-3G-4G,NON,TOA,null,2018,530503,GREENFIELD,null
818,TELMA_ATS123,TOA_MANGARIVOTRA,TELMA,ATSINANANA,TOAMASINA I,CU TOAMASINA arr. ANKIRIHIRY,17.4,-18.14613888888889,49.393,TRUE,TRUE,TRUE,FALSE,2G et 3G et 4G,2G-3G-4G,NON,TOA,null,2019,530503,GREENFIELD,null
819,TELMA_ATS125,TOA_TANAMBAO2,TELMA,ATSINANANA,TOAMASINA I,CU TOAMASINA arr. TANAMBAO V,15.4,-18.1495027777778,49.3982972222222,TRUE,TRUE,TRUE,FALSE,2G et 3G et 4G,2G-3G-4G,NON,TOA,null,2020,530505,ROOFTOP,null
820,TELMA_ATS127,MANGABE EST,TELMA,ATSINANANA,TOAMASINA II,AMPOROFORO,57.4,-17.824992,49.186587,TRUE,TRUE,TRUE,FALSE,2G et 3G et 4G,2G-3G-4G,NON,TOA,null,2021,530607,GREENFIELD,null
821,TELMA_ATS129,AMBOHIMILANJA,TELMA,ATSINANANA,MAROLAMBO,AMBOHIMILANJA,37.4,-19.931436,47.958798,TRUE,TRUE,TRUE,FALSE,2G et 3G et 4G,2G-3G-4G,NON,TOA,null,2020,530406,GREENFIELD,null
822,TELMA_ATS130,TSARAVINANY,TELMA,ATSINANANA,MAHANORO,TSARAVINANY,47.4,-19.742483,48.657328,TRUE,TRUE,TRUE,FALSE,2G et 3G et 4G,2G-3G-4G,NON,TOA,null,2020,530311,GREENFIELD,null
823,TELMA_ATS131,MAHANORO DENSIF,TELMA,ATSINANANA,MAHANORO,MAHANORO,37.4,-19.894724,48.80445,TRUE,TRUE,TRUE,FALSE,2G et 3G et 4G,2G-3G-4G,NON,TOA,null,2020,530308,GREENFIELD,null
824,TELMA_ATS132,TOAMASINA HOPITALY,TELMA,ATSINANANA,TOAMASINA I,CU TOAMASINA arr. ANKIRIHIRY,37.4,-18.141301,49.416653,TRUE,TRUE,TRUE,FALSE,2G et 3G et 4G,2G-3G-4G,NON,TOA,null,2020,530503,GREENFIELD,null
825,TELMA_ATS133,MANAMBATO,TELMA,ATSINANANA,BRICKAVILLE,VOHITRANIVONA,37.4,-18.749871,49.161079,TRUE,TRUE,TRUE,FALSE,2G et 3G et 4G,2G-3G-4G,NON,TOA,null,2020,530217,GREENFIELD,null
826,TELMA_ATS134,AZURA FOULPOINTE,TELMA,ATSINANANA,TOAMASINA II,FOULPOINTE,15.4,-17.709,49.50972222222222,TRUE,TRUE,TRUE,FALSE,2G et 3G et 4G,2G-3G-4G,NON,TOA,null,2019,530614,ROOFTOP,null
827,TELMA_ATS135,TAMATAVE BEACH,TELMA,ATSINANANA,TOAMASINA I,CU TOAMASINA,15.4,-18.156133,49.4174,TRUE,TRUE,TRUE,FALSE,2G et 3G et 4G,2G-3G-4G,NON,TOA,null,2021,530501,ROOFTOP,null
828,TELMA_ATS136,TOAMASINA STADE,TELMA,ATSINANANA,TOAMASINA I,CU TOAMASINA arr. MORARANO,27.4,-18.147122,49.385372,TRUE,TRUE,TRUE,FALSE,2G et 3G et 4G,2G-3G-4G,NON,TOA,CHARGE DÉCHARGE,2023,530504,GREENFIELD,null
829,TELMA_ATS137,TOA_TSARARIVOTRA,TELMA,ATSINANANA,TOAMASINA I,CU TOAMASINA arr. ANKIRIHIRY,37.4,-18.153275,49.376651,TRUE,TRUE,TRUE,FALSE,2G et 3G et 4G,2G-3G-4G,NON,TOA,null,2020,530503,GREENFIELD,null
830,TELMA_ATS139,AMBALATENINA AVARATRA,TELMA,ATSINANANA,BRICKAVILLE,FETRAOMBY,37.4,-18.622561,48.924705,TRUE,TRUE,TRUE,FALSE,2G et 3G et 4G,2G-3G-4G,NON,TOA,null,2020,530211,GREENFIELD,null
831,TELMA_ATS140,NIHEREMANA,TELMA,ATSINANANA,VATOMANDRY,NIHERENANA,37.4,-19.091648,48.892251,TRUE,TRUE,TRUE,FALSE,2G et 3G et 4G,2G-3G-4G,NON,TOA,null,2020,530714,GREENFIELD,null
832,TELMA_ATS141,ANKAZOTSIFANTATRA,TELMA,ATSINANANA,MAHANORO,ANKAZOTSIFANTATRA,37.4,-20.009478,48.503112,TRUE,TRUE,TRUE,FALSE,2G et 3G et 4G,2G-3G-4G,NON,TOA,null,2020,530305,GREENFIELD,null
833,TELMA_ATS142,ANDRANOBOMARO,TELMA,ATSINANANA,MAHANORO,AMBODIHARINA,47.4,-20.135752,48.671543,TRUE,TRUE,TRUE,FALSE,2G et 3G et 4G,2G-3G-4G,NON,TOA,null,2020,530304,GREENFIELD,null
834,TELMA_ATS143,AMBODIVANDRIKA,TELMA,ATSINANANA,MAHANORO,MASOMELOKA,37.4,-20.09272,48.545221,TRUE,TRUE,TRUE,FALSE,2G et 3G et 4G,2G-3G-4G,NON,TOA,null,2020,530310,GREENFIELD,null
835,TELMA_ATS146,VATOMANDRY2,TELMA,ATSINANANA,VATOMANDRY,VATOMANDRY,37.4,-19.340049,48.97513,TRUE,TRUE,TRUE,FALSE,2G et 3G et 4G,2G-3G-4G,NON,TOA,null,2021,530719,GREENFIELD,null
836,TELMA_ATS147,VOHITSARA ATS,TELMA,ATSINANANA,TOAMASINA II,FOULPOINTE,37.4,-17.888766,49.434558,TRUE,TRUE,TRUE,FALSE,2G et 3G et 4G,2G-3G-4G,NON,TOA,null,2021,530614,GREENFIELD,null
837,TELMA_ATS148,ANTENINA ATS,TELMA,ATSINANANA,TOAMASINA II,ANTENINA,37.4,-17.764721,49.084459,TRUE,TRUE,TRUE,FALSE,2G et 3G et 4G,2G-3G-4G,NON,TOA,null,2021,530610,GREENFIELD,null
838,TELMA_ATS149,AMBALAOMBY,TELMA,ATSINANANA,MAROLAMBO,AMBOASARY,37.4,-19.821943,47.955524,TRUE,TRUE,TRUE,FALSE,2G et 3G et 4G,2G-3G-4G,NON,TOA,ENERGIE SOLAIRE + GE,2023,530403,GREENFIELD,null
839,TELMA_ATS150,AMBALAVOLO,TELMA,ATSINANANA,VATOMANDRY,AMBODITAVOLO,37.4,-19.190963,48.878491,TRUE,TRUE,TRUE,FALSE,2G et 3G et 4G,2G-3G-4G,NON,TOA,null,2021,530703,GREENFIELD,null
840,TELMA_ATS151,AMBODIVOANGY,TELMA,ATSINANANA,MAROLAMBO,AMBALAPAISO II,37.4,-19.998135,47.851026,TRUE,TRUE,TRUE,FALSE,2G et 3G et 4G,2G-3G-4G,NON,TOA,ENERGIE SOLAIRE + GE,2022,530401,GREENFIELD,null
841,TELMA_ATS152,ANDRORANGAVOLA ATS,TELMA,ATSINANANA,MAROLAMBO,ANDRORANGAVOLA,37.4,-20.137793,47.912341,TRUE,TRUE,TRUE,FALSE,2G et 3G et 4G,2G-3G-4G,NON,TOA,ENERGIE SOLAIRE + GE,2022,530408,GREENFIELD,null
842,TELMA_ATS154,AMBODIRIANA,TELMA,ATSINANANA,TOAMASINA II,AMBODIRIANA,37.4,-17.9101972,49.2566361,TRUE,TRUE,TRUE,FALSE,2G et 3G et 4G,2G-3G-4G,NON,TOA,null,2021,530602,GREENFIELD,null
843,TELMA_ATS155,TOA_VOHITSARA,TELMA,ATSINANANA,TOAMASINA II,AMBODITANDROHO,37.4,-18.17554,49.390291,TRUE,TRUE,TRUE,FALSE,2G et 3G et 4G,2G-3G-4G,NON,TOA,null,2022,530603,GREENFIELD,null
844,TELMA_ATS156,TOAMASINACUR,TELMA,ATSINANANA,TOAMASINA I,CU TOAMASINA arr. ANKIRIHIRY,37.4,-18.127793,49.386789,TRUE,TRUE,TRUE,FALSE,2G et 3G et 4G,2G-3G-4G,NON,TOA,JIRAMA + GE,2023,530503,GREENFIELD,null
845,TELMA_ATS157,TOA_BARIKADIMY2,TELMA,ATSINANANA,TOAMASINA II,TOAMASINA SUBURBAINE,37.4,-18.138106,49.376531,TRUE,TRUE,TRUE,FALSE,2G et 3G et 4G,2G-3G-4G,NON,TOA,null,2022,530617,GREENFIELD,null
846,TELMA_ATS159,TOA_AEROPORT,TELMA,ATSINANANA,TOAMASINA II,TOAMASINA SUBURBAINE,15.4,-18.110684,49.400784,TRUE,TRUE,TRUE,FALSE,2G et 3G et 4G,2G-3G-4G,NON,TOA,null,2022,530617,GREENFIELD,null
847,TELMA_ATS160,ANTANANDEHIBE ALA,TELMA,ATSINANANA,ANTANAMBAO MANAMPONTSY,ANTANANDEHIBE,37.4,-19.655717,48.350234,TRUE,TRUE,TRUE,FALSE,2G et 3G et 4G,2G-3G-4G,NON,TOA,null,2022,530102,GREENFIELD,null
848,TELMA_ATS161,BEFOTAKA ATS,TELMA,ATSINANANA,MAHANORO,BEFOTAKA,37.4,-20.2455917,48.3752778,TRUE,FALSE,TRUE,FALSE,2G et 4G,2G-4G,NON,TOA,null,2022,530306,GREENFIELD,null
849,TELMA_ATS162,TOA ANJOMA DENSIF,TELMA,ATSINANANA,TOAMASINA I,CU TOAMASINA arr. ANJOMA,27.4,-18.1622581473107,49.4006522792702,TRUE,TRUE,TRUE,FALSE,2G et 3G et 4G,2G-3G-4G,NON,TOA,CHARGE DÉCHARGE,2023,530502,GREENFIELD,null
850,TELMA_ATS164,AMBODIMANKARANANA_MINI,TELMA,ATSINANANA,MAHANORO,MANJAKANDRIANA,9.4,-19.84861111111111,48.556666666666665,TRUE,FALSE,TRUE,FALSE,2G et 4G,2G-4G,NON,TOA,ENERGIE SOLAIRE,2023,530309,GREENFIELD,null
851,TELMA_ATS165,NIAROVANA,TELMA,ATSINANANA,VATOMANDRY,NIAROVANA CAROLINE,37.4,-19.571763,48.794414,TRUE,TRUE,TRUE,FALSE,2G et 3G et 4G,2G-3G-4G,NON,TOA,ENERGIE SOLAIRE + GE,2023,530713,GREENFIELD,null
852,TELMA_ATS170,AMBATOFISAKA,TELMA,ATSINANANA,MAROLAMBO,AMBATOFISAKA II,37.4,-20.09429,47.880731,TRUE,TRUE,TRUE,FALSE,2G et 3G et 4G,2G-3G-4G,NON,TOA,ENERGIE SOLAIRE + GE,2023,530402,GREENFIELD,null
853,TELMA_ATS172,SAHALAMBO,TELMA,ATSINANANA,BRICKAVILLE,RAZANAKA,37.4,-18.784015,48.867513,TRUE,TRUE,TRUE,FALSE,2G et 3G et 4G,2G-3G-4G,NON,TOA,ENERGIE SOLAIRE + GE,2023,530216,GREENFIELD,null
854,TELMA_ATS173,SAHAVAVY FITO,TELMA,ATSINANANA,TOAMASINA II,FITO,37.4,-18.061865,48.91737,TRUE,TRUE,TRUE,FALSE,2G et 3G et 4G,2G-3G-4G,NON,TOA,ENERGIE SOLAIRE + GE,2023,530613,GREENFIELD,null
855,TELMA_ATS174,ZEBU Ranomafana_Est,TELMA,ATSINANANA,BRICKAVILLE,RANOMAFANA EST,27.4,-18.957166666666666,48.84500277777778,TRUE,TRUE,TRUE,FALSE,2G et 3G et 4G,2G-3G-4G,NON,TOA,ENERGIE SOLAIRE,2023,530215,ZEBU,null
856,TELMA_ATS175,TOA_AEROPORT RRU DEPORTE,TELMA,ATSINANANA,TOAMASINA II,TOAMASINA SUBURBAINE,12.4,-18.097915,49.394036,TRUE,TRUE,TRUE,FALSE,2G et 3G et 4G,2G-3G-4G,NON,TOA,JIRAMA + BATTERIE,2023,530617,GREENFIELD,null
857,TELMA_ATS176,TOA_SALAZAMAY2,TELMA,ATSINANANA,TOAMASINA I,CU TOAMASINA arr. ANKIRIHIRY,37.4,-18.127156,49.405127,TRUE,TRUE,TRUE,FALSE,2G et 3G et 4G,2G-3G-4G,NON,TOA,JIRAMA + GE,2023,530503,GREENFIELD,null
858,TELMA_BET001,MAEVATANANA,TELMA,BETSIBOKA,MAEVATANANA,MAEVATANANA I,37.4,-16.95381,46.83131,TRUE,TRUE,TRUE,FALSE,2G et 3G et 4G,2G-3G-4G,NON,TELMA,null,2008,410209,GREENFIELD,null
859,TELMA_BET003,MAHATSINJO_RN4,TELMA,BETSIBOKA,MAEVATANANA,MAHATSINJO,27.4,-17.75514,47.01783,TRUE,TRUE,TRUE,FALSE,2G et 3G et 4G,2G-3G-4G,NON,TELMA,null,2008,410211,GREENFIELD,null
860,TELMA_BET006,ANTSIAFABOSITRA,TELMA,BETSIBOKA,MAEVATANANA,ANTSIAFABOSITRA,38.0,-17.3045,46.93994,TRUE,TRUE,TRUE,FALSE,2G et 3G et 4G,2G-3G-4G,NON,TELMA,ENERGIE SOLAIRE + GE,2014,410205,GREENFIELD,null
861,TELMA_BET009,KANDREHO,TELMA,BETSIBOKA,KANDREHO,KANDREHO,22.4,-17.48019,46.09447,TRUE,FALSE,TRUE,FALSE,2G et 4G,2G-4G,NON,TELMA,CHARGE DÉCHARGE + JIRAMA,2012,410106,GREENFIELD,null
862,TELMA_BET010,TSARATANANA,TELMA,BETSIBOKA,TSARATANANA,TSARATANANA,22.4,-16.79539,47.65172,TRUE,FALSE,TRUE,FALSE,2G et 4G,2G-4G,NON,TELMA,CHARGE DÉCHARGE + JIRAMA,2012,410312,GREENFIELD,null
863,TELMA_BET014,AMBAKIRENY,TELMA,BETSIBOKA,TSARATANANA,AMBAKIRENY,37.4,-17.61942,47.81842,TRUE,TRUE,TRUE,FALSE,2G et 3G et 4G,2G-3G-4G,NON,TOA,ENERGIE SOLAIRE + GE,2014,410301,GREENFIELD,null
864,TELMA_BET015,ANTANIMBARY,TELMA,BETSIBOKA,MAEVATANANA,ANTANIMBARY,38.0,-17.1678,46.87111,TRUE,TRUE,TRUE,FALSE,2G et 3G et 4G,2G-3G-4G,NON,TELMA,ENERGIE SOLAIRE + GE,2014,410204,GREENFIELD,null
865,TELMA_BET016,BERIVOTRA,TELMA,BETSIBOKA,MAEVATANANA,AMBALANJANAKOMBY,37.4,-16.76053,47.04716,TRUE,TRUE,TRUE,FALSE,2G et 3G et 4G,2G-3G-4G,NON,TOA,ENERGIE SOLAIRE + GE,2015,410202,GREENFIELD,null
866,TELMA_BET017,BRIEVILLE2,TELMA,BETSIBOKA,TSARATANANA,BRIEVILLE,37.4,-17.67233,47.65078,TRUE,TRUE,TRUE,FALSE,2G et 3G et 4G,2G-3G-4G,NON,TOA,ENERGIE SOLAIRE + GE,2015,410306,GREENFIELD,null
867,TELMA_BET018,MAROBOA,TELMA,BETSIBOKA,MAEVATANANA,MAHAZOMA,37.4,-17.1893,46.56031,TRUE,TRUE,TRUE,FALSE,2G et 3G et 4G,2G-3G-4G,NON,TOA,ENERGIE SOLAIRE + GE,2015,410212,GREENFIELD,null
868,TELMA_BET019,TSINJORANO,TELMA,BETSIBOKA,TSARATANANA,BEKAPAIKA,37.4,-16.70786111111111,47.56944444444444,TRUE,FALSE,TRUE,FALSE,2G et 4G,2G-4G,NON,TOA,ENERGIE SOLAIRE,2016,410304,GREENFIELD,null
869,TELMA_BET020,VOHITRARIVO,TELMA,BETSIBOKA,TSARATANANA,MANAKANA,37.4,-17.78333,47.42283,TRUE,TRUE,TRUE,FALSE,2G et 3G et 4G,2G-3G-4G,NON,TOA,ENERGIE SOLAIRE + GE,2016,410308,GREENFIELD,null
870,TELMA_BET021,BEANANA,TELMA,BETSIBOKA,MAEVATANANA,BEMOKOTRA,47.4,-17.066305555555555,46.78052777777778,TRUE,TRUE,TRUE,FALSE,2G et 3G et 4G,2G-3G-4G,NON,TOA,ENERGIE SOLAIRE + GE,2016,410206,GREENFIELD,null
871,TELMA_BET028,ANDRIBA,TELMA,BETSIBOKA,MAEVATANANA,ANDRIBA,37.4,-17.60843,46.96644,TRUE,TRUE,TRUE,FALSE,2G et 3G et 4G,2G-3G-4G,NON,TOA,ENERGIE SOLAIRE + GE,2018,410203,GREENFIELD,null
872,TELMA_BET031,TELOMITA,TELMA,BETSIBOKA,TSARATANANA,ANDRIAMENA,37.4,-17.46325,47.54622,TRUE,TRUE,TRUE,FALSE,2G et 3G et 4G,2G-3G-4G,NON,TELMA,ENERGIE SOLAIRE + GE,2014,410303,GREENFIELD,null
873,TELMA_BET032,SAROBARATRA,TELMA,BETSIBOKA,TSARATANANA,SAROBARATRA,47.4,-16.44819,47.34906,TRUE,TRUE,TRUE,FALSE,2G et 3G et 4G,2G-3G-4G,NON,TOA,ENERGIE SOLAIRE,2015,410310,GREENFIELD,null
874,TELMA_BET033,BEHAZOMATY,TELMA,BETSIBOKA,KANDREHO,ANTANIMBARIBE,37.4,-17.34025,46.29712,TRUE,TRUE,TRUE,FALSE,2G et 3G et 4G,2G-3G-4G,NON,TOA,ENERGIE SOLAIRE + GE,2019,410103,GREENFIELD,null
875,TELMA_BET034,KELILOHA,TELMA,BETSIBOKA,TSARATANANA,KELILOHA,37.4,-17.256758,47.627455,TRUE,FALSE,TRUE,FALSE,2G et 4G,2G-4G,NON,TOA,ENERGIE SOLAIRE + GE,2020,410307,GREENFIELD,null
876,TELMA_BET035,MANGABE BET,TELMA,BETSIBOKA,MAEVATANANA,MANGABE,37.4,-16.721405,46.822609,TRUE,TRUE,TRUE,FALSE,2G et 3G et 4G,2G-3G-4G,NON,TOA,ENERGIE SOLAIRE + GE,2020,410213,GREENFIELD,null
877,TELMA_BET036,SAKOAMADINIKA,TELMA,BETSIBOKA,TSARATANANA,SAKOAMADINIKA,37.4,-17.21932222,48.00862778,TRUE,FALSE,TRUE,FALSE,2G et 4G,2G-4G,NON,TOA,ENERGIE SOLAIRE + GE,2020,410309,GREENFIELD,null
878,TELMA_BET038,ANDRANOMIELY,TELMA,ANALAMANGA,ANKAZOBE,TSARAMASOANDRO,37.4,-17.848299,47.254854,TRUE,TRUE,TRUE,FALSE,2G et 3G et 4G,2G-3G-4G,NON,TOA,ENERGIE SOLAIRE + GE,2020,110413,GREENFIELD,null
879,TELMA_BET039,MAEVATANANA2,TELMA,BETSIBOKA,MAEVATANANA,MAEVATANANA I,37.4,-16.939186,46.844532,TRUE,TRUE,TRUE,FALSE,2G et 3G et 4G,2G-3G-4G,NON,TOA,ENERGIE SOLAIRE + GE,2021,410209,GREENFIELD,null
880,TELMA_BET040,BETENINA,TELMA,BETSIBOKA,TSARATANANA,AMBAKIRENY,37.4,-17.827635,47.89294,TRUE,TRUE,TRUE,FALSE,2G et 3G et 4G,2G-3G-4G,NON,TOA,ENERGIE SOLAIRE + GE,2021,410301,GREENFIELD,null
881,TELMA_BET041,AMPANDRANA BET,TELMA,BETSIBOKA,TSARATANANA,AMPANDRANA,37.4,-17.276637,47.887132,TRUE,TRUE,TRUE,FALSE,2G et 3G et 4G,2G-3G-4G,NON,TOA,ENERGIE SOLAIRE + GE,2022,410302,GREENFIELD,null
882,TELMA_BET042,BERATSIMANIA,TELMA,BETSIBOKA,MAEVATANANA,BERATSIMANINA,37.4,-16.85286,46.879443,TRUE,TRUE,TRUE,FALSE,2G et 3G et 4G,2G-3G-4G,NON,TOA,null,2021,410207,GREENFIELD,null
883,TELMA_BET043,BEMOKOTRA,TELMA,BETSIBOKA,MAEVATANANA,BEMOKOTRA,37.4,-17.044472,46.698223,TRUE,TRUE,TRUE,FALSE,2G et 3G et 4G,2G-3G-4G,NON,TOA,null,2021,410206,GREENFIELD,null
884,TELMA_BET045,ANTANIMBARY_TANANA,TELMA,BETSIBOKA,MAEVATANANA,ANTANIMBARY,37.4,-17.1842112061289,46.8517526343119,TRUE,TRUE,TRUE,FALSE,2G et 3G et 4G,2G-3G-4G,NON,TOA,null,2022,410204,GREENFIELD,null
885,TELMA_BET047,BEKARATSAKA,TELMA,BETSIBOKA,MAEVATANANA,ANTSIAFABOSITRA,9.4,-17.46361111111111,46.99027777777778,TRUE,FALSE,TRUE,FALSE,2G et 4G,2G-4G,NON,TOA,ENERGIE SOLAIRE,2023,410205,GREENFIELD,null
886,TELMA_BET048,TSARARANO BET,TELMA,BETSIBOKA,MAEVATANANA,AMBALANJANAKOMBY,9.4,-16.7625,46.965,TRUE,FALSE,TRUE,FALSE,2G et 4G,2G-4G,NON,TOA,ENERGIE SOLAIRE,2023,410202,GREENFIELD,null
887,TELMA_BET049,MORAFENO,TELMA,BETSIBOKA,MAEVATANANA,MORAFENO,9.4,-17.640555555555554,47.234722222222224,TRUE,FALSE,TRUE,FALSE,2G et 4G,2G-4G,NON,TOA,SOLDIÈSE,2023,410216,GREENFIELD,null
888,TELMA_BOE001,MHJ_LA_CORNICHE,TELMA,BOENY,MAHAJANGA I,MAHAJANGA,42.4,-15.71514,46.30272,TRUE,TRUE,TRUE,FALSE,2G et 3G et 4G,2G-3G-4G,NON,TELMA,JIRAMA + GE,2003,420201,GREENFIELD,null
889,TELMA_BOE002,MHJ_AMBOROVY,TELMA,BOENY,MAHAJANGA I,MAHAJANGA,37.4,-15.67622,46.33747,TRUE,TRUE,TRUE,FALSE,2G et 3G et 4G,2G-3G-4G,NON,TELMA,JIRAMA + GE,2006,420201,GREENFIELD,null
890,TELMA_BOE003,MHJ_ANTANIMALANDY,TELMA,BOENY,MAHAJANGA I,MAHAJANGA,49.4,-15.71269,46.351,TRUE,TRUE,TRUE,FALSE,2G et 3G et 4G,2G-3G-4G,NON,TOA,JIRAMA + GE,2007,420201,GREENFIELD,null
891,TELMA_BOE004,AMBATOBOENY,TELMA,BOENY,AMBATO BOENI,AMBATOBOENY,33.4,-16.47014,46.72008,TRUE,TRUE,TRUE,FALSE,2G et 3G et 4G,2G-3G-4G,NON,TELMA,JIRAMA + GE,2008,420101,GREENFIELD,null
892,TELMA_BOE005,MAROVOAY,TELMA,BOENY,MAROVOAY,MAROVOAY,37.4,-16.11517,46.64433,TRUE,TRUE,TRUE,FALSE,2G et 3G et 4G,2G-3G-4G,NON,TELMA,JIRAMA + GE,2008,420410,GREENFIELD,null
893,TELMA_BOE008,MAHAJANGATELMA,TELMA,BOENY,MAHAJANGA I,MAHAJANGA,33.4,-15.72385,46.31019,TRUE,TRUE,TRUE,TRUE,2G et 3G et 4G et 5G,2G-3G-4G-5G,NON,TOA,SOUS COMPTEUR,2008,420201,GREENFIELD,null
894,TELMA_BOE009,MHJ_MANGARIVOTRA,TELMA,BOENY,MAHAJANGA I,MAHAJANGA,13.4,-15.71297,46.31294,TRUE,TRUE,TRUE,FALSE,2G et 3G et 4G,2G-3G-4G,NON,TELMA,JIRAMA + GE,2008,420201,ROOFTOP,null
895,TELMA_BOE010,AMBONDROMAMY,TELMA,BOENY,AMBATO BOENI,AMBONDROMAMY,57.4,-16.44534,47.18483,TRUE,TRUE,TRUE,FALSE,2G et 3G et 4G,2G-3G-4G,NON,TELMA,SOLDIÈSE,2008,420102,GREENFIELD,null
896,TELMA_BOE013,SOALALA,TELMA,BOENY,SOALALA,SOALALA,21.799999999999997,-16.10147,45.32675,TRUE,TRUE,TRUE,FALSE,2G et 3G et 4G,2G-3G-4G,NON,TELMA,CHARGE DÉCHARGE + JIRAMA,2008,420603,GREENFIELD,null
897,TELMA_BOE014,MHJ_MAHABIBO,TELMA,BOENY,MAHAJANGA I,MAHAJANGA,12.4,-15.719495,46.323521,TRUE,TRUE,TRUE,FALSE,2G et 3G et 4G,2G-3G-4G,NON,TELMA,JIRAMA + GE,2012,420201,ROOFTOP,null
898,TELMA_BOE020,MHJ_TSARAMANDROSO,TELMA,BOENY,MAHAJANGA I,MAHAJANGA,12.4,-15.713333,46.319306,TRUE,TRUE,TRUE,TRUE,2G et 3G et 4G et 5G,2G-3G-4G-5G,NON,TELMA,JIRAMA + GE,2009,420201,ROOFTOP,null
899,TELMA_BOE021,MHJ_TSARARANO,TELMA,BOENY,MAHAJANGA I,MAHAJANGA,37.4,-15.70497,46.33236,TRUE,TRUE,TRUE,FALSE,2G et 3G et 4G,2G-3G-4G,NON,TOA,JIRAMA + GE,2012,420201,GREENFIELD,null
900,TELMA_BOE027,MADIROVALO,TELMA,BOENY,AMBATO BOENI,MADIROVALO,47.4,-16.44536,46.54489,TRUE,TRUE,TRUE,FALSE,2G et 3G et 4G,2G-3G-4G,NON,TOA,ENERGIE SOLAIRE + GE,2012,420108,GREENFIELD,null
901,TELMA_BOE034,BESAKOA,TELMA,BOENY,MAHAJANGA II,MAHAJAMBA USINE,47.4,-15.66751,47.05922,TRUE,TRUE,FALSE,FALSE,2G et 3G,2G-3G,NON,TOA,PARTICULIER,2013,420308,GREENFIELD,null
902,TELMA_BOE035,MAHAJAMBA,TELMA,BOENY,MAHAJANGA II,MAHAJAMBA USINE,68.4,-15.567,47.05405,TRUE,FALSE,FALSE,FALSE,2G,2G,NON,TOA,PARTICULIER,2013,420308,GREENFIELD,null
903,TELMA_BOE037,NAMAKIA,TELMA,BOENY,MITSINJO,MATSAKABANJA,49.4,-15.91944,45.83267,TRUE,TRUE,TRUE,FALSE,2G et 3G et 4G,2G-3G-4G,NON,TOA,ENERGIE SOLAIRE + GE,2013,420506,GREENFIELD,null
904,TELMA_BOE039,ANDOANY,TELMA,BOENY,AMBATO BOENI,MANERINERINA,92.4,-16.31611,47.30769,TRUE,FALSE,FALSE,FALSE,2G,2G,NON,TOA,ENERGIE SOLAIRE,2014,420109,GREENFIELD,null
905,TELMA_BOE041,ANTSANITIA,TELMA,BOENY,MAHAJANGA II,BELOBAKA,37.4,-15.58316,46.44969,TRUE,TRUE,TRUE,FALSE,2G et 3G et 4G,2G-3G-4G,NON,TOA,SOLDIÈSE,2013,420305,GREENFIELD,null
906,TELMA_BOE043,ANDRANOMAVO,TELMA,BOENY,SOALALA,ANDRANOMAVO,47.4,-16.58529,45.56402,TRUE,FALSE,TRUE,FALSE,2G et 4G,2G-4G,NON,TOA,ENERGIE SOLAIRE,2013,420602,GREENFIELD,null
907,TELMA_BOE050,MHJ_GRANDPAVOIS,TELMA,BOENY,MAHAJANGA I,MAHAJANGA,37.4,-15.64342,46.34974,TRUE,TRUE,TRUE,FALSE,2G et 3G et 4G,2G-3G-4G,NON,TOA,JIRAMA + GE,2015,420201,GREENFIELD,null
908,TELMA_BOE051,AMBONDROMAMY AIRTEL,TELMA,BOENY,AMBATO BOENI,AMBONDROMAMY,57.4,-16.43794,47.15783,TRUE,TRUE,TRUE,FALSE,2G et 3G et 4G,2G-3G-4G,NON,TOA,CHARGE DÉCHARGE,2022,420102,GREENFIELD,null
909,TELMA_BOE052,AMPANANIRANA,TELMA,BOENY,MAHAJANGA II,BEKOBAY CENTRE,37.4,-15.82389,46.94631,TRUE,TRUE,TRUE,FALSE,2G et 3G et 4G,2G-3G-4G,NON,TOA,SOLDIÈSE,2015,420304,GREENFIELD,null
910,TELMA_BOE053,SITAMPIKY,TELMA,BOENY,AMBATO BOENI,SITAMPIKY,47.4,-16.68247,46.10003,TRUE,FALSE,TRUE,FALSE,2G et 4G,2G-4G,NON,TOA,ENERGIE SOLAIRE + GE,2015,420110,GREENFIELD,null
911,TELMA_BOE055,KATSEPY,TELMA,BOENY,MITSINJO,KATSEPY,38.3,-15.78436,46.19633,TRUE,TRUE,TRUE,FALSE,2G et 3G et 4G,2G-3G-4G,NON,TOA,ENERGIE SOLAIRE + GE,2015,420505,GREENFIELD,null
912,TELMA_BOE056,ANALATELO,TELMA,BOENY,MITSINJO,KATSEPY,87.4,-15.96119,46.09175,TRUE,TRUE,TRUE,FALSE,2G et 3G et 4G,2G-3G-4G,NON,TOA,ENERGIE SOLAIRE + GE,2015,420505,GREENFIELD,null
913,TELMA_BOE057,MITSINJO,TELMA,BOENY,MITSINJO,MITSINJO,52.4,-16.00853,45.87037,TRUE,FALSE,FALSE,FALSE,2G,2G,NON,TOA,ENERGIE SOLAIRE + GE,2015,420507,GREENFIELD,null
914,TELMA_BOE058,MAROAMBAY,TELMA,BOENY,MITSINJO,MATSAKABANJA,78.4,-16.1098,45.72997,TRUE,TRUE,TRUE,FALSE,2G et 3G et 4G,2G-3G-4G,NON,TOA,ENERGIE SOLAIRE + GE,2015,420506,GREENFIELD,null
915,TELMA_BOE059,AMBODIMANARY,TELMA,BOENY,SOALALA,SOALALA,58.4,-16.15116,45.56784,TRUE,FALSE,FALSE,FALSE,2G,2G,NON,TOA,ENERGIE SOLAIRE + GE,2015,420603,GREENFIELD,null
916,TELMA_BOE060,AMBOROKA,TELMA,BOENY,SOALALA,SOALALA,92.4,-16.21358,45.27792,TRUE,TRUE,TRUE,FALSE,2G et 3G et 4G,2G-3G-4G,NON,TOA,ENERGIE SOLAIRE + GE,2015,420603,GREENFIELD,null
917,TELMA_BOE062,AMBOANIO,TELMA,BOENY,MAHAJANGA II,BOANAMARY,47.4,-15.82616,46.3326,TRUE,TRUE,TRUE,FALSE,2G et 3G et 4G,2G-3G-4G,NON,TOA,ENERGIE SOLAIRE,2016,420307,GREENFIELD,null
918,TELMA_BOE063,MHJ_BELOBAKA,TELMA,BOENY,MAHAJANGA I,MAHAJANGA,37.4,-15.70407,46.37666,TRUE,TRUE,TRUE,FALSE,2G et 3G et 4G,2G-3G-4G,NON,TOA,JIRAMA + GE,2016,420201,GREENFIELD,null
919,TELMA_BOE064,MHJ_AMBOHIBOAKA,TELMA,BOENY,MAHAJANGA I,MAHAJANGA,37.4,-15.70196,46.3251,TRUE,TRUE,TRUE,FALSE,2G et 3G et 4G,2G-3G-4G,NON,TOA,JIRAMA + GE,2016,420201,GREENFIELD,null
920,TELMA_BOE065,MHJ_MAHAVOKY,TELMA,BOENY,MAHAJANGA I,MAHAJANGA,37.4,-15.70597,46.31692,TRUE,TRUE,TRUE,FALSE,2G et 3G et 4G,2G-3G-4G,NON,TOA,JIRAMA + GE,2015,420201,GREENFIELD,null
921,TELMA_BOE066,MHJG_MAHATSINJO,TELMA,BOENY,MAHAJANGA I,MAHAJANGA,37.4,-15.71444,46.33439,TRUE,TRUE,TRUE,FALSE,2G et 3G et 4G,2G-3G-4G,NON,TOA,JIRAMA + GE,2016,420201,GREENFIELD,null
922,TELMA_BOE067,MHJ_AMBOVOALAN,TELMA,BOENY,MAHAJANGA I,MAHAJANGA,37.4,-15.72047,46.319,TRUE,TRUE,TRUE,FALSE,2G et 3G et 4G,2G-3G-4G,NON,TOA,JIRAMA + GE,2015,420201,GREENFIELD,null
923,TELMA_BOE071,BERAOTRA,TELMA,BOENY,AMBATO BOENI,AMBATOBOENY,37.4,-16.5333,46.8862,TRUE,TRUE,TRUE,FALSE,2G et 3G et 4G,2G-3G-4G,NON,TOA,ENERGIE SOLAIRE + GE,2015,420101,GREENFIELD,null
924,TELMA_BOE075,MHJ_AMBONDRONA,TELMA,BOENY,MAHAJANGA I,MAHAJANGA,27.4,-15.69887,46.35235,TRUE,TRUE,TRUE,FALSE,2G et 3G et 4G,2G-3G-4G,NON,TOA,CHARGE DÉCHARGE,2018,420201,GREENFIELD,null
925,TELMA_BOE076,ZEBU_MAROVOAY,TELMA,BOENY,MAROVOAY,MANARATSANDRY,27.4,-16.18486,46.50788,TRUE,TRUE,TRUE,FALSE,2G et 3G et 4G,2G-3G-4G,NON,TOA,ENERGIE SOLAIRE,2016,420408,GREENFIELD,null
926,TELMA_BOE083,MAROVOAY_AMBOVOMAVO,TELMA,BOENY,MAROVOAY,MAROVOAY,37.4,-16.11413888888889,46.64063888888889,TRUE,TRUE,TRUE,FALSE,2G et 3G et 4G,2G-3G-4G,NON,TOA,CHARGE DÉCHARGE,2018,420410,GREENFIELD,null
927,TELMA_BOE084,ANKAZOMBORONA,TELMA,BOENY,MAROVOAY,ANKAZOMBORONA,37.4,-16.14411,46.75158,TRUE,TRUE,TRUE,FALSE,2G et 3G et 4G,2G-3G-4G,NON,TOA,ENERGIE SOLAIRE + GE,2018,420403,GREENFIELD,null
928,TELMA_BOE085,AMBOVONDRAMANESY,TELMA,BOENY,MAROVOAY,ANTANAMBAO ANDRANOLAVA,47.4,-15.91408,46.60774,TRUE,TRUE,TRUE,FALSE,2G et 3G et 4G,2G-3G-4G,NON,TOA,ENERGIE SOLAIRE + GE,2018,420405,GREENFIELD,null
929,TELMA_BOE086,TSARAMANDROSO,TELMA,BOENY,AMBATO BOENI,TSARAMANDROSO,37.4,-16.33813888888889,47.03344444444444,TRUE,TRUE,TRUE,FALSE,2G et 3G et 4G,2G-3G-4G,NON,TOA,ENERGIE SOLAIRE + GE,2018,420111,GREENFIELD,null
930,TELMA_BOE087,BESELY,TELMA,BOENY,MAHAJANGA II,AMBALAKIDA,37.4,-15.82202,46.49709,TRUE,TRUE,TRUE,FALSE,2G et 3G et 4G,2G-3G-4G,NON,TOA,ENERGIE SOLAIRE + GE,2018,420302,GREENFIELD,null
931,TELMA_BOE088,ANDRANOFASIKA,TELMA,BOENY,MAROVOAY,MAROSAKOA,47.4,-16.314444444444444,46.8325,TRUE,TRUE,TRUE,FALSE,2G et 3G et 4G,2G-3G-4G,NON,TOA,ENERGIE SOLAIRE + GE,2018,420409,GREENFIELD,null
932,TELMA_BOE090,MHJ_TSARARANO_AMBANY,TELMA,BOENY,MAHAJANGA I,MAHAJANGA,27.4,-15.7094361111111,46.3251194444444,TRUE,TRUE,TRUE,FALSE,2G et 3G et 4G,2G-3G-4G,NON,TOA,CHARGE DÉCHARGE + JIRAMA,2019,420201,GREENFIELD,null
933,TELMA_BOE091,MHJ_VILLAGE,TELMA,BOENY,MAHAJANGA I,MAHAJANGA,27.4,-15.70225,46.3126194444444,TRUE,TRUE,TRUE,FALSE,2G et 3G et 4G,2G-3G-4G,NON,TOA,CHARGE DÉCHARGE + JIRAMA,2019,420201,GREENFIELD,null
934,TELMA_BOE092,MHJ_ANDROVA,TELMA,BOENY,MAHAJANGA I,MAHAJANGA,27.4,-15.718175,46.3078138888889,TRUE,TRUE,TRUE,FALSE,2G et 3G et 4G,2G-3G-4G,NON,TOA,CHARGE DÉCHARGE,2020,420201,GREENFIELD,null
935,TELMA_BOE093,MHJ_LA_CORNICHE2,TELMA,BOENY,MAHAJANGA I,MAHAJANGA,15.4,-15.7155,46.3009166666667,TRUE,TRUE,TRUE,TRUE,2G et 3G et 4G et 5G,2G-3G-4G-5G,NON,TOA,JIRAMA + GE,2019,420201,ROOFTOP,null
936,TELMA_BOE098,ANTANAMBAO ANDRANOLAVA,TELMA,BOENY,MAROVOAY,ANTANAMBAO ANDRANOLAVA,37.4,-15.950582,46.684528,TRUE,TRUE,TRUE,FALSE,2G et 3G et 4G,2G-3G-4G,NON,TOA,ENERGIE SOLAIRE + GE,2020,420405,GREENFIELD,null
937,TELMA_BOE099,BETSAKO,TELMA,BOENY,MAHAJANGA II,BETSAKO,37.4,-15.699096,46.505561,TRUE,TRUE,TRUE,FALSE,2G et 3G et 4G,2G-3G-4G,NON,TOA,ENERGIE SOLAIRE + GE,2020,420306,GREENFIELD,null
938,TELMA_BOE100,BEKORATSAKA,TELMA,BOENY,AMBATO BOENI,ANDRANOFASIKA,37.4,-16.371028,46.87752,TRUE,TRUE,TRUE,FALSE,2G et 3G et 4G,2G-3G-4G,NON,TOA,ENERGIE SOLAIRE + GE,2020,420103,GREENFIELD,null
939,TELMA_BOE102,BEMAHARIVO,TELMA,BOENY,MAROVOAY,BEMAHARIVO,37.4,-16.114756,46.374714,TRUE,TRUE,TRUE,FALSE,2G et 3G et 4G,2G-3G-4G,NON,TOA,ENERGIE SOLAIRE + GE,2021,420407,GREENFIELD,null
940,TELMA_BOE103,MANGATOKA,TELMA,BOENY,MAHAJANGA II,MAHAJAMBA USINE,37.4,-15.76877,47.093623,TRUE,TRUE,TRUE,FALSE,2G et 3G et 4G,2G-3G-4G,NON,TOA,ENERGIE SOLAIRE + GE,2021,420308,GREENFIELD,null
941,TELMA_BOE104,ANKIJABE,TELMA,BOENY,AMBATO BOENI,ANKIJABE,37.4,-16.380225,46.7695917,TRUE,TRUE,TRUE,FALSE,2G et 3G et 4G,2G-3G-4G,NON,TOA,ENERGIE SOLAIRE + GE,2021,420106,GREENFIELD,null
942,TELMA_BOE105,ANKARAOBATO,TELMA,BOENY,MAROVOAY,ANKARAOBATO,37.4,-16.2058139,46.1657722,TRUE,TRUE,TRUE,FALSE,2G et 3G et 4G,2G-3G-4G,NON,TOA,ENERGIE SOLAIRE + GE,2021,420402,GREENFIELD,null
943,TELMA_BOE108,ANKIRIHIRY BOE,TELMA,BOENY,AMBATO BOENI,ANKIRIHITRA,37.4,-16.739126,46.408398,TRUE,TRUE,TRUE,FALSE,2G et 3G et 4G,2G-3G-4G,NON,TOA,ENERGIE SOLAIRE + GE,2023,420107,GREENFIELD,null
944,TELMA_BOE109,ANDRANOBOKA_OMNI,TELMA,BOENY,MAHAJANGA II,ANDRANOBOKA,9.4,-15.638756,46.885921,TRUE,FALSE,TRUE,FALSE,2G et 4G,2G-4G,NON,TOA,ENERGIE SOLAIRE,2023,420303,GREENFIELD,null
945,TELMA_BOE110,AMBOHITROMBY BOE,TELMA,BOENY,AMBATO BOENI,ANDRANOMAMY,9.4,-16.563055555555554,47.21222222222222,TRUE,FALSE,TRUE,FALSE,2G et 4G,2G-4G,NON,TOA,ENERGIE SOLAIRE,2023,420104,GREENFIELD,null
946,TELMA_BOE118,MARERANO FKT MINI,TELMA,BOENY,MAHAJANGA II,MARIARANO,12.0,-15.462466,46.78612,TRUE,FALSE,TRUE,FALSE,2G et 4G,2G-4G,NON,TOA,ENERGIE SOLAIRE,2023,420309,GREENFIELD,null
947,TELMA_BOE119,MARIARANO MINI,TELMA,BOENY,MAHAJANGA II,MARIARANO,12.0,-15.491769,46.693692,TRUE,FALSE,TRUE,FALSE,2G et 4G,2G-4G,NON,TOA,ENERGIE SOLAIRE,2023,420309,GREENFIELD,null
948,TELMA_BON002,FENOARIVOBE,TELMA,BONGOLAVA,FENOARIVOBE,FENOARIVOBE,21.599999999999998,-18.45345,46.563616,TRUE,TRUE,TRUE,FALSE,2G et 3G et 4G,2G-3G-4G,NON,TELMA,CHARGE DÉCHARGE + JIRAMA,2012,120103,GREENFIELD,null
949,TELMA_BON003,TSIROANOMANDIDY,TELMA,BONGOLAVA,TSIROANOMANDIDY,TSIROANOMANDIDY VILLE,33.4,-18.77247,46.05003,TRUE,TRUE,TRUE,FALSE,2G et 3G et 4G,2G-3G-4G,NON,TELMA,JIRAMA + GE,2007,120218,GREENFIELD,null
950,TELMA_BON004,AMBOHIBY,TELMA,BONGOLAVA,TSIROANOMANDIDY,AMBATOLAMPY,33.4,-18.88261,46.2055,TRUE,TRUE,TRUE,FALSE,2G et 3G et 4G,2G-3G-4G,NON,TELMA,ENERGIE SOLAIRE + GE,2010,120203,GREENFIELD,null
951,TELMA_BON005,BABET_VILLE,TELMA,BONGOLAVA,TSIROANOMANDIDY,ANKADINONDRY SAKAY,37.4,-19.01558,46.51639,TRUE,TRUE,TRUE,FALSE,2G et 3G et 4G,2G-3G-4G,NON,TELMA,ENERGIE SOLAIRE + GE,2009,120204,GREENFIELD,null
952,TELMA_BON006,BELOBAKA,TELMA,BONGOLAVA,TSIROANOMANDIDY,BELOBAKA,42.4,-18.9973833,45.6910916666666,TRUE,FALSE,TRUE,FALSE,2G et 4G,2G-4G,NON,TELMA,ENERGIE SOLAIRE + GE,2012,120207,GREENFIELD,null
953,TELMA_BON011,BEMAHATAZANA,TELMA,BONGOLAVA,TSIROANOMANDIDY,BEMAHATAZANA,37.4,-19.03119,45.94295,TRUE,TRUE,TRUE,FALSE,2G et 3G et 4G,2G-3G-4G,NON,TELMA,ENERGIE SOLAIRE + GE,2012,120208,GREENFIELD,null
954,TELMA_BON012,AMBALANIRANA,TELMA,BONGOLAVA,TSIROANOMANDIDY,AMBALANIRANA,47.4,-18.7644,46.51584,TRUE,TRUE,TRUE,FALSE,2G et 3G et 4G,2G-3G-4G,NON,TOA,ENERGIE SOLAIRE + GE,2014,120201,GREENFIELD,null
955,TELMA_BON014,KIRANOMENA,TELMA,BONGOLAVA,FENOARIVOBE,KIRANOMENA,37.4,-18.26563,46.09647,TRUE,TRUE,TRUE,FALSE,2G et 3G et 4G,2G-3G-4G,NON,TOA,SOLDIÈSE,2015,120105,GREENFIELD,null
956,TELMA_BON015,MAHASOLO,TELMA,BONGOLAVA,TSIROANOMANDIDY,MAHASOLO,37.4,-19.16567,46.30453,TRUE,TRUE,TRUE,FALSE,2G et 3G et 4G,2G-3G-4G,NON,TOA,ENERGIE SOLAIRE + GE,2014,120211,GREENFIELD,null
957,TELMA_BON016,FIRAVAHANA,TELMA,BONGOLAVA,FENOARIVOBE,FIRAVAHANA,37.4,-18.624,46.81557,TRUE,TRUE,TRUE,FALSE,2G et 3G et 4G,2G-3G-4G,NON,TELMA,ENERGIE SOLAIRE + GE,2015,120104,GREENFIELD,null
958,TELMA_BON017,AMBATOMAINTY_BON,TELMA,BONGOLAVA,FENOARIVOBE,AMBATOMAINTY SUD,47.4,-18.1721,46.3647,TRUE,TRUE,TRUE,FALSE,2G et 3G et 4G,2G-3G-4G,NON,TOA,ENERGIE SOLAIRE + GE,2016,120101,GREENFIELD,null
959,TELMA_BON018,FIERENANANA,TELMA,BONGOLAVA,TSIROANOMANDIDY,FIERENANA,37.4,-18.53377,45.81568,TRUE,TRUE,TRUE,FALSE,2G et 3G et 4G,2G-3G-4G,NON,TELMA,ENERGIE SOLAIRE + GE,2015,120210,GREENFIELD,null
960,TELMA_BON019,AMBARAVARANALA,TELMA,BONGOLAVA,TSIROANOMANDIDY,FIERENANA,37.4,-18.42614,45.69407,TRUE,TRUE,TRUE,FALSE,2G et 3G et 4G,2G-3G-4G,NON,TELMA,ENERGIE SOLAIRE + GE,2015,120210,GREENFIELD,null
961,TELMA_BON020,TSINJOARIVO,TELMA,BONGOLAVA,FENOARIVOBE,TSINJOARIVO 22,37.4,-18.34827,45.86814,TRUE,TRUE,TRUE,FALSE,2G et 3G et 4G,2G-3G-4G,NON,TOA,ENERGIE SOLAIRE + GE,2015,120108,GREENFIELD,null
962,TELMA_BON024,TSIROANOMANDIDY_2,TELMA,BONGOLAVA,TSIROANOMANDIDY,TSIROANOMANDIDY VILLE,13.4,-18.765444444444444,46.04863888888889,TRUE,TRUE,TRUE,FALSE,2G et 3G et 4G,2G-3G-4G,NON,TOA,CHARGE DÉCHARGE + JIRAMA,2017,120218,GREENFIELD,null
963,TELMA_BON026,KOFAY,TELMA,BONGOLAVA,TSIROANOMANDIDY,BEVATO,37.4,-18.70561111111111,46.17830555555555,TRUE,TRUE,TRUE,FALSE,2G et 3G et 4G,2G-3G-4G,NON,TOA,ENERGIE SOLAIRE + GE,2016,120209,GREENFIELD,null
964,TELMA_BON027,KIRANOMENA_KINOMBY,TELMA,BONGOLAVA,FENOARIVOBE,KIRANOMENA,37.4,-18.136944444444445,45.96286111111111,TRUE,TRUE,TRUE,FALSE,2G et 3G et 4G,2G-3G-4G,NON,TOA,ENERGIE SOLAIRE + GE,2018,120105,GREENFIELD,null
965,TELMA_BON030,AMBOHITROMBY-CN,TELMA,BONGOLAVA,FENOARIVOBE,AMBOHITROMBY,37.4,-18.001583333333333,46.31652777777778,TRUE,TRUE,TRUE,FALSE,2G et 3G et 4G,2G-3G-4G,NON,TOA,ENERGIE SOLAIRE + GE,2018,120102,GREENFIELD,null
966,TELMA_BON033,TSIROANOMANDIDY3,TELMA,BONGOLAVA,TSIROANOMANDIDY,TSIROANOMANDIDY VILLE,15.4,-18.7686527777778,46.0486388888889,TRUE,TRUE,TRUE,FALSE,2G et 3G et 4G,2G-3G-4G,NON,TOA,CHARGE DÉCHARGE + JIRAMA,2020,120218,ROOFTOP,null
967,TELMA_BON034,TSIROANOMANDIDY4,TELMA,BONGOLAVA,TSIROANOMANDIDY,TSIROANOMANDIDY VILLE,27.4,-18.7632416666667,46.0414333333333,TRUE,TRUE,TRUE,FALSE,2G et 3G et 4G,2G-3G-4G,NON,TOA,CHARGE DÉCHARGE + JIRAMA,2019,120218,GREENFIELD,null
968,TELMA_BON035,IABOKETRA,TELMA,BONGOLAVA,TSIROANOMANDIDY,AMBARARATABE,37.4,-19.00805,46.238129,TRUE,TRUE,TRUE,FALSE,2G et 3G et 4G,2G-3G-4G,NON,TOA,ENERGIE SOLAIRE + GE,2019,120202,GREENFIELD,null
969,TELMA_BON036,ANKERANA AVARATRA,TELMA,BONGOLAVA,TSIROANOMANDIDY,ANKERANA NORD,37.4,-18.5719,46.1048,TRUE,TRUE,TRUE,FALSE,2G et 3G et 4G,2G-3G-4G,NON,TOA,ENERGIE SOLAIRE + GE,2019,120205,GREENFIELD,null
970,TELMA_BON037,BEVATO,TELMA,BONGOLAVA,TSIROANOMANDIDY,BEVATO,37.4,-18.690258,46.311336,TRUE,TRUE,TRUE,FALSE,2G et 3G et 4G,2G-3G-4G,NON,TOA,ENERGIE SOLAIRE + GE,2020,120209,GREENFIELD,null
971,TELMA_BON038,ANDRANOMADIO,TELMA,BONGOLAVA,TSIROANOMANDIDY,TSIROANOMANDIDY FIHAONANA,37.4,-18.834126,46.024218,TRUE,TRUE,TRUE,FALSE,2G et 3G et 4G,2G-3G-4G,NON,TOA,ENERGIE SOLAIRE + GE,2020,120217,GREENFIELD,null
972,TELMA_BON039,ANKADINONDRY SAKAY,TELMA,BONGOLAVA,TSIROANOMANDIDY,ANKADINONDRY SAKAY,37.4,-18.999672,46.466796,TRUE,TRUE,TRUE,FALSE,2G et 3G et 4G,2G-3G-4G,NON,TOA,CHARGE DÉCHARGE,2020,120204,GREENFIELD,null
973,TELMA_BON040,MAHAJEBY,TELMA,BONGOLAVA,FENOARIVOBE,MAHAJEBY,37.4,-17.997609,45.916181,TRUE,TRUE,TRUE,FALSE,2G et 3G et 4G,2G-3G-4G,NON,TOA,ENERGIE SOLAIRE + GE,2020,120106,GREENFIELD,null
974,TELMA_BON041,AMPASIPOTSY BON,TELMA,BONGOLAVA,TSIROANOMANDIDY,MAROHARONA,37.4,-19.228416,46.168898,TRUE,TRUE,TRUE,FALSE,2G et 3G et 4G,2G-3G-4G,NON,TOA,ENERGIE SOLAIRE + GE,2020,120212,GREENFIELD,null
975,TELMA_BON042,BEZAHATRA,TELMA,BONGOLAVA,FENOARIVOBE,AMBOHITROMBY,37.4,-17.754839,46.461168,TRUE,TRUE,TRUE,FALSE,2G et 3G et 4G,2G-3G-4G,NON,TOA,ENERGIE SOLAIRE + GE,2020,120102,GREENFIELD,null
976,TELMA_BON043,BEAMBIATY,TELMA,BONGOLAVA,TSIROANOMANDIDY,BELOBAKA,37.4,-18.866831,45.758078,TRUE,TRUE,TRUE,FALSE,2G et 3G et 4G,2G-3G-4G,NON,TOA,ENERGIE SOLAIRE + GE,2021,120207,GREENFIELD,null
977,TELMA_BON044,TSIROANOMANDIDY 5,TELMA,BONGOLAVA,TSIROANOMANDIDY,TSIROANOMANDIDY VILLE,15.4,-18.774931,46.054148,TRUE,TRUE,TRUE,FALSE,2G et 3G et 4G,2G-3G-4G,NON,TOA,ENERGIE SOLAIRE + GE,2022,120218,GREENFIELD,null
978,TELMA_BON045,AMPARIHITANY,TELMA,BONGOLAVA,FENOARIVOBE,KIRANOMENA,37.4,-18.408526,46.000895,TRUE,TRUE,TRUE,FALSE,2G et 3G et 4G,2G-3G-4G,NON,TOA,null,2021,120105,GREENFIELD,null
979,TELMA_BON046,TSARATANÀNA BON,TELMA,BONGOLAVA,TSIROANOMANDIDY,TSIROANOMANDIDY FIHAONANA,37.4,-18.629489,45.990378,TRUE,TRUE,TRUE,FALSE,2G et 3G et 4G,2G-3G-4G,NON,TOA,null,2021,120217,GREENFIELD,null
980,TELMA_BON047,ANTANETIBE,TELMA,BONGOLAVA,FENOARIVOBE,FENOARIVOBE,37.4,-18.507928,46.36321,TRUE,TRUE,TRUE,FALSE,2G et 3G et 4G,2G-3G-4G,NON,TOA,null,2021,120103,GREENFIELD,null
981,TELMA_BON048,TSIROANOMANDIDY 6,TELMA,BONGOLAVA,TSIROANOMANDIDY,TSIROANOMANDIDY VILLE,37.4,-18.786813,46.050008,TRUE,TRUE,TRUE,FALSE,2G et 3G et 4G,2G-3G-4G,NON,TOA,null,2021,120218,GREENFIELD,null
982,TELMA_BON050,BEMAHATAZANA DSF,TELMA,BONGOLAVA,TSIROANOMANDIDY,BEMAHATAZANA,37.4,-19.167208,45.914513,TRUE,TRUE,TRUE,FALSE,2G et 3G et 4G,2G-3G-4G,NON,TOA,ENERGIE SOLAIRE + GE,2022,120208,GREENFIELD,null
983,TELMA_BON051,ANDROTA,TELMA,BONGOLAVA,TSIROANOMANDIDY,ANOSY,37.4,-18.759053,46.373586,TRUE,TRUE,TRUE,FALSE,2G et 3G et 4G,2G-3G-4G,NON,TOA,null,2021,120206,GREENFIELD,null
984,TELMA_BON052,BEMAHATAZANA2,TELMA,BONGOLAVA,TSIROANOMANDIDY,BEMAHATAZANA,37.4,-19.128803,46.003143,TRUE,TRUE,TRUE,FALSE,2G et 3G et 4G,2G-3G-4G,NON,TOA,null,2021,120208,GREENFIELD,null
985,TELMA_BON054,AMBATOMANTY_DSF_MACRO,TELMA,BONGOLAVA,FENOARIVOBE,AMBOHITROMBY,37.4,-17.892582,46.419931,TRUE,TRUE,TRUE,FALSE,2G et 3G et 4G,2G-3G-4G,NON,TOA,ENERGIE SOLAIRE + GE,2023,120102,GREENFIELD,null
986,TELMA_BON055,MIADAMPAHONINA_MACRO,TELMA,BONGOLAVA,FENOARIVOBE,FENOARIVOBE,37.4,-18.594001,46.45804,TRUE,TRUE,TRUE,FALSE,2G et 3G et 4G,2G-3G-4G,NON,TOA,ENERGIE SOLAIRE + GE,2022,120103,GREENFIELD,null
987,TELMA_BON056,SOAMAHATAMANA,TELMA,BONGOLAVA,TSIROANOMANDIDY,TSINJOARIVO-IMANGA,9.4,-18.84861111111111,46.32833333333333,TRUE,FALSE,TRUE,FALSE,2G et 4G,2G-4G,NON,TOA,ENERGIE SOLAIRE,2023,120216,GREENFIELD,null
988,TELMA_BON057,MITSINJO_BON_MINI,TELMA,BONGOLAVA,TSIROANOMANDIDY,FIERENANA,9.4,-18.469974,45.753679,TRUE,FALSE,TRUE,FALSE,2G et 4G,2G-4G,NON,TOA,ENERGIE SOLAIRE,2023,120210,GREENFIELD,null
989,TELMA_DIA001,AMBILOBE_TVM,TELMA,DIANA,AMBILOBE,AMBILOBE,42.4,-13.19611,49.0475,TRUE,TRUE,TRUE,FALSE,2G et 3G et 4G,2G-3G-4G,NON,TELMA,JIRAMA + GE,2002,210204,GREENFIELD,null
990,TELMA_DIA002,DIEGO_TELMA,TELMA,DIANA,ANTSIRANANA I,ANTSIRANANA,29.4,-12.27678,49.29078,TRUE,TRUE,TRUE,FALSE,2G et 3G et 4G,2G-3G-4G,NON,TOA,SOUS COMPTEUR,2006,210301,GREENFIELD,null
991,TELMA_DIA003,DIEGO_ARASARA,TELMA,DIANA,ANTSIRANANA I,ANTSIRANANA,27.4,-12.32519,49.29486,TRUE,TRUE,TRUE,FALSE,2G et 3G et 4G,2G-3G-4G,NON,TELMA,JIRAMA + GE,2007,210301,GREENFIELD,null
992,TELMA_DIA004,NOSYB_ANTLANDY,TELMA,DIANA,NOSY-BE,CU NOSY-BE,15.4,-13.2628,48.19264,TRUE,TRUE,TRUE,FALSE,2G et 3G et 4G,2G-3G-4G,NON,TELMA,JIRAMA + GE,2007,210501,GREENFIELD,null
993,TELMA_DIA005,NOSYB_IVORIRIKA,TELMA,DIANA,NOSY-BE,CU NOSY-BE,27.4,-13.35242,48.28483,TRUE,TRUE,TRUE,FALSE,2G et 3G et 4G,2G-3G-4G,NON,TOA,JIRAMA,2007,210501,GREENFIELD,null
994,TELMA_DIA006,NOSYB_LA_VIGIE,TELMA,DIANA,NOSY-BE,CU NOSY-BE,13.4,-13.40819,48.25839,TRUE,TRUE,TRUE,FALSE,2G et 3G et 4G,2G-3G-4G,NON,TELMA,JIRAMA + GE,2003,210501,GREENFIELD,null
995,TELMA_DIA007,NOSYB_CHAPELLE,TELMA,DIANA,NOSY-BE,CU NOSY-BE,27.4,-13.37069,48.191,TRUE,TRUE,TRUE,FALSE,2G et 3G et 4G,2G-3G-4G,NON,TELMA,JIRAMA + GE,2007,210501,GREENFIELD,null
996,TELMA_DIA008,JOFFREVILLE,TELMA,DIANA,ANTSIRANANA II,JOFFRE-VILLE,27.4,-12.50878,49.19042,TRUE,TRUE,TRUE,FALSE,2G et 3G et 4G,2G-3G-4G,NON,TELMA,SOLDIÈSE,2008,210414,GREENFIELD,null
997,TELMA_DIA009,AMBANJA,TELMA,DIANA,AMBANJA,AMBANJA,37.4,-13.68466,48.45373,TRUE,TRUE,TRUE,FALSE,2G et 3G et 4G,2G-3G-4G,NON,TELMA,JIRAMA + GE,2008,210103,GREENFIELD,null
998,TELMA_DIA011,DIEGO_TANAMBAO1,TELMA,DIANA,ANTSIRANANA I,ANTSIRANANA,15.4,-12.28842,49.29222,TRUE,TRUE,TRUE,FALSE,2G et 3G et 4G,2G-3G-4G,NON,TELMA,JIRAMA,2008,210301,ROOFTOP,null
999,TELMA_DIA012,DIEGO_LAZARET,TELMA,DIANA,ANTSIRANANA I,ANTSIRANANA,27.4,-12.2831583,49.298125,TRUE,TRUE,TRUE,FALSE,2G et 3G et 4G,2G-3G-4G,NON,TOA,JIRAMA + GE,2008,210301,GREENFIELD,null
1000,TELMA_DIA013,NOSYBEHELLVILLE,TELMA,DIANA,NOSY-BE,CU NOSY-BE,27.4,-13.40557,48.27461,TRUE,TRUE,TRUE,FALSE,2G et 3G et 4G,2G-3G-4G,NON,TOA,SOUS COMPTEUR,2009,210501,GREENFIELD,null
1001,TELMA_DIA014,NOSYBE_BEMOKO,TELMA,DIANA,NOSY-BE,CU NOSY-BE,37.4,-13.32294,48.19292,TRUE,TRUE,TRUE,FALSE,2G et 3G et 4G,2G-3G-4G,NON,TELMA,JIRAMA + GE,2011,210501,GREENFIELD,null
1002,TELMA_DIA015,ANIVORANO,TELMA,DIANA,ANTSIRANANA II,ANIVORANO NORD,37.4,-12.70367,49.25378,TRUE,TRUE,TRUE,FALSE,2G et 3G et 4G,2G-3G-4G,NON,TELMA,SOLDIÈSE,2010,210405,GREENFIELD,null
1003,TELMA_DIA017,ANKARANA,TELMA,DIANA,AMBILOBE,ANTSOHIMBONDRONA,37.4,-13.09092,48.92161,TRUE,TRUE,TRUE,FALSE,2G et 3G et 4G,2G-3G-4G,NON,TELMA,CHARGE DÉCHARGE + JIRAMA,2010,210210,GREENFIELD,null
1004,TELMA_DIA019,RAMENA,TELMA,DIANA,ANTSIRANANA II,RAMENA,37.4,-12.26658,49.35111,TRUE,TRUE,TRUE,FALSE,2G et 3G et 4G,2G-3G-4G,NON,TOA,SOLDIÈSE,2013,210419,GREENFIELD,null
1005,TELMA_DIA020,NOSYBE_LACRATERE,TELMA,DIANA,NOSY-BE,CU NOSY-BE,18.4,-13.39975,48.21097,TRUE,TRUE,TRUE,FALSE,2G et 3G et 4G,2G-3G-4G,NON,TOA,JIRAMA + GE,2009,210501,GREENFIELD,null
1006,TELMA_DIA022,ANDRANOTSARA,TELMA,DIANA,AMBILOBE,BERAMANJA,47.4,-13.3555,48.87628,TRUE,TRUE,TRUE,FALSE,2G et 3G et 4G,2G-3G-4G,NON,TELMA,SOLDIÈSE,2010,210211,GREENFIELD,null
1007,TELMA_DIA023,AKINGABE,TELMA,DIANA,AMBANJA,ANTSAKOAMANONDRO,37.4,-13.50269,48.53489,TRUE,TRUE,TRUE,FALSE,2G et 3G et 4G,2G-3G-4G,NON,TELMA,ENERGIE SOLAIRE + GE,2010,210113,GREENFIELD,null
1008,TELMA_DIA025,SADJOAVATO,TELMA,DIANA,ANTSIRANANA II,SADJOAVATO,37.4,-12.63494,49.35567,TRUE,TRUE,FALSE,FALSE,2G et 3G,2G-3G,NON,TELMA,ENERGIE SOLAIRE + GE,2010,210420,GREENFIELD,null
1009,TELMA_DIA029,MONT_PASSOT,TELMA,DIANA,NOSY-BE,CU NOSY-BE,37.4,-13.314222222222222,48.23652777777778,TRUE,TRUE,TRUE,FALSE,2G et 3G et 4G,2G-3G-4G,NON,TOA,CHARGE DÉCHARGE,2013,210501,GREENFIELD,null
1010,TELMA_DIA030,DIEGO_MORAFENO,TELMA,DIANA,ANTSIRANANA I,ANTSIRANANA,33.4,-12.3034278,49.2905027777777,TRUE,TRUE,TRUE,FALSE,2G et 3G et 4G,2G-3G-4G,NON,TELMA,JIRAMA + GE,2012,210301,GREENFIELD,null
1011,TELMA_DIA031,ILEPA,TELMA,DIANA,AMBILOBE,AMBILOBE,47.4,-13.23381,49.03764,TRUE,TRUE,TRUE,FALSE,2G et 3G et 4G,2G-3G-4G,NON,TELMA,SOLDIÈSE,2018,210204,GREENFIELD,null
1012,TELMA_DIA051,BEMANEVIKA,TELMA,DIANA,AMBANJA,BEMANEVIKA HAUT-SAMBIRANO,37.4,-13.85799,48.46639,TRUE,TRUE,TRUE,FALSE,2G et 3G et 4G,2G-3G-4G,NON,TOA,SOLDIÈSE,2013,210116,GREENFIELD,null
1013,TELMA_DIA052,MAROTOLANA,TELMA,DIANA,AMBANJA,AMBOHITRANDRIANA,37.4,-13.99978,48.59723,TRUE,TRUE,TRUE,FALSE,2G et 3G et 4G,2G-3G-4G,NON,TOA,SOLDIÈSE,2013,210107,GREENFIELD,null
1014,TELMA_DIA053,ANABORANO,TELMA,DIANA,AMBILOBE,AMBARAKARAKA,47.4,-13.49904,48.81187,TRUE,TRUE,TRUE,FALSE,2G et 3G et 4G,2G-3G-4G,NON,TOA,SOLDIÈSE,2014,210202,GREENFIELD,null
1015,TELMA_DIA054,BETSIAKA,TELMA,DIANA,AMBILOBE,BETSIAKA,47.4,-13.17464,49.22847,TRUE,TRUE,TRUE,FALSE,2G et 3G et 4G,2G-3G-4G,NON,TOA,SOLDIÈSE,2014,210212,GREENFIELD,null
1016,TELMA_DIA055,MAHAVANONA,TELMA,DIANA,ANTSIRANANA II,MAHAVANONA,37.4,-12.4678,49.40747,TRUE,TRUE,TRUE,FALSE,2G et 3G et 4G,2G-3G-4G,NON,TOA,SOLDIÈSE,2014,210416,GREENFIELD,null
1017,TELMA_DIA057,TSARABANJINA,TELMA,DIANA,NOSY-BE,CU NOSY-BE,6.9,-13.02878,48.5435,TRUE,TRUE,TRUE,FALSE,2G et 3G et 4G,2G-3G-4G,NON,TELMA,SOUS COMPTEUR,2013,210501,GREENFIELD,null
1018,TELMA_DIA063,ANTSOHIMBONDRONA,TELMA,DIANA,AMBILOBE,ANTSOHIMBONDRONA,37.4,-13.093502,48.859251,TRUE,TRUE,TRUE,FALSE,2G et 3G et 4G,2G-3G-4G,NON,TOA,SOLDIÈSE,2014,210210,GREENFIELD,null
1019,TELMA_DIA065,DEGOSECREN,TELMA,DIANA,ANTSIRANANA I,ANTSIRANANA,27.4,-12.279917,49.279673,TRUE,TRUE,TRUE,FALSE,2G et 3G et 4G,2G-3G-4G,NON,TOA,CHARGE DÉCHARGE,2015,210301,GREENFIELD,null
1020,TELMA_DIA066,ANKARONGANA,TELMA,DIANA,ANTSIRANANA II,ANKARONGANA,37.4,-12.65014,49.48717,TRUE,TRUE,TRUE,FALSE,2G et 3G et 4G,2G-3G-4G,NON,TOA,ENERGIE SOLAIRE + GE,2014,210406,GREENFIELD,null
1021,TELMA_DIA067,AMBOLOBOZIKELY,TELMA,DIANA,ANTSIRANANA II,ANDRAFIABE,37.4,-12.46336,49.51086,TRUE,TRUE,TRUE,FALSE,2G et 3G et 4G,2G-3G-4G,NON,TOA,ENERGIE SOLAIRE + GE,2014,210402,GREENFIELD,null
1022,TELMA_DIA069,ANDRANOVODRONINA,TELMA,DIANA,ANTSIRANANA II,ANDRANOVONDRONINA,37.4,-12.07683,49.24011,TRUE,FALSE,FALSE,FALSE,2G,2G,NON,TELMA,ENERGIE SOLAIRE + GE,2014,210404,GREENFIELD,null
1023,TELMA_DIA070,AMBATONJANAHARY,TELMA,DIANA,ANTSIRANANA II,ANDRANOVONDRONINA,37.4,-11.99922,49.26686,TRUE,FALSE,FALSE,FALSE,2G,2G,NON,TOA,ENERGIE SOLAIRE + GE,2015,210404,GREENFIELD,null
1024,TELMA_DIA071,BOBASAKOA,TELMA,DIANA,ANTSIRANANA II,BOBASAKOA,37.4,-12.77933,48.97347,TRUE,TRUE,TRUE,FALSE,2G et 3G et 4G,2G-3G-4G,NON,TELMA,ENERGIE SOLAIRE + GE,2014,210413,GREENFIELD,null
1025,TELMA_DIA072,AMBONDROMIFEHY,TELMA,DIANA,AMBILOBE,TANAMBAO MARIVORAHONA,38.0,-12.94842,49.17394,TRUE,TRUE,TRUE,FALSE,2G et 3G et 4G,2G-3G-4G,NON,TELMA,ENERGIE SOLAIRE + GE,2015,210215,GREENFIELD,null
1026,TELMA_DIA073,ANJIAMBORY,TELMA,DIANA,AMBANJA,ANTSIRABE,38.0,-13.88983,48.21886,TRUE,TRUE,TRUE,FALSE,2G et 3G et 4G,2G-3G-4G,NON,TELMA,ENERGIE SOLAIRE + GE,2015,210115,GREENFIELD,null
1027,TELMA_DIA074,DJANGOA,TELMA,DIANA,AMBANJA,ANKINGAMELOKA,37.4,-13.81392,48.32525,TRUE,TRUE,TRUE,FALSE,2G et 3G et 4G,2G-3G-4G,NON,TOA,ENERGIE SOLAIRE + GE,2016,210109,GREENFIELD,null
1028,TELMA_DIA076,BEMANONDRO,TELMA,DIANA,NOSY-BE,CU NOSY-BE,37.4,-13.2811583,48.3018666666666,TRUE,TRUE,TRUE,FALSE,2G et 3G et 4G,2G-3G-4G,NON,TOA,ENERGIE SOLAIRE + GE,2015,210501,GREENFIELD,null
1029,TELMA_DIA077,NAVETSY,TELMA,DIANA,NOSY-BE,CU NOSY-BE,37.4,-13.21372,48.26593,TRUE,TRUE,TRUE,FALSE,2G et 3G et 4G,2G-3G-4G,NON,TOA,ENERGIE SOLAIRE + GE,2015,210501,GREENFIELD,null
1030,TELMA_DIA078,ANKIFY,TELMA,DIANA,AMBANJA,AMBOHIMENA,38.0,-13.58378,48.35369,TRUE,TRUE,TRUE,FALSE,2G et 3G et 4G,2G-3G-4G,NON,TELMA,ENERGIE SOLAIRE + GE,2014,210106,GREENFIELD,null
1031,TELMA_DIA081,BEANGONA,TELMA,DIANA,AMBANJA,MAROTOLANA,37.4,-14.0325,48.71144,TRUE,TRUE,TRUE,FALSE,2G et 3G et 4G,2G-3G-4G,NON,TOA,ENERGIE SOLAIRE + GE,2015,210122,GREENFIELD,null
1032,TELMA_DIA082,BENAVONY,TELMA,DIANA,AMBANJA,BENAVONY,37.4,-13.725,48.48722,TRUE,TRUE,TRUE,FALSE,2G et 3G et 4G,2G-3G-4G,NON,TOA,ENERGIE SOLAIRE + GE,2015,210118,GREENFIELD,null
1033,TELMA_DIA083,AMPONDRALAVA,TELMA,DIANA,AMBILOBE,AMPONDRALAVA,37.4,-13.17605,48.90833,TRUE,TRUE,TRUE,FALSE,2G et 3G et 4G,2G-3G-4G,NON,TOA,ENERGIE SOLAIRE + GE,2015,210206,GREENFIELD,null
1034,TELMA_DIA084,AMPAMPAMENA,TELMA,DIANA,AMBILOBE,ANTSARAVIBE,37.4,-12.92511,48.96416,TRUE,TRUE,TRUE,FALSE,2G et 3G et 4G,2G-3G-4G,NON,TOA,ENERGIE SOLAIRE + GE,2017,210209,GREENFIELD,null
1035,TELMA_DIA085,MANGAOKO,TELMA,DIANA,ANTSIRANANA II,ANTSAHAMPANO,37.4,-12.27072,49.16603,TRUE,TRUE,TRUE,FALSE,2G et 3G et 4G,2G-3G-4G,NON,TOA,ENERGIE SOLAIRE + GE,2015,210409,GREENFIELD,null
1036,TELMA_DIA086,MARIVORAHONA,TELMA,DIANA,AMBILOBE,TANAMBAO MARIVORAHONA,10.4,-13.11055,49.09858,TRUE,TRUE,TRUE,FALSE,2G et 3G et 4G,2G-3G-4G,NON,TOA,ENERGIE SOLAIRE,2015,210215,GREENFIELD,null
1037,TELMA_DIA087,MANIRENJA,TELMA,DIANA,AMBANJA,MAROVATO,37.4,-13.92101,48.5573,TRUE,TRUE,TRUE,FALSE,2G et 3G et 4G,2G-3G-4G,NON,TOA,ENERGIE SOLAIRE + GE,2016,210123,GREENFIELD,null
1038,TELMA_DIA088,AMBJ_TANAMBAO5,TELMA,DIANA,AMBANJA,AMBANJA,37.4,-13.66881,48.45317,TRUE,TRUE,TRUE,FALSE,2G et 3G et 4G,2G-3G-4G,NON,TOA,JIRAMA + GE,2015,210103,GREENFIELD,null
1039,TELMA_DIA089,DIEGO_LAZARETCUR,TELMA,DIANA,ANTSIRANANA I,ANTSIRANANA,37.4,-12.29469,49.29939,TRUE,TRUE,TRUE,FALSE,2G et 3G et 4G,2G-3G-4G,NON,TOA,JIRAMA + GE,2016,210301,GREENFIELD,null
1040,TELMA_DIA090,DIEGO_SOAFENO,TELMA,DIANA,ANTSIRANANA I,ANTSIRANANA,37.4,-12.295285,49.290602,TRUE,TRUE,TRUE,FALSE,2G et 3G et 4G,2G-3G-4G,NON,TOA,JIRAMA + GE,2016,210301,GREENFIELD,null
1041,TELMA_DIA091,DIEGO_PLACE_KABARY,TELMA,DIANA,ANTSIRANANA I,ANTSIRANANA,15.4,-12.269804,49.291987,TRUE,TRUE,TRUE,FALSE,2G et 3G et 4G,2G-3G-4G,NON,TOA,JIRAMA,2016,210301,ROOFTOP,null
1042,TELMA_DIA097,NOSYBE_ANTANAJOJO,TELMA,DIANA,NOSY-BE,CU NOSY-BE,27.4,-13.39435,48.26772,TRUE,TRUE,TRUE,FALSE,2G et 3G et 4G,2G-3G-4G,NON,TOA,DC AIRTEL,2017,210501,GREENFIELD,null
1043,TELMA_DIA098,AMPONDRABE,TELMA,DIANA,AMBANJA,ANTRANOKARANY,37.4,-13.748472222222222,48.40613888888889,TRUE,TRUE,TRUE,FALSE,2G et 3G et 4G,2G-3G-4G,NON,TOA,ENERGIE SOLAIRE + GE,2016,210112,GREENFIELD,null
1044,TELMA_DIA101,AMBANJA_P2,TELMA,DIANA,AMBANJA,AMBALAHONKO,37.4,-13.594777777777777,48.47130555555555,TRUE,TRUE,TRUE,FALSE,2G et 3G et 4G,2G-3G-4G,NON,TOA,ENERGIE SOLAIRE,2016,210101,GREENFIELD,null
1045,TELMA_DIA102,ANDROGODA,TELMA,DIANA,AMBANJA,BEMANEVIKA OUEST,37.4,-13.605666666666666,47.903,TRUE,TRUE,TRUE,FALSE,2G et 3G et 4G,2G-3G-4G,NON,TOA,ENERGIE SOLAIRE + GE,2017,210117,GREENFIELD,null
1046,TELMA_DIA104,ZEBU_MAROTAOLANA,TELMA,DIANA,ANTSIRANANA II,ANIVORANO NORD,27.4,-12.74681,49.196,TRUE,TRUE,TRUE,FALSE,2G et 3G et 4G,2G-3G-4G,NON,TOA,CHARGE DÉCHARGE,2016,210405,GREENFIELD,null
1047,TELMA_DIA107,IHARANA BUSH CAMP,TELMA,DIANA,AMBILOBE,ANTSARAVIBE,27.4,-13.059861111111111,48.97622222222222,TRUE,TRUE,TRUE,FALSE,2G et 3G et 4G,2G-3G-4G,NON,TOA,ENERGIE SOLAIRE + GE,2018,210209,GREENFIELD,null
1048,TELMA_DIA108,AMPASIPOHY LOKOBE,TELMA,DIANA,NOSY-BE,CU NOSY-BE,27.4,-13.40078,48.33208,TRUE,TRUE,TRUE,FALSE,2G et 3G et 4G,2G-3G-4G,OUI,ORANGE,null,2018,210501,GREENFIELD,null
1049,TELMA_DIA109,ANKAZOMBORONA DIANA,TELMA,DIANA,AMBILOBE,BERAMANJA,37.4,-13.366111111111111,48.81527777777778,TRUE,TRUE,TRUE,FALSE,2G et 3G et 4G,2G-3G-4G,NON,TOA,ENERGIE SOLAIRE + GE,2018,210211,GREENFIELD,null
1050,TELMA_DIA110,ANTSALAKA,TELMA,DIANA,ANTSIRANANA II,ANTSALAKA,37.4,-12.625555555555556,49.25888888888889,TRUE,TRUE,TRUE,FALSE,2G et 3G et 4G,2G-3G-4G,NON,TOA,SOLDIÈSE,2018,210410,GREENFIELD,null
1051,TELMA_DIA111,AMBILOBE ANTANAMARIAZY,TELMA,DIANA,AMBILOBE,AMBILOBE,37.4,-13.1925,49.055277777777775,TRUE,TRUE,TRUE,FALSE,2G et 3G et 4G,2G-3G-4G,NON,TOA,CHARGE DÉCHARGE + JIRAMA,2019,210204,GREENFIELD,null
1052,TELMA_DIA112,AMBILO,TELMA,DIANA,AMBILOBE,BETSIAKA,37.4,-13.131333333333334,49.34872222222222,TRUE,TRUE,TRUE,FALSE,2G et 3G et 4G,2G-3G-4G,NON,TOA,ENERGIE SOLAIRE + GE,2017,210212,GREENFIELD,null
1053,TELMA_DIA114,DIEGO_ROUTE_RAMENA,TELMA,DIANA,ANTSIRANANA II,RAMENA,37.4,-12.3198277777778,49.3331944444444,TRUE,TRUE,TRUE,FALSE,2G et 3G et 4G,2G-3G-4G,NON,TOA,ENERGIE SOLAIRE + GE,2019,210419,GREENFIELD,null
1054,TELMA_DIA115,DIEGO_MANGARIVOTRA,TELMA,DIANA,ANTSIRANANA I,ANTSIRANANA,27.4,-12.2884,49.2835916666667,TRUE,TRUE,TRUE,FALSE,2G et 3G et 4G,2G-3G-4G,NON,TOA,CHARGE DÉCHARGE + JIRAMA,2019,210301,GREENFIELD,null
1055,TELMA_DIA116,NOSYBE_ANDAVAKOTAKONA,TELMA,DIANA,NOSY-BE,CU NOSY-BE,37.4,-13.4006555555556,48.2650972222222,TRUE,TRUE,TRUE,FALSE,2G et 3G et 4G,2G-3G-4G,NON,TOA,CHARGE DÉCHARGE + JIRAMA,2019,210501,GREENFIELD,null
1056,TELMA_DIA117,AMPANASINA,TELMA,DIANA,AMBANJA,AMBOHITRANDRIANA,47.4,-13.9252,48.6618,TRUE,FALSE,TRUE,FALSE,2G et 4G,2G-4G,NON,TOA,ENERGIE SOLAIRE + GE,2020,210107,GREENFIELD,null
1057,TELMA_DIA118,ANTANAPISITASY,TELMA,DIANA,ANTSIRANANA II,AMBONDRONA,37.4,-12.8413,49.0714,TRUE,TRUE,TRUE,FALSE,2G et 3G et 4G,2G-3G-4G,NON,TOA,ENERGIE SOLAIRE + GE,2019,210401,GREENFIELD,null
1058,TELMA_DIA119,BOBAKILANDY,TELMA,DIANA,ANTSIRANANA II,ANDRANOFANJAVA,37.4,-12.557892,49.052047,TRUE,TRUE,TRUE,FALSE,2G et 3G et 4G,2G-3G-4G,NON,TOA,ENERGIE SOLAIRE + GE,2019,210403,GREENFIELD,null
1059,TELMA_DIA120,ANDRANOFANJAVA,TELMA,DIANA,ANTSIRANANA II,ANDRANOFANJAVA,37.4,-12.468873,48.997026,TRUE,TRUE,TRUE,FALSE,2G et 3G et 4G,2G-3G-4G,NON,TOA,ENERGIE SOLAIRE + GE,2019,210403,GREENFIELD,null
1060,TELMA_DIA122,AMBANJA2,TELMA,DIANA,AMBANJA,AMBANJA,37.4,-13.675598,48.456136,TRUE,TRUE,TRUE,FALSE,2G et 3G et 4G,2G-3G-4G,NON,TOA,CHARGE DÉCHARGE + JIRAMA,2020,210103,GREENFIELD,null
1061,TELMA_DIA123,NOSYBE ROUTE PARC,TELMA,DIANA,NOSY-BE,CU NOSY-BE,37.4,-13.407474,48.289172,TRUE,TRUE,TRUE,FALSE,2G et 3G et 4G,2G-3G-4G,NON,TOA,CHARGE DÉCHARGE + JIRAMA,2020,210501,GREENFIELD,null
1062,TELMA_DIA124,DIEGO4,TELMA,DIANA,ANTSIRANANA I,ANTSIRANANA,37.4,-12.311827,49.29032,TRUE,TRUE,TRUE,FALSE,2G et 3G et 4G,2G-3G-4G,NON,TOA,CHARGE DÉCHARGE,2020,210301,GREENFIELD,null
1063,TELMA_DIA125,AMBANJA3,TELMA,DIANA,AMBANJA,AMBANJA,37.4,-13.656217,48.450129,TRUE,TRUE,TRUE,FALSE,2G et 3G et 4G,2G-3G-4G,NON,TOA,CHARGE DÉCHARGE + JIRAMA,2020,210103,GREENFIELD,null
1064,TELMA_DIA126,ANKIFY2,TELMA,DIANA,AMBANJA,AMBOHIMENA,37.4,-13.542241,48.355556,TRUE,TRUE,TRUE,FALSE,2G et 3G et 4G,2G-3G-4G,NON,TOA,ENERGIE SOLAIRE + GE,2020,210106,GREENFIELD,null
1065,TELMA_DIA127,DIEGO BAZARIKELY,TELMA,DIANA,ANTSIRANANA I,ANTSIRANANA,12.4,-12.283409,49.291722,TRUE,TRUE,TRUE,FALSE,2G et 3G et 4G,2G-3G-4G,NON,TOA,JIRAMA + GE,2020,210301,ROOFTOP,null
1066,TELMA_DIA128,DIEGO ANTAFIAMALAMA,TELMA,DIANA,ANTSIRANANA II,ANTANAMITARANA,12.4,-12.344393,49.297548,TRUE,TRUE,TRUE,FALSE,2G et 3G et 4G,2G-3G-4G,NON,TOA,CHARGE DÉCHARGE,2023,210408,GREENFIELD,null
1067,TELMA_DIA129,BEMANEVIKA OUEST,TELMA,DIANA,AMBANJA,BEMANEVIKA OUEST,37.4,-13.647643,48.075304,TRUE,TRUE,TRUE,FALSE,2G et 3G et 4G,2G-3G-4G,NON,TOA,ENERGIE SOLAIRE + GE,2021,210117,GREENFIELD,null
1068,TELMA_DIA131,ANTSAHABE CENTRE,TELMA,DIANA,AMBILOBE,BERAMANJA,37.4,-13.669822,48.64201,TRUE,TRUE,TRUE,FALSE,2G et 3G et 4G,2G-3G-4G,NON,TOA,ENERGIE SOLAIRE + GE,2021,210211,GREENFIELD,null
1069,TELMA_DIA132,MANAMBATO DIA,TELMA,DIANA,AMBILOBE,MANAMBATO,37.4,-13.647829,49.057577,TRUE,TRUE,TRUE,FALSE,2G et 3G et 4G,2G-3G-4G,NON,TOA,ENERGIE SOLAIRE + GE,2021,210213,GREENFIELD,null
1070,TELMA_DIA133,ANKIDONY,TELMA,DIANA,AMBANJA,MAEVATANANA,37.4,-13.88982,48.546062,TRUE,TRUE,TRUE,FALSE,2G et 3G et 4G,2G-3G-4G,NON,TOA,ENERGIE SOLAIRE + GE,2021,210120,GREENFIELD,null
1071,TELMA_DIA134,AMBOLOZOBE,TELMA,DIANA,ANTSIRANANA II,ANKARONGANA,37.4,-12.571214,49.481733,TRUE,TRUE,TRUE,FALSE,2G et 3G et 4G,2G-3G-4G,NON,TOA,ENERGIE SOLAIRE + GE,2021,210406,GREENFIELD,null
1072,TELMA_DIA135,OCEAN LODGE,TELMA,DIANA,ANTSIRANANA II,RAMENA,37.4,-12.280973,49.385427,TRUE,TRUE,TRUE,FALSE,2G et 3G et 4G,2G-3G-4G,NON,TOA,ENERGIE SOLAIRE + GE,2022,210419,GREENFIELD,null
1073,TELMA_DIA136,DIEGO_LAZARETNORD,TELMA,DIANA,ANTSIRANANA I,ANTSIRANANA,27.4,-12.278464,49.299687,TRUE,TRUE,TRUE,FALSE,2G et 3G et 4G,2G-3G-4G,NON,TOA,CHARGE DÉCHARGE,2022,210301,GREENFIELD,null
1074,TELMA_DIA137,DIEGO_CUR,TELMA,DIANA,ANTSIRANANA I,ANTSIRANANA,37.4,-12.288486,49.3056,TRUE,TRUE,TRUE,FALSE,2G et 3G et 4G,2G-3G-4G,NON,TOA,CHARGE DÉCHARGE,2022,210301,GREENFIELD,null
1075,TELMA_DIA139,DIEGO_SCAMA2,TELMA,DIANA,ANTSIRANANA I,ANTSIRANANA,37.4,-12.317539,49.295528,TRUE,TRUE,TRUE,FALSE,2G et 3G et 4G,2G-3G-4G,NON,TOA,CHARGE DÉCHARGE + JIRAMA,2022,210301,GREENFIELD,null
1076,TELMA_DIA141,AMBILOBE_ANORONALA,TELMA,DIANA,AMBILOBE,AMBILOBE,27.4,-13.1862576146649,49.0581757993542,TRUE,TRUE,TRUE,FALSE,2G et 3G et 4G,2G-3G-4G,NON,TOA,CHARGE DÉCHARGE,2023,210204,GREENFIELD,null
1077,TELMA_DIA142,AMBODIMABIBO,TELMA,DIANA,AMBANJA,MAROTOLANA,37.4,-14.0442202265632,48.6157283879803,TRUE,TRUE,TRUE,FALSE,2G et 3G et 4G,2G-3G-4G,NON,TOA,ENERGIE SOLAIRE + GE,2023,210122,GREENFIELD,null
1078,TELMA_DIA144,HOME MADA,TELMA,DIANA,NOSY-BE,CU NOSY-BE,9.4,-13.277222222222223,48.24583333333333,TRUE,FALSE,TRUE,FALSE,2G et 4G,2G-4G,NON,TOA,ENERGIE SOLAIRE,2023,210501,GREENFIELD,null
1079,TELMA_DIA147,ANTAFIAMBOTRY,TELMA,DIANA,AMBANJA,ANTAFIAMBOTRY,37.4,-13.322056,48.473672,TRUE,TRUE,TRUE,FALSE,2G et 3G et 4G,2G-3G-4G,NON,TOA,ENERGIE SOLAIRE + GE,2023,210111,GREENFIELD,null
1080,TELMA_DIA151,SAKARAMY,TELMA,DIANA,ANTSIRANANA II,SAKARAMY,37.4,-12.43817,49.274158,TRUE,TRUE,TRUE,FALSE,2G et 3G et 4G,2G-3G-4G,NON,TOA,ENERGIE SOLAIRE + GE,2023,210421,GREENFIELD,null
1081,TELMA_DIA152,ANTADIABE MINI,TELMA,DIANA,AMBANJA,MAROTOLANA,12.0,-14.204832,48.578784,TRUE,FALSE,TRUE,FALSE,2G et 4G,2G-4G,NON,TOA,ENERGIE SOLAIRE,2023,210122,GREENFIELD,null
1082,TELMA_IHO002,RANOHIRA,TELMA,IHOROMBE,IHOSY,RANOHIRA,27.4,-22.5571,45.41693,TRUE,TRUE,TRUE,FALSE,2G et 3G et 4G,2G-3G-4G,NON,TELMA,JIRAMA + GE,2008,340213,GREENFIELD,null
1083,TELMA_IHO003,ILAKAKA,TELMA,IHOROMBE,IHOSY,RANOHIRA,33.4,-22.73103,45.17748,TRUE,TRUE,TRUE,FALSE,2G et 3G et 4G,2G-3G-4G,NON,TELMA,SOLDIÈSE,2008,340213,GREENFIELD,null
1084,TELMA_IHO004,IHOROMBE,TELMA,IHOROMBE,IHOSY,ANKILY,63.6,-22.41103,46.04119,TRUE,TRUE,TRUE,FALSE,2G et 3G et 4G,2G-3G-4G,NON,TELMA,SOLDIÈSE,2010,340206,GREENFIELD,null
1085,TELMA_IHO009,IHOSY_TELMA,TELMA,IHOROMBE,IHOSY,IHOSY,28.4,-22.40279,46.12864,TRUE,TRUE,TRUE,FALSE,2G et 3G et 4G,2G-3G-4G,NON,TOA,SOUS COMPTEUR,2008,340208,GREENFIELD,null
1086,TELMA_IHO010,ISALO,TELMA,IHOROMBE,IHOSY,RANOHIRA,3.4,-22.64197,45.32797,TRUE,TRUE,TRUE,FALSE,2G et 3G et 4G,2G-3G-4G,NON,TELMA,PARTICULIER,2008,340213,ROOFTOP,null
1087,TELMA_IHO014,IAKORA,TELMA,IHOROMBE,IAKORA,IAKORA,22.4,-23.10093,46.6587,TRUE,FALSE,TRUE,FALSE,2G et 4G,2G-4G,NON,TELMA,CHARGE DÉCHARGE,2012,340102,GREENFIELD,null
1088,TELMA_IHO016,IVOHIBE,TELMA,IHOROMBE,IVOHIBE,IVOHIBE,33.4,-22.48564,46.88697,TRUE,TRUE,TRUE,FALSE,2G et 3G et 4G,2G-3G-4G,NON,TELMA,CHARGE DÉCHARGE,2012,340302,GREENFIELD,null
1089,TELMA_IHO017,MAHASOA,TELMA,IHOROMBE,IHOSY,MAHASOA,38.1,-22.20527,46.08664,TRUE,FALSE,FALSE,FALSE,2G,2G,NON,TELMA,ENERGIE SOLAIRE + GE,2012,340212,GREENFIELD,null
1090,TELMA_IHO018,MENAMATY_ILOTO,TELMA,IHOROMBE,IHOSY,MENAMATY-ILOTO,38.1,-21.96003,45.37217,TRUE,FALSE,TRUE,FALSE,2G et 4G,2G-4G,NON,TELMA,ENERGIE SOLAIRE + GE,2012,340210,GREENFIELD,null
1091,TELMA_IHO019,SATROKALA,TELMA,IHOROMBE,IHOSY,SATROKALA,38.1,-22.31133,45.69791,TRUE,TRUE,TRUE,FALSE,2G et 3G et 4G,2G-3G-4G,NON,TELMA,ENERGIE SOLAIRE + GE,2012,340216,GREENFIELD,null
1092,TELMA_IHO023,FANDANA,TELMA,IHOROMBE,IHOSY,ZAZAFOTSY,67.4,-22.02555,46.38045,TRUE,TRUE,TRUE,FALSE,2G et 3G et 4G,2G-3G-4G,NON,TOA,ENERGIE SOLAIRE + GE,2015,340219,GREENFIELD,null
1093,TELMA_IHO024,RANOTSARA,TELMA,IHOROMBE,IAKORA,RANOTSARA NORD,37.4,-22.79714,46.55978,TRUE,TRUE,TRUE,FALSE,2G et 3G et 4G,2G-3G-4G,NON,TOA,ENERGIE SOLAIRE + GE,2015,340103,GREENFIELD,null
1094,TELMA_IHO026,SAKALALINA,TELMA,IHOROMBE,IHOSY,SAKALALINA,37.4,-22.32067,46.45882,TRUE,TRUE,TRUE,FALSE,2G et 3G et 4G,2G-3G-4G,NON,TOA,ENERGIE SOLAIRE + GE,2014,340215,GREENFIELD,null
1095,TELMA_IHO030,IHOSY_AMBIA,TELMA,IHOROMBE,IHOSY,AMBIA,37.4,-22.355055555555555,46.13202777777778,TRUE,TRUE,TRUE,FALSE,2G et 3G et 4G,2G-3G-4G,NON,TOA,ENERGIE SOLAIRE + GE,2016,340202,GREENFIELD,null
1096,TELMA_IHO031,IHOSY_TSARAMANDROSO,TELMA,IHOROMBE,IHOSY,IHOSY,37.4,-22.399083333333333,46.11947222222222,TRUE,TRUE,TRUE,FALSE,2G et 3G et 4G,2G-3G-4G,NON,TOA,CHARGE DÉCHARGE + JIRAMA,2017,340208,GREENFIELD,null
1097,TELMA_IHO032,IHO_TANAKOPAINA,TELMA,IHOROMBE,IHOSY,IHOSY,37.4,-22.402638888888887,46.13608333333333,TRUE,TRUE,TRUE,FALSE,2G et 3G et 4G,2G-3G-4G,NON,TOA,CHARGE DÉCHARGE,2017,340208,GREENFIELD,null
1098,TELMA_IHO033,ILAKAKA2,TELMA,IHOROMBE,IHOSY,RANOHIRA,37.4,-22.683222222222224,45.24466666666667,TRUE,TRUE,TRUE,FALSE,2G et 3G et 4G,2G-3G-4G,NON,TOA,SOLDIÈSE,2017,340213,GREENFIELD,null
1099,TELMA_IHO037,ANDRIANDAMPY,TELMA,IHOROMBE,IHOSY,AMBATOLAHY,47.4,-22.72744,45.68886,TRUE,TRUE,TRUE,FALSE,2G et 3G et 4G,2G-3G-4G,NON,TOA,ENERGIE SOLAIRE,2015,340201,GREENFIELD,null
1100,TELMA_IHO038,MAROPAIKA,TELMA,IHOROMBE,IVOHIBE,MAROPAIKA,37.4,-22.722583,46.948053,TRUE,TRUE,TRUE,FALSE,2G et 3G et 4G,2G-3G-4G,NON,TOA,ENERGIE SOLAIRE + GE,2020,340304,GREENFIELD,null
1101,TELMA_IHO039,ZAZAFOTSY,TELMA,IHOROMBE,IHOSY,ZAZAFOTSY,37.4,-22.237672,46.335458,TRUE,TRUE,TRUE,FALSE,2G et 3G et 4G,2G-3G-4G,NON,TOA,ENERGIE SOLAIRE + GE,2020,340219,GREENFIELD,null
1102,TELMA_IHO040,ANDIOLAVA,TELMA,IHOROMBE,IHOSY,ANDIOLAVA,37.4,-22.506179,45.639215,TRUE,FALSE,TRUE,FALSE,2G et 4G,2G-4G,NON,TOA,ENERGIE SOLAIRE + GE,2018,340205,GREENFIELD,null
1103,TELMA_IHO041,ILAKAKA CR,TELMA,IHOROMBE,IHOSY,ILAKAKA-BE,37.4,-22.755985,45.313056,TRUE,TRUE,TRUE,FALSE,2G et 3G et 4G,2G-3G-4G,NON,TOA,ENERGIE SOLAIRE + GE,2020,340209,GREENFIELD,null
1104,TELMA_IHO042,AMBATOLAHY IHO,TELMA,IHOROMBE,IHOSY,AMBATOLAHY,37.4,-22.463541,45.83227,TRUE,TRUE,TRUE,FALSE,2G et 3G et 4G,2G-3G-4G,NON,TOA,ENERGIE SOLAIRE + GE,2021,340201,GREENFIELD,null
1105,TELMA_IHO044,REPETEUR_IAKORA,TELMA,IHOROMBE,IAKORA,IAKORA,37.4,-23.086931,46.688636,TRUE,TRUE,TRUE,FALSE,2G et 3G et 4G,2G-3G-4G,NON,TOA,ENERGIE SOLAIRE + GE,2023,340102,GREENFIELD,null
1106,TELMA_IHO045,MINE_MACRO,TELMA,IHOROMBE,IHOSY,ILAKAKA-BE,37.4,-22.863653,45.039691,TRUE,TRUE,TRUE,FALSE,2G et 3G et 4G,2G-3G-4G,NON,TOA,ENERGIE SOLAIRE + GE,2022,340209,GREENFIELD,null
1107,TELMA_IHO046,SAHANAMBO MINI,TELMA,IHOROMBE,IHOSY,SAHAMBANO,9.4,-22.487841,46.281779,TRUE,FALSE,TRUE,FALSE,2G et 4G,2G-4G,NON,TOA,ENERGIE SOLAIRE,2023,340214,GREENFIELD,null
1108,TELMA_IHO047,ANDRANOBAO MINI,TELMA,IHOROMBE,IAKORA,RANOTSARA NORD,9.4,-22.77033,46.767622,TRUE,FALSE,TRUE,FALSE,2G et 4G,2G-4G,NON,TOA,ENERGIE SOLAIRE,2023,340103,GREENFIELD,null
1109,TELMA_IHO048,ANALALAVA IHO MINI,TELMA,ATSIMO ANDREFANA,SAKARAHA,MIARY TAHEZA,9.4,-22.929855,44.891062,TRUE,FALSE,TRUE,FALSE,2G et 4G,2G-4G,NON,TOA,ENERGIE SOLAIRE,2023,630708,GREENFIELD,null
1110,TELMA_ITA001,IMERINTSIATOSIKA,TELMA,ITASY,ARIVONIMAMO,IMERINTSIATOSIKA,33.4,-18.98022,47.3293,TRUE,TRUE,TRUE,FALSE,2G et 3G et 4G,2G-3G-4G,NON,TELMA,JIRAMA + GE,2007,130115,GREENFIELD,null
1111,TELMA_ITA002,ANALAVORY,TELMA,ITASY,MIARINARIVO,ANALAVORY,33.4,-18.96509,46.701895,TRUE,TRUE,TRUE,FALSE,2G et 3G et 4G,2G-3G-4G,NON,TELMA,JIRAMA + GE,2008,130203,GREENFIELD,null
1112,TELMA_ITA003,MIARINARIVO_ITASY,TELMA,ITASY,MIARINARIVO,MIARINARIVO II,33.4,-18.97367,46.89389,TRUE,TRUE,TRUE,FALSE,2G et 3G et 4G,2G-3G-4G,NON,TELMA,ENERGIE SOLAIRE + GE,2008,130210,GREENFIELD,null
1113,TELMA_ITA004,AMPEFY,TELMA,ITASY,SOAVINANDRIANA,AMPEFY,27.4,-19.04975,46.73794,TRUE,TRUE,TRUE,FALSE,2G et 3G et 4G,2G-3G-4G,NON,TELMA,ENERGIE SOLAIRE + GE,2008,130306,GREENFIELD,null
1114,TELMA_ITA005,SOAVINANDRINA,TELMA,ITASY,SOAVINANDRIANA,SOAVINANDRIANA,47.4,-19.16699,46.743435,TRUE,TRUE,TRUE,FALSE,2G et 3G et 4G,2G-3G-4G,NON,TELMA,JIRAMA + GE,2008,130314,GREENFIELD,null
1115,TELMA_ITA006,ARIVONIMAMO_COLLINE,TELMA,ITASY,ARIVONIMAMO,ARIVONIMAMO II,27.4,-19.0185,47.228941,TRUE,TRUE,TRUE,FALSE,2G et 3G et 4G,2G-3G-4G,NON,TELMA,JIRAMA + GE,2007,130114,GREENFIELD,null
1116,TELMA_ITA008,ARIVONIMAMO,TELMA,ITASY,ARIVONIMAMO,ARIVONIMAMO,37.4,-19.01874,47.16853,TRUE,TRUE,TRUE,FALSE,2G et 3G et 4G,2G-3G-4G,NON,TELMA,SOUS COMPTEUR,2004,130113,GREENFIELD,null
1117,TELMA_ITA009,MANALALONDO,TELMA,ITASY,ARIVONIMAMO,MANALALONDO,27.9,-19.26722,47.14067,TRUE,TRUE,TRUE,FALSE,2G et 3G et 4G,2G-3G-4G,NON,TELMA,ENERGIE SOLAIRE + GE,2014,130117,GREENFIELD,null
1118,TELMA_ITA037,AMBOANANA,TELMA,ITASY,ARIVONIMAMO,AMBOANANA,37.4,-19.13393,47.19543,TRUE,TRUE,FALSE,FALSE,2G et 3G,2G-3G,NON,TOA,ENERGIE SOLAIRE,2015,130104,GREENFIELD,null
1119,TELMA_ITA043,MANDIAVATO,TELMA,ITASY,MIARINARIVO,MANDIAVATO,37.4,-19.063055555555554,46.99583333333333,TRUE,TRUE,TRUE,FALSE,2G et 3G et 4G,2G-3G-4G,NON,TOA,ENERGIE SOLAIRE + GE,2019,130208,GREENFIELD,null
1120,TELMA_ITA047,ANDOLOFOTSY,TELMA,ITASY,MIARINARIVO,ANDOLOFOTSY,37.4,-18.752222222222223,46.66,TRUE,TRUE,TRUE,FALSE,2G et 3G et 4G,2G-3G-4G,NON,TOA,ENERGIE SOLAIRE + GE,2019,130204,GREENFIELD,null
1121,TELMA_ITA048,MAHAVELONA,TELMA,ITASY,SOAVINANDRIANA,MAHAVELONA,37.4,-19.15,46.52361111111111,TRUE,TRUE,TRUE,FALSE,2G et 3G et 4G,2G-3G-4G,NON,TOA,ENERGIE SOLAIRE + GE,2019,130311,GREENFIELD,null
1122,TELMA_ITA049,AMBATOMIRAVAVY,TELMA,ITASY,ARIVONIMAMO,AMBATOMIRAHAVAVY,33.4,-18.95452,47.39857,TRUE,TRUE,TRUE,FALSE,2G et 3G et 4G,2G-3G-4G,NON,TELMA,SOLDIÈSE,2012,130103,GREENFIELD,null
1123,TELMA_ITA050,TAPANIATSIMO,TELMA,ITASY,ARIVONIMAMO,IMERINTSIATOSIKA,16.4,-19.02908,47.38128,TRUE,TRUE,TRUE,FALSE,2G et 3G et 4G,2G-3G-4G,NON,TOA,ENERGIE SOLAIRE + GE,2015,130115,GREENFIELD,null
1124,TELMA_ITA051,ANTSAHASOA,TELMA,ITASY,ARIVONIMAMO,MORARANO,47.4,-18.89775,47.26503,TRUE,TRUE,TRUE,FALSE,2G et 3G et 4G,2G-3G-4G,NON,TOA,ENERGIE SOLAIRE,2015,130122,GREENFIELD,null
1125,TELMA_ITA052,ANDRARIVAHA,TELMA,ITASY,MIARINARIVO,ANOSIBE-IFANJA,37.4,-18.90988888888889,46.712583333333335,TRUE,TRUE,TRUE,FALSE,2G et 3G et 4G,2G-3G-4G,NON,TOA,ENERGIE SOLAIRE + GE,2016,130205,GREENFIELD,null
1126,TELMA_ITA053,AMPEFY AIRTEL,TELMA,ITASY,MIARINARIVO,ANALAVORY,27.4,-19.01256,46.73214,TRUE,TRUE,TRUE,FALSE,2G et 3G et 4G,2G-3G-4G,NON,TOA,ENERGIE SOLAIRE + GE,2019,130203,GREENFIELD,null
1127,TELMA_ITA054,MANANASY,TELMA,ITASY,SOAVINANDRIANA,MANANASY,37.4,-19.139886,46.673217,TRUE,TRUE,TRUE,FALSE,2G et 3G et 4G,2G-3G-4G,NON,TOA,ENERGIE SOLAIRE + GE,2020,130312,GREENFIELD,null
1128,TELMA_ITA055,ANKISABE,TELMA,ITASY,SOAVINANDRIANA,ANKISABE,37.4,-19.265,46.4622,TRUE,TRUE,TRUE,FALSE,2G et 3G et 4G,2G-3G-4G,NON,TOA,ENERGIE SOLAIRE + GE,2019,130308,GREENFIELD,null
1129,TELMA_ITA056,MANAZARY,TELMA,ITASY,MIARINARIVO,MANAZARY,37.4,-19.065598,46.84758,TRUE,TRUE,TRUE,FALSE,2G et 3G et 4G,2G-3G-4G,NON,TOA,ENERGIE SOLAIRE + GE,2019,130207,GREENFIELD,null
1130,TELMA_ITA057,SOAVIMBAZAHA,TELMA,ITASY,MIARINARIVO,SOAVIMBAZAHA,47.4,-18.811594,47.035049,TRUE,TRUE,TRUE,FALSE,2G et 3G et 4G,2G-3G-4G,NON,TOA,ENERGIE SOLAIRE + GE,2020,130213,GREENFIELD,null
1131,TELMA_ITA059,SAROBARATRA WELIGHT,TELMA,ITASY,MIARINARIVO,SAROBARATRA,17.4,-18.844416666666667,46.77686111111111,TRUE,TRUE,TRUE,FALSE,2G et 3G et 4G,2G-3G-4G,NON,TOA,CHARGE DÉCHARGE + JIRAMA,2020,130211,GREENFIELD,null
1132,TELMA_ITA060,IMERINTSIATOSIKA 2,TELMA,ITASY,ARIVONIMAMO,IMERINTSIATOSIKA,37.4,-18.978085,47.322135,TRUE,TRUE,TRUE,FALSE,2G et 3G et 4G,2G-3G-4G,NON,TOA,CHARGE DÉCHARGE,2021,130115,GREENFIELD,null
1133,TELMA_ITA061,MAROVATO AVARATRA,TELMA,ITASY,SOAVINANDRIANA,ANKARANANA,37.4,-19.049696,46.606123,TRUE,TRUE,TRUE,FALSE,2G et 3G et 4G,2G-3G-4G,NON,TOA,ENERGIE SOLAIRE + GE,2020,130307,GREENFIELD,null
1134,TELMA_ITA062,AMBOHIPANDRANO,TELMA,ITASY,ARIVONIMAMO,MIANDRANDRA,37.4,-19.187956,47.324767,TRUE,TRUE,TRUE,FALSE,2G et 3G et 4G,2G-3G-4G,NON,TOA,ENERGIE SOLAIRE + GE,2021,130119,GREENFIELD,null
1135,TELMA_ITA063,MIANTSOARIVO,TELMA,ITASY,ARIVONIMAMO,MIANTSOARIVO,37.4,-19.244564,47.408077,TRUE,TRUE,TRUE,FALSE,2G et 3G et 4G,2G-3G-4G,NON,TOA,ENERGIE SOLAIRE + GE,2021,130120,GREENFIELD,null
1136,TELMA_ITA064,AMBATOMANJAKA,TELMA,ITASY,MIARINARIVO,ANOSIBE-IFANJA,37.4,-18.882306,46.842638,TRUE,TRUE,TRUE,FALSE,2G et 3G et 4G,2G-3G-4G,NON,TOA,ENERGIE SOLAIRE + GE,2021,130205,GREENFIELD,null
1137,TELMA_ITA065,ANTANISOA,TELMA,ITASY,MIARINARIVO,MANDIAVATO,37.4,-19.1511552156558,47.0814682953507,TRUE,TRUE,TRUE,FALSE,2G et 3G et 4G,2G-3G-4G,NON,TOA,ENERGIE SOLAIRE + GE,2022,130208,GREENFIELD,null
1138,TELMA_ITA066,AMPARY,TELMA,ITASY,SOAVINANDRIANA,AMPARY,37.4,-17.027559,48.646526,TRUE,TRUE,TRUE,FALSE,2G et 3G et 4G,2G-3G-4G,NON,TOA,ENERGIE SOLAIRE + GE,2023,130305,GREENFIELD,null
1139,TELMA_ITA067,ANTAFOFO,TELMA,ITASY,SOAVINANDRIANA,AMPEFY,9.4,-19.039444444444445,46.68277777777778,TRUE,FALSE,TRUE,FALSE,2G et 4G,2G-4G,NON,TOA,ENERGIE SOLAIRE,2023,130306,GREENFIELD,null
1140,TELMA_ITA068,AMPARAKY_MINI,TELMA,ITASY,SOAVINANDRIANA,AMPARAKY,9.4,-19.307559,46.628294,TRUE,FALSE,TRUE,FALSE,2G et 4G,2G-4G,NON,TOA,ENERGIE SOLAIRE,2023,130303,GREENFIELD,null
1141,TELMA_ITA070,BEDASY,TELMA,ITASY,MIARINARIVO,AMBATOMANJAKA,37.4,-18.710253,46.84561,TRUE,TRUE,TRUE,FALSE,2G et 3G et 4G,2G-3G-4G,NON,TOA,ENERGIE SOLAIRE + GE,2023,130202,GREENFIELD,null
1142,TELMA_MAT001,FIANA_KIANJASOA,TELMA,MATSIATRA AMBONY,FIANARANTSOA,CU FIANARANTSOA,17.0,-21.44714,47.0758,TRUE,TRUE,TRUE,FALSE,2G et 3G et 4G,2G-3G-4G,NON,TELMA,null,2007,330301,GREENFIELD,null
1143,TELMA_MAT002,AMBALAVAO,TELMA,MATSIATRA AMBONY,AMBALAVAO,AMBALAVAO,27.4,-21.83053,46.9388,TRUE,TRUE,TRUE,FALSE,2G et 3G et 4G,2G-3G-4G,NON,TOA,null,2008,330101,GREENFIELD,null
1144,TELMA_MAT003,MANDALAHY,TELMA,MATSIATRA AMBONY,AMBOHIMAHASOA,ANKAFINA TSARAFIDY,45.4,-21.28189,47.24406,TRUE,TRUE,TRUE,FALSE,2G et 3G et 4G,2G-3G-4G,NON,TELMA,null,2008,330206,GREENFIELD,null
1145,TELMA_MAT004,VATOAVO,TELMA,MATSIATRA AMBONY,AMBALAVAO,MANAMISOA,49.4,-21.734222,46.960111,TRUE,TRUE,TRUE,FALSE,2G et 3G et 4G,2G-3G-4G,NON,TELMA,null,2021,330114,GREENFIELD,null
1146,TELMA_MAT006,FIANAR_TELMA,TELMA,MATSIATRA AMBONY,FIANARANTSOA,CU FIANARANTSOA,32.4,-21.44892,47.08939,TRUE,TRUE,TRUE,FALSE,2G et 3G et 4G,2G-3G-4G,NON,TOA,null,2008,330301,GREENFIELD,null
1147,TELMA_MAT007,FIANAR_MICRONDE,TELMA,MATSIATRA AMBONY,FIANARANTSOA,CU FIANARANTSOA,19.4,-21.4535,47.07722,TRUE,TRUE,TRUE,FALSE,2G et 3G et 4G,2G-3G-4G,NON,TELMA,null,2013,330301,GREENFIELD,null
1148,TELMA_MAT008,FIANAR_AMPANJA,TELMA,MATSIATRA AMBONY,FIANARANTSOA,CU FIANARANTSOA,19.4,-21.46453,47.09003,TRUE,TRUE,TRUE,FALSE,2G et 3G et 4G,2G-3G-4G,NON,TELMA,null,2008,330301,GREENFIELD,null
1149,TELMA_MAT009,FIANA_ANKOFAFA,TELMA,MATSIATRA AMBONY,FIANARANTSOA,CU FIANARANTSOA,27.4,-21.43129,47.1102,TRUE,TRUE,TRUE,FALSE,2G et 3G et 4G,2G-3G-4G,NON,TELMA,null,2007,330301,GREENFIELD,null
1150,TELMA_MAT010,AMBOHIMAHASOA,TELMA,MATSIATRA AMBONY,AMBOHIMAHASOA,AMBOHIMAHASOA,44.4,-21.10728,47.21408,TRUE,TRUE,TRUE,FALSE,2G et 3G et 4G,2G-3G-4G,NON,TOA,null,2008,330203,GREENFIELD,null
1151,TELMA_MAT011,IKALAMAVONY,TELMA,MATSIATRA AMBONY,IKALAMAVONY,IKALAMAVONY,22.4,-21.16925,46.59919,TRUE,TRUE,TRUE,FALSE,2G et 3G et 4G,2G-3G-4G,NON,TOA,null,2008,330503,GREENFIELD,null
1152,TELMA_MAT013,FIANAR_MAHAMANINA,TELMA,MATSIATRA AMBONY,FIANARANTSOA,CU FIANARANTSOA,17.4,-21.43747,47.09303,TRUE,TRUE,TRUE,FALSE,2G et 3G et 4G,2G-3G-4G,NON,TELMA,null,2011,330301,ROOFTOP,null
1153,TELMA_MAT014,FIANAR_TANAMBAO,TELMA,MATSIATRA AMBONY,FIANARANTSOA,CU FIANARANTSOA,12.4,-21.45605,47.09552,TRUE,TRUE,TRUE,FALSE,2G et 3G et 4G,2G-3G-4G,NON,TELMA,null,2012,330301,ROOFTOP,null
1154,TELMA_MAT035,FITAMPITO,TELMA,MATSIATRA AMBONY,IKALAMAVONY,FITAMPITO,37.4,-20.96975,46.3118,TRUE,FALSE,TRUE,FALSE,2G et 4G,2G-4G,NON,TOA,null,2012,330502,GREENFIELD,null
1155,TELMA_MAT036,TANAMARINA BEKISOPA,TELMA,MATSIATRA AMBONY,IKALAMAVONY,TANAMARINA BEKISOPA,38.1,-21.55022,45.9288,TRUE,TRUE,TRUE,FALSE,2G et 3G et 4G,2G-3G-4G,NON,TELMA,null,2012,330507,GREENFIELD,null
1156,TELMA_MAT037,TSITONDROINA,TELMA,MATSIATRA AMBONY,IKALAMAVONY,FITAMPITO,38.1,-21.29294,45.97311,TRUE,TRUE,TRUE,FALSE,2G et 3G et 4G,2G-3G-4G,NON,TELMA,null,2012,330502,GREENFIELD,null
1157,TELMA_MAT042,MAHASOABE,TELMA,MATSIATRA AMBONY,VOHIBATO,MAHASOABE,37.4,-21.6108,47.22736,TRUE,TRUE,TRUE,FALSE,2G et 3G et 4G,2G-3G-4G,NON,TOA,null,2013,330605,GREENFIELD,null
1158,TELMA_MAT045,ANKARAMENA,TELMA,MATSIATRA AMBONY,AMBALAVAO,ANKARAMENA,37.4,-21.93394,46.68717,TRUE,TRUE,TRUE,FALSE,2G et 3G et 4G,2G-3G-4G,NON,TELMA,null,2015,330108,GREENFIELD,null
1159,TELMA_MAT046,IALATSARA,TELMA,MATSIATRA AMBONY,AMBOHIMAHASOA,VOHIPOSA,37.4,-21.07497,47.21908,TRUE,TRUE,TRUE,FALSE,2G et 3G et 4G,2G-3G-4G,NON,TOA,null,2013,330217,GREENFIELD,null
1160,TELMA_MAT050,ISORANA2,TELMA,MATSIATRA AMBONY,ISANDRA,ISORANA,9.4,-21.329416666666667,46.94972222222222,TRUE,TRUE,TRUE,FALSE,2G et 3G et 4G,2G-3G-4G,NON,TOA,null,2013,330408,GREENFIELD,null
1161,TELMA_MAT052,FIANA_AMBODIRANO,TELMA,MATSIATRA AMBONY,FIANARANTSOA,CU FIANARANTSOA,18.4,-21.44342,47.11144,TRUE,TRUE,TRUE,FALSE,2G et 3G et 4G,2G-3G-4G,OUI,AIRTEL,null,2015,330301,GREENFIELD,null
1162,TELMA_MAT053,AMBALAKELY,TELMA,MATSIATRA AMBONY,LALANGINA,MAHATSINJONY,37.4,-21.44773,47.22835,TRUE,TRUE,TRUE,FALSE,2G et 3G et 4G,2G-3G-4G,NON,TOA,null,2015,330711,GREENFIELD,null
1163,TELMA_MAT056,VOHITSAOKA,TELMA,MATSIATRA AMBONY,AMBALAVAO,VOHITSAOKA,37.4,-22.02075,46.77261,TRUE,TRUE,TRUE,FALSE,2G et 3G et 4G,2G-3G-4G,NON,TOA,null,2015,330117,GREENFIELD,null
1164,TELMA_MAT057,ANDONAKA,TELMA,MATSIATRA AMBONY,AMBALAVAO,AMBINANIROA,37.4,-21.91028,46.49769,TRUE,TRUE,TRUE,FALSE,2G et 3G et 4G,2G-3G-4G,NON,TOA,null,2015,330103,GREENFIELD,null
1165,TELMA_MAT058,BEFETA,TELMA,MATSIATRA AMBONY,ISANDRA,IAVINOMBY VOHIBOLA,47.4,-21.32811,47.04913,TRUE,TRUE,TRUE,FALSE,2G et 3G et 4G,2G-3G-4G,NON,TOA,null,2014,330407,GREENFIELD,null
1166,TELMA_MAT059,TALATA_AMPANO,TELMA,MATSIATRA AMBONY,VOHIBATO,TALATA AMPANO,37.4,-21.593421,47.039993,TRUE,TRUE,TRUE,FALSE,2G et 3G et 4G,2G-3G-4G,NON,TOA,null,2014,330608,GREENFIELD,null
1167,TELMA_MAT060,ANDOHARANOMAITSO,TELMA,MATSIATRA AMBONY,ISANDRA,ANDOHARANOMAITSO,37.4,-21.45908,46.93072,TRUE,TRUE,TRUE,FALSE,2G et 3G et 4G,2G-3G-4G,NON,TOA,null,2014,330403,GREENFIELD,null
1168,TELMA_MAT061,AMBINANINDOVOKA,TELMA,MATSIATRA AMBONY,AMBALAVAO,AMBINANINDOVOKA,37.4,-21.9243,47.115,TRUE,TRUE,TRUE,FALSE,2G et 3G et 4G,2G-3G-4G,NON,TOA,null,2014,330102,GREENFIELD,null
1169,TELMA_MAT063,FIANAR_AMBANIMASO,TELMA,MATSIATRA AMBONY,FIANARANTSOA,CU FIANARANTSOA,27.4,-21.47131,47.08325,TRUE,TRUE,TRUE,FALSE,2G et 3G et 4G,2G-3G-4G,NON,TOA,null,2015,330301,GREENFIELD,null
1170,TELMA_MAT065,ALAMISY_ITENINA,TELMA,MATSIATRA AMBONY,VOHIBATO,ANKAROMALAZA MIFANASOA,37.4,-21.694861111111113,47.14008333333334,TRUE,TRUE,TRUE,FALSE,2G et 3G et 4G,2G-3G-4G,NON,TOA,null,2016,330613,GREENFIELD,null
1171,TELMA_MAT066,AMBALANKINDRESY,TELMA,MATSIATRA AMBONY,AMBOHIMAHASOA,AMBALAKINDRESY,47.4,-21.15361,47.31617,TRUE,TRUE,TRUE,FALSE,2G et 3G et 4G,2G-3G-4G,NON,TOA,null,2015,330201,GREENFIELD,null
1172,TELMA_MAT067,ISAKA,TELMA,MATSIATRA AMBONY,AMBOHIMAHASOA,ISAKA,47.4,-21.14697,47.07256,TRUE,TRUE,TRUE,FALSE,2G et 3G et 4G,2G-3G-4G,NON,TOA,null,2015,330211,GREENFIELD,null
1173,TELMA_MAT069,MANGIDY,TELMA,MATSIATRA AMBONY,IKALAMAVONY,MANGIDY,37.4,-21.23711,46.7682,TRUE,TRUE,TRUE,FALSE,2G et 3G et 4G,2G-3G-4G,NON,TOA,null,2015,330504,GREENFIELD,null
1174,TELMA_MAT070,VINANITELO,TELMA,MATSIATRA AMBONY,VOHIBATO,VOHITRAFENO,47.4,-21.76344,47.23497,TRUE,TRUE,TRUE,FALSE,2G et 3G et 4G,2G-3G-4G,NON,TOA,null,2015,330611,GREENFIELD,null
1175,TELMA_MAT071,VOHIMARINA,TELMA,MATSIATRA AMBONY,VOHIBATO,VOHIMARINA,47.4,-21.63633,46.92406,TRUE,TRUE,TRUE,FALSE,2G et 3G et 4G,2G-3G-4G,NON,TOA,null,2015,330610,GREENFIELD,null
1176,TELMA_MAT073,TATAHO,TELMA,MATSIATRA AMBONY,LALANGINA,ALATSINAINY IALAMARINA,47.4,-21.53131,47.27949,TRUE,TRUE,TRUE,FALSE,2G et 3G et 4G,2G-3G-4G,NON,TOA,null,2015,330702,GREENFIELD,null
1177,TELMA_MAT074,FANJAKANA,TELMA,MATSIATRA AMBONY,ISANDRA,FANJAKANA,37.4,-21.18267,46.89156,TRUE,TRUE,TRUE,FALSE,2G et 3G et 4G,2G-3G-4G,NON,TOA,null,2015,330406,GREENFIELD,null
1178,TELMA_MAT075,FIANAR_MAHAMANINA2,TELMA,MATSIATRA AMBONY,FIANARANTSOA,CU FIANARANTSOA,27.4,-21.429305555555555,47.10025,TRUE,TRUE,TRUE,FALSE,2G et 3G et 4G,2G-3G-4G,NON,TOA,null,2018,330301,GREENFIELD,null
1179,TELMA_MAT076,FIANAR_AMPOPOKA,TELMA,MATSIATRA AMBONY,FIANARANTSOA,CU FIANARANTSOA,37.4,-21.42954,47.11892,TRUE,TRUE,TRUE,FALSE,2G et 3G et 4G,2G-3G-4G,NON,TOA,null,2016,330301,GREENFIELD,null
1180,TELMA_MAT077,FTSOA TAMBOHOBE,TELMA,MATSIATRA AMBONY,FIANARANTSOA,CU FIANARANTSOA,37.4,-21.4425,47.08138888888889,TRUE,TRUE,TRUE,FALSE,2G et 3G et 4G,2G-3G-4G,NON,TOA,null,2021,330301,GREENFIELD,null
1181,TELMA_MAT078,FIANARA4,TELMA,MATSIATRA AMBONY,FIANARANTSOA,CU FIANARANTSOA,17.4,-21.457,47.08519444444445,TRUE,TRUE,TRUE,FALSE,2G et 3G et 4G,2G-3G-4G,NON,TOA,null,2018,330301,GREENFIELD,null
1182,TELMA_MAT079,ITOMBANA,TELMA,MATSIATRA AMBONY,LALANGINA,ANDRAINJATO EST,47.4,-21.5064,47.16655,TRUE,TRUE,TRUE,FALSE,2G et 3G et 4G,2G-3G-4G,NON,TOA,null,2015,330706,GREENFIELD,null
1183,TELMA_MAT083,FIANAR_TALATAMATY,TELMA,MATSIATRA AMBONY,FIANARANTSOA,CU FIANARANTSOA,37.4,-21.436583333333335,47.10183333333333,TRUE,TRUE,TRUE,FALSE,2G et 3G et 4G,2G-3G-4G,NON,TOA,null,2018,330301,GREENFIELD,null
1184,TELMA_MAT084,FIANAR_ANDRAINJATO,TELMA,MATSIATRA AMBONY,FIANARANTSOA,CU FIANARANTSOA,17.4,-21.464111111111112,47.10952777777778,TRUE,TRUE,TRUE,FALSE,2G et 3G et 4G,2G-3G-4G,NON,TOA,null,2017,330301,GREENFIELD,null
1185,TELMA_MAT087,FIANAR_IVORY,TELMA,MATSIATRA AMBONY,FIANARANTSOA,CU FIANARANTSOA,27.4,-21.44611111111111,47.0922222222222,TRUE,TRUE,TRUE,FALSE,2G et 3G et 4G,2G-3G-4G,NON,TOA,null,2018,330301,GREENFIELD,null
1186,TELMA_MAT088,VOHIPOSA,TELMA,MATSIATRA AMBONY,AMBOHIMAHASOA,SAHATONA,47.4,-20.95356,47.15808,TRUE,TRUE,TRUE,FALSE,2G et 3G et 4G,2G-3G-4G,NON,TOA,null,2016,330215,GREENFIELD,null
1187,TELMA_MAT090,IVOLO,TELMA,MATSIATRA AMBONY,AMBALAVAO,ANJOMA,37.4,-21.883333333333333,47.06586111111111,TRUE,TRUE,TRUE,FALSE,2G et 3G et 4G,2G-3G-4G,NON,TOA,null,2018,330107,GREENFIELD,null
1188,TELMA_MAT091,IARINTSENA,TELMA,MATSIATRA AMBONY,AMBALAVAO,IARINTSENA,37.4,-21.82063888888889,46.83997222222222,TRUE,TRUE,TRUE,FALSE,2G et 3G et 4G,2G-3G-4G,NON,TOA,null,2016,330111,GREENFIELD,null
1189,TELMA_MAT092,MAHAZOARIVO,TELMA,MATSIATRA AMBONY,IKALAMAVONY,SOLILA,37.4,-21.345277777777778,46.79611111111111,TRUE,TRUE,TRUE,FALSE,2G et 3G et 4G,2G-3G-4G,NON,TOA,null,2019,330506,GREENFIELD,null
1190,TELMA_MAT093,AMBALAKELY_2,TELMA,MATSIATRA AMBONY,LALANGINA,AMBALAKELY,37.4,-21.4122,47.17265,TRUE,TRUE,TRUE,FALSE,2G et 3G et 4G,2G-3G-4G,NON,TOA,null,2017,330703,GREENFIELD,null
1191,TELMA_MAT094,Ambalavao_1,TELMA,MATSIATRA AMBONY,AMBALAVAO,AMBALAVAO,37.4,-21.834972222222223,46.93205555555556,TRUE,TRUE,TRUE,FALSE,2G et 3G et 4G,2G-3G-4G,NON,TOA,null,2018,330101,GREENFIELD,null
1192,TELMA_MAT095,ANKIDONA,TELMA,MATSIATRA AMBONY,FIANARANTSOA,CU FIANARANTSOA,15.4,-21.467222222222222,47.06144444444445,TRUE,TRUE,TRUE,FALSE,2G et 3G et 4G,2G-3G-4G,NON,TOA,null,2019,330301,ROOFTOP,null
1193,TELMA_MAT099,SOLILA,TELMA,MATSIATRA AMBONY,IKALAMAVONY,SOLILA,47.4,-21.43888888888889,46.648694444444445,TRUE,TRUE,TRUE,FALSE,2G et 3G et 4G,2G-3G-4G,NON,TOA,null,2018,330506,GREENFIELD,null
1194,TELMA_MAT103,FIANARA106,TELMA,MATSIATRA AMBONY,FIANARANTSOA,CU FIANARANTSOA,37.4,-21.45967,47.09196,TRUE,TRUE,TRUE,FALSE,2G et 3G et 4G,2G-3G-4G,NON,TOA,null,2020,330301,GREENFIELD,null
1195,TELMA_MAT104,FIANARA101,TELMA,MATSIATRA AMBONY,FIANARANTSOA,CU FIANARANTSOA,27.4,-21.440833333333334,47.089444444444446,TRUE,TRUE,TRUE,FALSE,2G et 3G et 4G,2G-3G-4G,NON,TOA,null,2018,330301,GREENFIELD,null
1196,TELMA_MAT106,AMBALAKELY3,TELMA,MATSIATRA AMBONY,LALANGINA,MAHATSINJONY,37.4,-21.4275166666667,47.1343,TRUE,TRUE,TRUE,FALSE,2G et 3G et 4G,2G-3G-4G,NON,TOA,null,2020,330711,GREENFIELD,null
1197,TELMA_MAT108,MAHEMBITRA,TELMA,MATSIATRA AMBONY,AMBOHIMAHASOA,FIADANANA,37.4,-20.881661,47.186983,TRUE,TRUE,TRUE,FALSE,2G et 3G et 4G,2G-3G-4G,NON,TOA,null,2019,330210,GREENFIELD,null
1198,TELMA_MAT109,MAHAZONY,TELMA,MATSIATRA AMBONY,AMBALAVAO,MAHAZONY,37.4,-22.00234444,46.993475,TRUE,TRUE,TRUE,FALSE,2G et 3G et 4G,2G-3G-4G,NON,TOA,null,2020,330113,GREENFIELD,null
1199,TELMA_MAT112,ALAKAMISY AMBOHIMAHA MAT,TELMA,MATSIATRA AMBONY,LALANGINA,ALAKAMISY AMBOHIMAHA,37.4,-21.340819,47.243349,TRUE,TRUE,TRUE,FALSE,2G et 3G et 4G,2G-3G-4G,NON,TOA,null,2020,330701,GREENFIELD,null
1200,TELMA_MAT113,FENOARIVO MAT,TELMA,MATSIATRA AMBONY,AMBALAVAO,FENOARIVO,47.4,-21.750936,46.367961,TRUE,TRUE,TRUE,FALSE,2G et 3G et 4G,2G-3G-4G,NON,TOA,null,2020,330110,GREENFIELD,null
1201,TELMA_MAT114,AMBOHIBARIHENA,TELMA,MATSIATRA AMBONY,VOHIBATO,MAHASOABE,37.4,-21.54752,47.22286,TRUE,TRUE,TRUE,FALSE,2G et 3G et 4G,2G-3G-4G,NON,TOA,null,2021,330605,GREENFIELD,null
1202,TELMA_MAT115,AMBOHIJAFY AMBALAVAO,TELMA,MATSIATRA AMBONY,AMBALAVAO,AMBALAVAO,37.4,-21.833577,46.935049,TRUE,TRUE,TRUE,FALSE,2G et 3G et 4G,2G-3G-4G,NON,TOA,null,2021,330101,GREENFIELD,null
1203,TELMA_MAT116,ANDRAINJATO,TELMA,MATSIATRA AMBONY,AMBALAVAO,AMBOHIMANDROSO,37.4,-21.929393,46.951081,TRUE,TRUE,TRUE,FALSE,2G et 3G et 4G,2G-3G-4G,NON,TOA,null,2021,330105,GREENFIELD,null
1204,TELMA_MAT117,VOHIMARINA2,TELMA,MATSIATRA AMBONY,VOHIBATO,VOHIMARINA,37.4,-21.588154,46.833759,TRUE,TRUE,TRUE,FALSE,2G et 3G et 4G,2G-3G-4G,NON,TOA,null,2021,330610,GREENFIELD,null
1205,TELMA_MAT118,SOATANANA,TELMA,MATSIATRA AMBONY,ISANDRA,MAHAZOARIVO,37.4,-21.388892,46.895746,TRUE,TRUE,TRUE,FALSE,2G et 3G et 4G,2G-3G-4G,NON,TOA,null,2021,330409,GREENFIELD,null
1206,TELMA_MAT119,MAHADITRA,TELMA,MATSIATRA AMBONY,AMBALAVAO,KIRANO,37.4,-21.812666,47.073009,TRUE,TRUE,TRUE,FALSE,2G et 3G et 4G,2G-3G-4G,NON,TOA,null,2021,330112,GREENFIELD,null
1207,TELMA_MAT120,AMBODISANDRA,TELMA,MATSIATRA AMBONY,ISANDRA,FANJAKANA,37.4,-21.216067,46.974446,TRUE,TRUE,TRUE,FALSE,2G et 3G et 4G,2G-3G-4G,NON,TOA,null,2021,330406,GREENFIELD,null
1208,TELMA_MAT121,IKALAMAVONY2,TELMA,MATSIATRA AMBONY,IKALAMAVONY,IKALAMAVONY,37.4,-21.162845,46.596418,TRUE,FALSE,TRUE,FALSE,2G et 4G,2G-4G,NON,TOA,null,2021,330503,GREENFIELD,null
1209,TELMA_MAT123,ANDRAINA,TELMA,MATSIATRA AMBONY,AMBOHIMAHASOA,AMBALAKINDRESY,37.4,-21.110676,47.33384,TRUE,TRUE,TRUE,FALSE,2G et 3G et 4G,2G-3G-4G,NON,TOA,null,2021,330201,GREENFIELD,null
1210,TELMA_MAT124,AMBOHINAMBOARINA,TELMA,MATSIATRA AMBONY,AMBOHIMAHASOA,AMBOHINAMBOARINA,37.4,-21.05659,47.054291,TRUE,TRUE,TRUE,FALSE,2G et 3G et 4G,2G-3G-4G,NON,TOA,null,2021,330204,GREENFIELD,null
1211,TELMA_MAT127,AMBATOMAINTY AMO,TELMA,MATSIATRA AMBONY,IKALAMAVONY,AMBATOMAINTY,37.4,-20.966566,46.439184,TRUE,FALSE,TRUE,FALSE,2G et 4G,2G-4G,NON,TOA,null,2021,330501,GREENFIELD,null
1212,TELMA_MAT129,ALAROBIA BEFETA,TELMA,MATSIATRA AMBONY,AMBOHIMAHASOA,BEFETA,9.4,-21.286666666666665,47.083888888888886,TRUE,FALSE,TRUE,FALSE,2G et 4G,2G-4G,NON,TOA,ENERGIE SOLAIRE,2023,330208,GREENFIELD,null
1213,TELMA_MAT130,BEFETA DSF,TELMA,MATSIATRA AMBONY,AMBOHIMAHASOA,BEFETA,9.4,-21.23,47.045,TRUE,FALSE,TRUE,FALSE,2G et 4G,2G-4G,NON,TOA,ENERGIE SOLAIRE,2023,330208,GREENFIELD,null
1214,TELMA_MAT131,MANAKANDRA,TELMA,MATSIATRA AMBONY,AMBOHIMAHASOA,ANKERANA,9.4,-21.137777777777778,47.17305555555556,TRUE,FALSE,TRUE,FALSE,2G et 4G,2G-4G,NON,TOA,ENERGIE SOLAIRE,2023,330207,GREENFIELD,null
1215,TELMA_MAT132,SOAINDRANA,TELMA,MATSIATRA AMBONY,VOHIBATO,SOAINDRANA,27.4,-21.502358,47.051459,TRUE,TRUE,TRUE,FALSE,2G et 3G et 4G,2G-3G-4G,NON,TOA,ENERGIE SOLAIRE + GE,2023,330607,GREENFIELD,null
1216,TELMA_MEL001,MAINTIRANO,TELMA,MELAKY,MAINTIRANO,MAINTIRANO,27.4,-18.06094,44.02306,TRUE,TRUE,TRUE,FALSE,2G et 3G et 4G,2G-3G-4G,NON,TELMA,SOUS COMPTEUR,2003,430413,GREENFIELD,null
1217,TELMA_MEL002,BEKOPAKA,TELMA,MELAKY,ANTSALOVA,BEKOPAKA,47.4,-19.13902,44.79814,TRUE,TRUE,FALSE,FALSE,2G et 3G,2G-3G,NON,TELMA,SOLDIÈSE,2008,430202,GREENFIELD,null
1218,TELMA_MEL004,BESALAMPY,TELMA,MELAKY,BESALAMPY,BESALAMPY,47.4,-16.74994,44.49356,TRUE,TRUE,TRUE,FALSE,2G et 3G et 4G,2G-3G-4G,NON,TELMA,ENERGIE SOLAIRE + GE,2008,430305,GREENFIELD,null
1219,TELMA_MEL005,MAINTIRANO_DENSIF,TELMA,MELAKY,MAINTIRANO,MAINTIRANO,27.4,-18.05661,44.02814,TRUE,TRUE,TRUE,FALSE,2G et 3G et 4G,2G-3G-4G,NON,TOA,JIRAMA + GE,2013,430413,GREENFIELD,null
1220,TELMA_MEL012,MORAFENOBE,TELMA,MELAKY,MORAFENOBE,MORAFENOBE,52.4,-17.81531,44.92056,TRUE,FALSE,TRUE,FALSE,2G et 4G,2G-4G,NON,TELMA,CHARGE DÉCHARGE + JIRAMA,2009,430503,GREENFIELD,null
1221,TELMA_MEL017,AMBATOMAINTY,TELMA,MELAKY,AMBATOMAINTY,AMBATOMAINTY,9.7,-17.70258,45.65869,TRUE,FALSE,TRUE,FALSE,2G et 4G,2G-4G,NON,TELMA,ENERGIE SOLAIRE + GE,2012,430101,GREENFIELD,null
1222,TELMA_MEL018,ANTSALOVA,TELMA,MELAKY,ANTSALOVA,ANTSALOVA,26.599999999999998,-18.68519,44.62097,TRUE,FALSE,FALSE,FALSE,2G,2G,NON,TELMA,CHARGE DÉCHARGE + JIRAMA,2012,430201,GREENFIELD,null
1223,TELMA_MEL022,TAMBOHORANO,TELMA,MELAKY,MAINTIRANO,TAMBOHORANO,43.4,-17.50547,43.95308,TRUE,FALSE,FALSE,FALSE,2G,2G,NON,TOA,ENERGIE SOLAIRE,2012,430416,GREENFIELD,null
1224,TELMA_MEL023,BESALAMPY_UNIMA,TELMA,MELAKY,BESALAMPY,SOANENGA,92.4,-16.60222,44.48814,TRUE,TRUE,TRUE,FALSE,2G et 3G et 4G,2G-3G-4G,NON,TOA,PARTICULIER,2013,430308,GREENFIELD,null
1225,TELMA_MEL024,ANDRANOVAO,TELMA,MELAKY,MAINTIRANO,ANDRANOVAO,37.4,-17.61056,44.06433,TRUE,FALSE,TRUE,FALSE,2G et 4G,2G-4G,NON,TELMA,ENERGIE SOLAIRE + GE,2014,430402,GREENFIELD,null
1226,TELMA_MEL028,ANDRAFIATOKANA,TELMA,MELAKY,BESALAMPY,BESALAMPY,73.4,-16.78522,44.49661,TRUE,TRUE,TRUE,FALSE,2G et 3G et 4G,2G-3G-4G,NON,TOA,ENERGIE SOLAIRE + GE,2015,430305,GREENFIELD,null
1227,TELMA_MEL029,MAROVOAYSUD,TELMA,MELAKY,BESALAMPY,MAROVOAY SUD,47.4,-16.97886,44.58278,TRUE,FALSE,FALSE,FALSE,2G,2G,NON,TOA,ENERGIE SOLAIRE + GE,2015,430307,GREENFIELD,null
1228,TELMA_MEL030,SAROPITSAHA,TELMA,MELAKY,MAINTIRANO,BEBABOKA SUD,39.4,-17.177,44.42203,TRUE,FALSE,FALSE,FALSE,2G,2G,NON,TOA,ENERGIE SOLAIRE + GE,2015,430407,GREENFIELD,null
1229,TELMA_MEL031,MANARITOKA,TELMA,MELAKY,MAINTIRANO,BEMOKOTRA SUD,62.4,-17.32844,44.25161,TRUE,FALSE,FALSE,FALSE,2G,2G,NON,TOA,ENERGIE SOLAIRE + GE,2015,430409,GREENFIELD,null
1230,TELMA_MEL034,ANDREA,TELMA,MELAKY,MAINTIRANO,ANDREA,78.4,-17.90267,44.12967,TRUE,FALSE,FALSE,FALSE,2G,2G,NON,TOA,ENERGIE SOLAIRE + GE,2015,430403,GREENFIELD,null
1231,TELMA_MEL035,ANKISATRA,TELMA,MELAKY,MAINTIRANO,ANKISATRA,47.4,-18.23428,44.1538,TRUE,FALSE,FALSE,FALSE,2G,2G,NON,TOA,ENERGIE SOLAIRE + GE,2015,430404,GREENFIELD,null
1232,TELMA_MEL036,ANKILIFITO,TELMA,MELAKY,MAINTIRANO,ANKISATRA,58.4,-18.38111,44.25528,TRUE,FALSE,FALSE,FALSE,2G,2G,NON,TOA,ENERGIE SOLAIRE + GE,2015,430404,GREENFIELD,null
1233,TELMA_MEL037,BEMONTO,TELMA,MELAKY,ANTSALOVA,SOAHANY,47.4,-18.55825,44.41624,TRUE,FALSE,FALSE,FALSE,2G,2G,NON,TOA,ENERGIE SOLAIRE + GE,2015,430204,GREENFIELD,null
1234,TELMA_MEL039,SOAHANY,TELMA,MELAKY,ANTSALOVA,SOAHANY,53.4,-18.67377,44.2102,TRUE,FALSE,FALSE,FALSE,2G,2G,NON,TOA,ENERGIE SOLAIRE + GE,2015,430204,GREENFIELD,null
1235,TELMA_MEL041,ANTSAIDOBA_BEBAO,TELMA,MELAKY,MAINTIRANO,ANTSAIDOHA BEBAO,47.4,-17.390777777777778,44.4195,TRUE,FALSE,FALSE,FALSE,2G,2G,NON,TOA,ENERGIE SOLAIRE,2016,430405,GREENFIELD,null
1236,TELMA_MEL042,MAROTSIALEHA,TELMA,MELAKY,AMBATOMAINTY,MAROTSIALEHA,37.4,-17.773222222222223,45.39091666666667,TRUE,FALSE,TRUE,FALSE,2G et 4G,2G-4G,NON,TOA,ENERGIE SOLAIRE + GE,2016,430103,GREENFIELD,null
1237,TELMA_MEL043,ANDRAMY,TELMA,MELAKY,MORAFENOBE,ANDRAMY,47.4,-17.929861111111112,44.75966666666667,TRUE,FALSE,TRUE,FALSE,2G et 4G,2G-4G,NON,TOA,ENERGIE SOLAIRE,2016,430501,GREENFIELD,null
1238,TELMA_MEL044,BERAVINA,TELMA,MELAKY,MORAFENOBE,BERAVINA,47.4,-18.210194444444443,45.24461111111111,TRUE,FALSE,TRUE,FALSE,2G et 4G,2G-4G,NON,TOA,ENERGIE SOLAIRE + GE,2016,430502,GREENFIELD,null
1239,TELMA_MEL045,MASOARIVO,TELMA,MELAKY,ANTSALOVA,MASOARIVO,47.4,-19.025694444444444,44.34525,TRUE,FALSE,TRUE,FALSE,2G et 4G,2G-4G,NON,TOA,ENERGIE SOLAIRE,2016,430203,GREENFIELD,null
1240,TELMA_MEL046,BEKODOKO,TELMA,MELAKY,BESALAMPY,BEKODOKA,47.4,-16.97988888888889,45.088388888888886,TRUE,FALSE,TRUE,FALSE,2G et 4G,2G-4G,NON,TOA,ENERGIE SOLAIRE,2016,430304,GREENFIELD,null
1241,TELMA_MEL049,AMBOHIPAKY,TELMA,MELAKY,BESALAMPY,ANKASAKASA TSIBIRAY,37.4,-16.44056,44.98103,TRUE,TRUE,TRUE,FALSE,2G et 3G et 4G,2G-3G-4G,NON,TOA,ENERGIE SOLAIRE + GE,2016,430303,GREENFIELD,null
1242,TELMA_MEL050,ANKASAKASA,TELMA,MELAKY,BESALAMPY,ANKASAKASA TSIBIRAY,37.4,-16.3512,44.8632,TRUE,TRUE,TRUE,FALSE,2G et 3G et 4G,2G-3G-4G,NON,TOA,ENERGIE SOLAIRE + GE,2019,430303,GREENFIELD,null
1243,TELMA_MEL051,SOATANA,TELMA,MELAKY,ANTSALOVA,TRANGAHY,37.4,-19.075111,44.515818,TRUE,FALSE,FALSE,FALSE,2G,2G,NON,TOA,ENERGIE SOLAIRE + GE,2020,430205,GREENFIELD,null
1244,TELMA_MEL052,AMBALAKAZAHA FENOARIVO,TELMA,MELAKY,ANTSALOVA,MASOARIVO,37.4,-18.841517,44.386214,TRUE,FALSE,FALSE,FALSE,2G,2G,NON,TOA,ENERGIE SOLAIRE + GE,2021,430203,GREENFIELD,null
1245,TELMA_MEL053,MAHABE,TELMA,MELAKY,BESALAMPY,MAHABE,37.4,-17.1138,45.329428,TRUE,FALSE,TRUE,FALSE,2G et 4G,2G-4G,NON,TOA,ENERGIE SOLAIRE + GE,2022,430306,GREENFIELD,null
1246,TELMA_MEL055,AMBOLODIA SUD,TELMA,MELAKY,BESALAMPY,AMBOLODIA SUD,37.4,-17.279339,44.983397,TRUE,FALSE,TRUE,FALSE,2G et 4G,2G-4G,NON,TOA,ENERGIE SOLAIRE + GE,2022,430301,GREENFIELD,null
1247,TELMA_MEL056,MAKARAINGO,TELMA,MELAKY,AMBATOMAINTY,SARODRANO,37.4,-18.001224,45.637993,TRUE,FALSE,TRUE,FALSE,2G et 4G,2G-4G,NON,TOA,ENERGIE SOLAIRE + GE,2022,430104,GREENFIELD,null
1248,TELMA_MEL057,BETANATANANA,TELMA,MELAKY,MAINTIRANO,BETANATANANA,27.4,-18.171862,44.143312,TRUE,FALSE,FALSE,FALSE,2G,2G,NON,TOA,ENERGIE SOLAIRE + GE,2023,430411,GREENFIELD,null
1249,TELMA_MEN001,MORONDAVA,TELMA,MENABE,MORONDAVA,MORONDAVA,49.4,-20.29,44.28158,TRUE,TRUE,TRUE,FALSE,2G et 3G et 4G,2G-3G-4G,NON,TELMA,SOUS COMPTEUR,2007,640505,GREENFIELD,null
1250,TELMA_MEN002,MANJA,TELMA,MENABE,MANJA,MANJA,37.4,-21.4358,44.33175,TRUE,FALSE,FALSE,FALSE,2G,2G,NON,TELMA,CHARGE DÉCHARGE + JIRAMA,2008,640305,GREENFIELD,null
1251,TELMA_MEN003,BELO_TSIRIBIHINA2,TELMA,MENABE,BELO SUR TSIRIBIHINA,BELO SUR TSIRIBIHINA,37.4,-19.70019,44.54658,TRUE,TRUE,TRUE,FALSE,2G et 3G et 4G,2G-3G-4G,NON,TELMA,CHARGE DÉCHARGE + JIRAMA,2008,640108,GREENFIELD,null
1252,TELMA_MEN004,MAHABO,TELMA,MENABE,MAHABO,MAHABO,57.4,-20.37914,44.66953,TRUE,TRUE,TRUE,FALSE,2G et 3G et 4G,2G-3G-4G,NON,TELMA,JIRAMA + GE,2008,640208,GREENFIELD,null
1253,TELMA_MEN005,MIANDRIVAZO,TELMA,MENABE,MIANDRIVAZO,MIANDRIVAZO,37.4,-19.54603,45.456,TRUE,TRUE,TRUE,FALSE,2G et 3G et 4G,2G-3G-4G,NON,TELMA,SOLDIÈSE,2009,640414,GREENFIELD,null
1254,TELMA_MEN007,TSIMAHAVAOKELY,TELMA,MENABE,MORONDAVA,MORONDAVA,27.4,-20.29472,44.30028,TRUE,TRUE,TRUE,FALSE,2G et 3G et 4G,2G-3G-4G,NON,TOA,JIRAMA + GE,2011,640505,GREENFIELD,null
1255,TELMA_MEN012,ANALAIVA,TELMA,MENABE,MORONDAVA,ANALAIVA,47.4,-20.325916666666668,44.487944444444445,TRUE,TRUE,TRUE,FALSE,2G et 3G et 4G,2G-3G-4G,NON,TOA,CHARGE DÉCHARGE,2011,640501,GREENFIELD,null
1256,TELMA_MEN014,BEREVO,TELMA,MENABE,BELO SUR TSIRIBIHINA,BEREVO,38.1,-19.7348,44.96152,TRUE,FALSE,FALSE,FALSE,2G,2G,NON,TELMA,ENERGIE SOLAIRE + GE,2012,640110,GREENFIELD,null
1257,TELMA_MEN015,MANDABE,TELMA,MENABE,MAHABO,MANDABE,37.4,-21.04959,44.93692,TRUE,FALSE,FALSE,FALSE,2G,2G,NON,TOA,ENERGIE SOLAIRE,2013,640210,GREENFIELD,null
1258,TELMA_MEN016,MALAIMBANDY,TELMA,MENABE,MAHABO,MALAIMBANDY,67.4,-20.3388,45.5752,TRUE,TRUE,TRUE,FALSE,2G et 3G et 4G,2G-3G-4G,NON,TOA,ENERGIE SOLAIRE + GE,2013,640209,GREENFIELD,null
1259,TELMA_MEN017,ANKONDROMENA,TELMA,MENABE,MIANDRIVAZO,ANKONDROMENA,38.1,-18.38028,45.01361,TRUE,FALSE,TRUE,FALSE,2G et 4G,2G-4G,NON,TELMA,ENERGIE SOLAIRE + GE,2012,640404,GREENFIELD,null
1260,TELMA_MEN019,AMBATOLAHY,TELMA,MENABE,MIANDRIVAZO,AMBATOLAHY,48.199999999999996,-20.04534,45.53136,TRUE,TRUE,TRUE,FALSE,2G et 3G et 4G,2G-3G-4G,NON,TELMA,ENERGIE SOLAIRE + GE,2014,640401,GREENFIELD,null
1261,TELMA_MEN020,ANKILIZATO,TELMA,MENABE,MAHABO,ANKILIZATO,38.0,-20.40911,45.07297,TRUE,FALSE,TRUE,FALSE,2G et 4G,2G-4G,NON,TELMA,ENERGIE SOLAIRE + GE,2015,640205,GREENFIELD,null
1262,TELMA_MEN026,BELO_SUR_MER,TELMA,MENABE,MORONDAVA,BELO SUR MER,37.4,-20.73674,44.00242,TRUE,FALSE,TRUE,FALSE,2G et 4G,2G-4G,NON,TOA,ENERGIE SOLAIRE + GE,2015,640503,GREENFIELD,null
1263,TELMA_MEN027,ANTSIRARAKA,TELMA,MENABE,BELO SUR TSIRIBIHINA,TSARAOTANA,37.4,-19.80355,44.84756,TRUE,FALSE,FALSE,FALSE,2G,2G,NON,TOA,ENERGIE SOLAIRE + GE,2015,640113,GREENFIELD,null
1264,TELMA_MEN029,TSASAMPA,TELMA,MENABE,BELO SUR TSIRIBIHINA,ANDIMAKY MANAMBOLO,73.4,-19.333,44.67333,TRUE,FALSE,TRUE,FALSE,2G et 4G,2G-4G,NON,TOA,ENERGIE SOLAIRE + GE,2015,640103,GREENFIELD,null
1265,TELMA_MEN030,BELOTSIRBI_PICOM,TELMA,MENABE,BELO SUR TSIRIBIHINA,BELO SUR TSIRIBIHINA,63.4,-19.61061,44.54211,TRUE,FALSE,FALSE,FALSE,2G,2G,NON,TOA,ENERGIE SOLAIRE + GE,2015,640108,GREENFIELD,null
1266,TELMA_MEN031,BEROBOKA,TELMA,MENABE,BELO SUR TSIRIBIHINA,BEROBOKA,67.4,-19.93003,44.59736,TRUE,FALSE,FALSE,FALSE,2G,2G,NON,TOA,ENERGIE SOLAIRE + GE,2015,640111,GREENFIELD,null
1267,TELMA_MEN033,BEFASY_PICOM,TELMA,MENABE,MORONDAVA,BEFASY,73.4,-20.57683,44.36439,TRUE,FALSE,FALSE,FALSE,2G,2G,NON,TOA,ENERGIE SOLAIRE + GE,2015,640502,GREENFIELD,null
1268,TELMA_MEN035,BERONONO,TELMA,MENABE,MAHABO,BERONONO,67.4,-20.90953,45.04906,TRUE,FALSE,FALSE,FALSE,2G,2G,NON,TOA,ENERGIE SOLAIRE + GE,2015,640207,GREENFIELD,null
1269,TELMA_MEN037,ANOTSIBE,TELMA,MENABE,MANJA,BETSIOKY,78.4,-21.40533,44.50322,TRUE,FALSE,FALSE,FALSE,2G,2G,NON,TOA,ENERGIE SOLAIRE + GE,2015,640307,GREENFIELD,null
1270,TELMA_MEN039,MANJATSIANIHY,TELMA,MENABE,MANJA,ANDRANOPASY,73.4,-21.29336,44.01425,TRUE,FALSE,FALSE,FALSE,2G,2G,NON,TOA,ENERGIE SOLAIRE + GE,2015,640301,GREENFIELD,null
1271,TELMA_MEN040,SOASERANA,TELMA,MENABE,MANJA,SOASERANA,33.4,-21.10267,44.2197,TRUE,FALSE,FALSE,FALSE,2G,2G,NON,TOA,ENERGIE SOLAIRE + GE,2015,640306,GREENFIELD,null
1272,TELMA_MEN041,ANKILIABO,TELMA,MENABE,MANJA,ANKILIABO,59.4,-21.70336,43.88542,TRUE,FALSE,FALSE,FALSE,2G,2G,NON,TOA,ENERGIE SOLAIRE + GE,2015,640302,GREENFIELD,null
1273,TELMA_MEN042,ANKOTROFOTSY,TELMA,MENABE,MIANDRIVAZO,ANKOTROFOTSY,47.4,-19.77945,45.52908,TRUE,TRUE,TRUE,FALSE,2G et 3G et 4G,2G-3G-4G,NON,TOA,ENERGIE SOLAIRE + GE,2019,640405,GREENFIELD,null
1274,TELMA_MEN043,ANKILIABO2,TELMA,MENABE,MAHABO,BEFOTAKA,47.4,-20.28336,44.77128,TRUE,TRUE,TRUE,FALSE,2G et 3G et 4G,2G-3G-4G,NON,TOA,ENERGIE SOLAIRE + GE,2015,640206,GREENFIELD,null
1275,TELMA_MEN044,ANKILIVALO,TELMA,MENABE,MAHABO,ANKILIVALO,37.4,-20.301,44.6362,TRUE,TRUE,TRUE,FALSE,2G et 3G et 4G,2G-3G-4G,NON,TOA,ENERGIE SOLAIRE + GE,2016,640204,GREENFIELD,null
1276,TELMA_MEN045,ANKAVANDRA,TELMA,MENABE,MIANDRIVAZO,ANKAVANDRA,47.4,-18.79418,45.34975,TRUE,FALSE,TRUE,FALSE,2G et 4G,2G-4G,NON,TOA,ENERGIE SOLAIRE + GE,2015,640403,GREENFIELD,null
1277,TELMA_MEN048,MORONDAVASHOP,TELMA,MENABE,MORONDAVA,MORONDAVA,27.4,-20.29277777777778,44.27333333333333,TRUE,TRUE,TRUE,FALSE,2G et 3G et 4G,2G-3G-4G,NON,TOA,JIRAMA + GE,2017,640505,GREENFIELD,null
1278,TELMA_MEN051,NAMONTSATANANA,TELMA,MENABE,MIANDRIVAZO,MIANDRIVAZO,37.4,-19.489055555555556,45.4381944444444,TRUE,TRUE,TRUE,FALSE,2G et 3G et 4G,2G-3G-4G,NON,TOA,ENERGIE SOLAIRE + GE,2017,640414,GREENFIELD,null
1279,TELMA_MEN052,MORONDAVA_ANKISIRASIRA,TELMA,MENABE,MORONDAVA,MORONDAVA,27.4,-20.2999972,44.2922472222222,TRUE,TRUE,TRUE,FALSE,2G et 3G et 4G,2G-3G-4G,NON,TOA,JIRAMA + GE,2018,640505,GREENFIELD,null
1280,TELMA_MEN054,MASOARIVO2,TELMA,MENABE,BELO SUR TSIRIBIHINA,MASOARIVO,57.4,-19.648252777777778,44.76345,TRUE,TRUE,FALSE,FALSE,2G et 3G,2G-3G,NON,TOA,ENERGIE SOLAIRE + GE,2018,640112,GREENFIELD,null
1281,TELMA_MEN055,MARERANO,TELMA,MENABE,MAHABO,MANDABE,79.4,-21.18369,44.75992,TRUE,FALSE,FALSE,FALSE,2G,2G,NON,TOA,ENERGIE SOLAIRE + GE,2015,640210,GREENFIELD,null
1282,TELMA_MEN056,DABOLAVA,TELMA,MENABE,MIANDRIVAZO,DABOLAVA,37.4,-19.57631,45.69097,TRUE,TRUE,TRUE,FALSE,2G et 3G et 4G,2G-3G-4G,NON,TOA,ENERGIE SOLAIRE,2015,640409,GREENFIELD,null
1283,TELMA_MEN058,TSIMAZAVA,TELMA,MENABE,MAHABO,TSIMAZAVA,47.4,-20.733578,45.735586,TRUE,TRUE,TRUE,FALSE,2G et 3G et 4G,2G-3G-4G,NON,TOA,ENERGIE SOLAIRE + GE,2020,640211,GREENFIELD,null
1284,TELMA_MEN060,ANKALALOBE,TELMA,MENABE,BELO SUR TSIRIBIHINA,ANKALALOBE,37.4,-19.639325,44.952546,TRUE,FALSE,FALSE,FALSE,2G,2G,NON,TOA,ENERGIE SOLAIRE + GE,2020,640104,GREENFIELD,null
1285,TELMA_MEN061,ANDRANOMANDEHA,TELMA,MENABE,BELO SUR TSIRIBIHINA,TSIMAFANA,37.4,-19.794433,44.769517,TRUE,FALSE,FALSE,FALSE,2G,2G,NON,TOA,ENERGIE SOLAIRE + GE,2019,640114,GREENFIELD,null
1286,TELMA_MEN062,BELO_DENSIF 1,TELMA,MENABE,BELO SUR TSIRIBIHINA,BELO SUR TSIRIBIHINA,27.4,-19.696509,44.546737,TRUE,FALSE,FALSE,FALSE,2G,2G,NON,TOA,CHARGE DÉCHARGE,2020,640108,GREENFIELD,null
1287,TELMA_MEN063,BELO_DENSIF 2,TELMA,MENABE,BELO SUR TSIRIBIHINA,BELO SUR TSIRIBIHINA,27.4,-19.70308,44.54961,TRUE,TRUE,TRUE,FALSE,2G et 3G et 4G,2G-3G-4G,NON,TOA,CHARGE DÉCHARGE + JIRAMA,2020,640108,GREENFIELD,null
1288,TELMA_MEN064,SOALOKA,TELMA,MENABE,MIANDRIVAZO,SOALOKA,37.4,-18.5097,45.27912778,TRUE,FALSE,TRUE,FALSE,2G et 4G,2G-4G,NON,TOA,ENERGIE SOLAIRE + GE,2020,640415,GREENFIELD,null
1289,TELMA_MEN065,BEMANONGA,TELMA,MENABE,MORONDAVA,MORONDAVA,37.4,-20.289096,44.325532,TRUE,TRUE,TRUE,FALSE,2G et 3G et 4G,2G-3G-4G,NON,TOA,CHARGE DÉCHARGE,2020,640505,GREENFIELD,null
1290,TELMA_MEN067,MAROFOTOTRA,TELMA,MENABE,MORONDAVA,BEMANONGA,37.4,-20.301797,44.398918,TRUE,TRUE,TRUE,FALSE,2G et 3G et 4G,2G-3G-4G,NON,TOA,ENERGIE SOLAIRE + GE,2021,640504,GREENFIELD,null
1291,TELMA_MEN068,MIANDRIVAZO2,TELMA,MENABE,MIANDRIVAZO,MIANDRIVAZO,37.4,-19.527576,45.461696,TRUE,TRUE,TRUE,FALSE,2G et 3G et 4G,2G-3G-4G,NON,TOA,CHARGE DÉCHARGE,2021,640414,GREENFIELD,null
1292,TELMA_MEN069,ANKILIMIDA,TELMA,MENABE,MAHABO,AMPANIHY,37.4,-20.36783,44.726023,TRUE,TRUE,TRUE,FALSE,2G et 3G et 4G,2G-3G-4G,NON,TOA,ENERGIE SOLAIRE + GE,2021,640202,GREENFIELD,null
1293,TELMA_MEN070,MARERANO CR,TELMA,ATSIMO ANDREFANA,BEROROHA,MARERANO,37.4,-21.376544,44.860434,TRUE,FALSE,TRUE,FALSE,2G et 4G,2G-4G,NON,TOA,ENERGIE SOLAIRE + GE,2021,630406,GREENFIELD,null
1294,TELMA_MEN071,ANDRANOPASY,TELMA,MENABE,MANJA,ANDRANOPASY,37.4,-21.2849611,43.7632806,TRUE,FALSE,FALSE,FALSE,2G,2G,NON,TOA,ENERGIE SOLAIRE + GE,2022,640301,GREENFIELD,null
1295,TELMA_MEN072,MORONDAVA_ANDABATOARA,TELMA,MENABE,MORONDAVA,MORONDAVA,27.4,-20.296424,44.281108,TRUE,TRUE,TRUE,FALSE,2G et 3G et 4G,2G-3G-4G,NON,TOA,CHARGE DÉCHARGE,2022,640505,GREENFIELD,null
1296,TELMA_MEN074,BEZEZIKA,TELMA,MENABE,MAHABO,BEZEZIKA,37.4,-20.350208,44.612181,TRUE,TRUE,TRUE,FALSE,2G et 3G et 4G,2G-3G-4G,NON,TOA,ENERGIE SOLAIRE + GE,2022,640212,GREENFIELD,null
1297,TELMA_MEN076,ANKIROROKY,TELMA,MENABE,BELO SUR TSIRIBIHINA,ANKOROROKY,9.4,-19.788333333333334,45.10138888888889,TRUE,FALSE,TRUE,FALSE,2G et 4G,2G-4G,NON,TOA,ENERGIE SOLAIRE,2023,640105,GREENFIELD,null
1298,TELMA_MEN077,ANDRANOMADIO_OMNI,TELMA,MENABE,MAHABO,ANKILIZATO,9.4,-20.299407,45.094192,TRUE,FALSE,TRUE,FALSE,2G et 4G,2G-4G,NON,TOA,ENERGIE SOLAIRE,2023,640205,GREENFIELD,null
1299,TELMA_MEN078,TSASAMPA2,TELMA,MENABE,BELO SUR TSIRIBIHINA,ANDIMAKY MANAMBOLO,37.4,-19.25349,44.709759,TRUE,TRUE,TRUE,FALSE,2G et 3G et 4G,2G-3G-4G,NON,TOA,ENERGIE SOLAIRE + GE,2023,640103,GREENFIELD,null
1300,TELMA_SAV001,ANDAPA,TELMA,SAVA,ANDAPA,ANDAPA,12.4,-14.66361,49.64503,TRUE,TRUE,TRUE,FALSE,2G et 3G et 4G,2G-3G-4G,NON,TELMA,JIRAMA + GE,2003,220104,GREENFIELD,null
1301,TELMA_SAV002,ANTALAHAMETEO,TELMA,SAVA,ANTALAHA,ANTALAHA,37.4,-14.9085,50.27467,TRUE,TRUE,TRUE,FALSE,2G et 3G et 4G,2G-3G-4G,NON,TOA,CHARGE DÉCHARGE + JIRAMA,2007,220208,GREENFIELD,null
1302,TELMA_SAV003,SAMBAVA_TELMA,TELMA,SAVA,SAMBAVA,SAMBAVA,37.4,-14.25705,50.15855,TRUE,TRUE,TRUE,FALSE,2G et 3G et 4G,2G-3G-4G,NON,TELMA,SOUS COMPTEUR,2006,220325,GREENFIELD,null
1303,TELMA_SAV004,VOHEMAR,TELMA,SAVA,VOHEMAR,VOHEMAR,15.4,-13.38975,49.99886,TRUE,TRUE,TRUE,FALSE,2G et 3G et 4G,2G-3G-4G,NON,TELMA,JIRAMA + GE,2003,220419,GREENFIELD,null
1304,TELMA_SAV005,AMPANEFENA,TELMA,SAVA,VOHEMAR,AMPANEFENA,27.4,-13.85819,49.94783,TRUE,TRUE,TRUE,FALSE,2G et 3G et 4G,2G-3G-4G,NON,TELMA,JIRAMA + GE,2008,220404,GREENFIELD,null
1305,TELMA_SAV006,ANTALAHAMONDE,TELMA,SAVA,ANTALAHA,ANTALAHA,49.9,-14.87717,50.26231,TRUE,TRUE,TRUE,FALSE,2G et 3G et 4G,2G-3G-4G,NON,TELMA,JIRAMA + GE,2009,220208,GREENFIELD,null
1306,TELMA_SAV007,SAMBAV_MICRONDE,TELMA,SAVA,SAMBAVA,SAMBAVA,37.4,-14.28647,50.15875,TRUE,TRUE,TRUE,FALSE,2G et 3G et 4G,2G-3G-4G,NON,TELMA,JIRAMA + GE,2008,220325,GREENFIELD,null
1307,TELMA_SAV012,VOHEMAR_CENTRE,TELMA,SAVA,VOHEMAR,VOHEMAR,17.4,-13.35733,50.00875,TRUE,TRUE,TRUE,FALSE,2G et 3G et 4G,2G-3G-4G,NON,TELMA,JIRAMA + GE,2013,220419,ROOFTOP,null
1308,TELMA_SAV013,ANTSIRABE_NORD,TELMA,SAVA,VOHEMAR,ANTSIRABE NORD,37.4,-13.95278,49.95528,TRUE,TRUE,TRUE,FALSE,2G et 3G et 4G,2G-3G-4G,NON,TELMA,SOLDIÈSE,2011,220410,GREENFIELD,null
1309,TELMA_SAV015,CAP EST,TELMA,SAVA,ANTALAHA,AMBOHITRALANANA,27.4,-15.25429,50.45408,TRUE,TRUE,TRUE,FALSE,2G et 3G et 4G,2G-3G-4G,NON,TELMA,ENERGIE SOLAIRE + GE,2014,220203,GREENFIELD,null
1310,TELMA_SAV016,AMBOANGIBE,TELMA,SAVA,SAMBAVA,AMBOANGIBE,27.4,-14.17527,49.80722,TRUE,TRUE,TRUE,FALSE,2G et 3G et 4G,2G-3G-4G,NON,TELMA,SOLDIÈSE,2011,220302,GREENFIELD,null
1311,TELMA_SAV027,AMBODIANGEZOKA,TELMA,SAVA,ANDAPA,AMBODIANGEZOKA,37.4,-14.58154794,49.51733166,TRUE,TRUE,TRUE,FALSE,2G et 3G et 4G,2G-3G-4G,NON,TOA,SOLDIÈSE,2013,220102,GREENFIELD,null
1312,TELMA_SAV031,AMBINANIFAHO,TELMA,SAVA,ANTALAHA,LANJARIVO,37.4,-14.63464,50.10511,TRUE,TRUE,TRUE,FALSE,2G et 3G et 4G,2G-3G-4G,NON,TOA,ENERGIE SOLAIRE + GE,2013,220213,GREENFIELD,null
1313,TELMA_SAV032,ANJIALAVA,TELMA,SAVA,SAMBAVA,ANTINDRA,37.4,-14.08711,49.7513,TRUE,TRUE,TRUE,FALSE,2G et 3G et 4G,2G-3G-4G,NON,TELMA,ENERGIE SOLAIRE + GE,2014,220314,GREENFIELD,null
1314,TELMA_SAV033,AMBALAMANASY,TELMA,SAVA,ANDAPA,AMBALAMANASY II,37.4,-14.54562,49.55426,TRUE,TRUE,TRUE,FALSE,2G et 3G et 4G,2G-3G-4G,NON,TOA,SOLDIÈSE,2014,220101,GREENFIELD,null
1315,TELMA_SAV034,AMPAHANA,TELMA,SAVA,ANTALAHA,AMPAHANA,37.4,-14.77592,50.22625,TRUE,TRUE,TRUE,FALSE,2G et 3G et 4G,2G-3G-4G,NON,TOA,SOLDIÈSE,2014,220204,GREENFIELD,null
1316,TELMA_SAV035,ANTOMBANA,TELMA,SAVA,ANTALAHA,ANTOMBANA,37.4,-15.00264,50.15714,TRUE,TRUE,TRUE,FALSE,2G et 3G et 4G,2G-3G-4G,NON,TOA,ENERGIE SOLAIRE + GE,2014,220210,GREENFIELD,null
1317,TELMA_SAV036,DOANY,TELMA,SAVA,ANDAPA,DOANY,47.4,-14.39807144,49.49882646,TRUE,TRUE,TRUE,FALSE,2G et 3G et 4G,2G-3G-4G,NON,TOA,SOLDIÈSE,2014,220115,GREENFIELD,null
1318,TELMA_SAV037,FANAMBANA,TELMA,SAVA,VOHEMAR,FANAMBANA,57.4,-13.583464,49.987335,TRUE,FALSE,TRUE,FALSE,2G et 4G,2G-4G,NON,TOA,ENERGIE SOLAIRE + GE,2013,220414,GREENFIELD,null
1319,TELMA_SAV038,FARAHALANA,TELMA,SAVA,SAMBAVA,FARAHALANA,37.6,-14.42261,50.15778,TRUE,TRUE,TRUE,FALSE,2G et 3G et 4G,2G-3G-4G,NON,TELMA,SOLDIÈSE,2013,220319,GREENFIELD,null
1320,TELMA_SAV039,LANJARIVO,TELMA,SAVA,ANTALAHA,LANJARIVO,47.4,-14.59564,50.03856,TRUE,TRUE,TRUE,FALSE,2G et 3G et 4G,2G-3G-4G,NON,TOA,SOLDIÈSE,2014,220213,GREENFIELD,null
1321,TELMA_SAV040,MAROAMBIHY,TELMA,SAVA,SAMBAVA,AMBODIAMPANA,47.4,-14.52128,49.861,TRUE,TRUE,TRUE,FALSE,2G et 3G et 4G,2G-3G-4G,NON,TOA,ENERGIE SOLAIRE + GE,2014,220303,GREENFIELD,null
1322,TELMA_SAV041,MAROJALA,TELMA,SAVA,SAMBAVA,MAROJALA,37.4,-14.46317,50.04969,TRUE,TRUE,TRUE,FALSE,2G et 3G et 4G,2G-3G-4G,NON,TOA,SOLDIÈSE,2014,220322,GREENFIELD,null
1323,TELMA_SAV042,MILANOA,TELMA,SAVA,VOHEMAR,MILANOA,37.4,-13.57433,49.80583,TRUE,TRUE,TRUE,FALSE,2G et 3G et 4G,2G-3G-4G,NON,TOA,ENERGIE SOLAIRE + GE,2014,220416,GREENFIELD,null
1324,TELMA_SAV043,TANAMBAO DAOUD,TELMA,SAVA,SAMBAVA,TANAMBAO DAOUD,37.4,-13.99622,50.11944,TRUE,TRUE,TRUE,FALSE,2G et 3G et 4G,2G-3G-4G,NON,TOA,SOLDIÈSE,2014,220326,GREENFIELD,null
1325,TELMA_SAV047,ANDRAKATA,TELMA,SAVA,ANDAPA,ANDRAKATA,37.4,-14.61208,49.72883,TRUE,TRUE,TRUE,FALSE,2G et 3G et 4G,2G-3G-4G,NON,TELMA,SOLDIÈSE,2014,220105,GREENFIELD,null
1326,TELMA_SAV048,ANDRAFAINKONA,TELMA,SAVA,VOHEMAR,ANDRAFAINKONA,37.4,-13.730246,49.494644,TRUE,TRUE,TRUE,FALSE,2G et 3G et 4G,2G-3G-4G,NON,TOA,ENERGIE SOLAIRE + GE,2014,220407,GREENFIELD,null
1327,TELMA_SAV049,BELAMBO,TELMA,SAVA,VOHEMAR,BELAMBO,37.4,-14.00539,49.8595,TRUE,TRUE,TRUE,FALSE,2G et 3G et 4G,2G-3G-4G,NON,TOA,SOLDIÈSE,2014,220411,GREENFIELD,null
1328,TELMA_SAV050,ANJAVIBE,TELMA,SAVA,VOHEMAR,AMBALASATRANA,37.4,-13.66103,49.69258,TRUE,TRUE,TRUE,FALSE,2G et 3G et 4G,2G-3G-4G,NON,TOA,ENERGIE SOLAIRE + GE,2014,220401,GREENFIELD,null
1329,TELMA_SAV051,ANDRAVORY,TELMA,SAVA,VOHEMAR,AMBINANIN ' ANDRAVORY,37.4,-13.75519,49.72936,TRUE,TRUE,TRUE,FALSE,2G et 3G et 4G,2G-3G-4G,NON,TELMA,SOLDIÈSE,2014,220402,GREENFIELD,null
1330,TELMA_SAV052,ANTANAMANDRIRY,TELMA,SAVA,VOHEMAR,TSARABARIA,37.4,-13.76069,49.86242,TRUE,TRUE,TRUE,FALSE,2G et 3G et 4G,2G-3G-4G,NON,TOA,ENERGIE SOLAIRE + GE,2014,220418,GREENFIELD,null
1331,TELMA_SAV053,TSARABARIA,TELMA,SAVA,VOHEMAR,TSARABARIA,37.4,-13.7703089,49.944298,TRUE,TRUE,TRUE,FALSE,2G et 3G et 4G,2G-3G-4G,NON,TELMA,SOLDIÈSE,2014,220418,GREENFIELD,null
1332,TELMA_SAV054,MANAKANA,TELMA,SAVA,VOHEMAR,TSARABARIA,37.4,-13.759559,50.053822,TRUE,TRUE,TRUE,FALSE,2G et 3G et 4G,2G-3G-4G,NON,TOA,SOLDIÈSE,2014,220418,GREENFIELD,null
1333,TELMA_SAV055,ANTSAHAVARIBE,TELMA,SAVA,VOHEMAR,AMBODISAMBALAHY,37.4,-13.84919,49.87506,TRUE,TRUE,FALSE,FALSE,2G et 3G,2G-3G,NON,TOA,ENERGIE SOLAIRE + GE,2014,220409,GREENFIELD,null
1334,TELMA_SAV056,ANTSAHANORO,TELMA,SAVA,ANTALAHA,ANTANANAMBO,37.4,-14.85347,50.16783,TRUE,TRUE,TRUE,FALSE,2G et 3G et 4G,2G-3G-4G,NON,TOA,SOLDIÈSE,2014,220209,GREENFIELD,null
1335,TELMA_SAV057,ANTSAMBALAHY,TELMA,SAVA,ANTALAHA,ANTSAMBALAHY,37.4,-14.76528,49.94847,TRUE,TRUE,TRUE,FALSE,2G et 3G et 4G,2G-3G-4G,NON,TOA,ENERGIE SOLAIRE + GE,2015,220212,GREENFIELD,null
1336,TELMA_SAV058,MAROFINARITRA SAVA,TELMA,SAVA,ANTALAHA,MAROFINARITRA,37.4,-15.02695,50.12538,TRUE,TRUE,TRUE,FALSE,2G et 3G et 4G,2G-3G-4G,NON,TOA,ENERGIE SOLAIRE + GE,2014,220214,GREENFIELD,null
1337,TELMA_SAV059,ANTSAHALALINA,TELMA,SAVA,SAMBAVA,ANJINJAOMBY,37.4,-14.29272,50.00378,TRUE,TRUE,TRUE,FALSE,2G et 3G et 4G,2G-3G-4G,NON,TOA,ENERGIE SOLAIRE + GE,2014,220313,GREENFIELD,null
1338,TELMA_SAV060,ANDRATAMARINA,TELMA,SAVA,SAMBAVA,ANDRATAMARINA,37.4,-14.35742,49.91489,TRUE,TRUE,TRUE,FALSE,2G et 3G et 4G,2G-3G-4G,NON,TOA,ENERGIE SOLAIRE + GE,2014,220309,GREENFIELD,null
1339,TELMA_SAV061,DARAINA,TELMA,SAVA,VOHEMAR,DARAINA,37.4,-13.20306,49.69028,TRUE,TRUE,TRUE,FALSE,2G et 3G et 4G,2G-3G-4G,NON,TELMA,ENERGIE SOLAIRE + GE,2015,220413,GREENFIELD,null
1340,TELMA_SAV064,AMBODIBARO,TELMA,SAVA,ANTALAHA,AMPOHIBE,37.4,-15.07044,50.24758,TRUE,TRUE,TRUE,FALSE,2G et 3G et 4G,2G-3G-4G,NON,TOA,ENERGIE SOLAIRE + GE,2016,220206,GREENFIELD,null
1341,TELMA_SAV065,BEMANEVIKA_SAVA,TELMA,SAVA,SAMBAVA,BEMANEVIKA,47.4,-14.10131,50.12703,TRUE,TRUE,TRUE,FALSE,2G et 3G et 4G,2G-3G-4G,NON,TOA,SOLDIÈSE,2016,220317,GREENFIELD,null
1342,TELMA_SAV066,SARAHANDRANO,TELMA,SAVA,ANTALAHA,SARAHANDRANO,37.4,-14.85292,50.02183,TRUE,TRUE,TRUE,FALSE,2G et 3G et 4G,2G-3G-4G,NON,TOA,SOLDIÈSE,2016,220215,GREENFIELD,null
1343,TELMA_SAV067,NOSIARINA,TELMA,SAVA,SAMBAVA,ANJANGOVERATRA,37.4,-14.185423,50.039235,TRUE,TRUE,TRUE,FALSE,2G et 3G et 4G,2G-3G-4G,NON,TOA,SOLDIÈSE,2016,220311,GREENFIELD,null
1344,TELMA_SAV068,ATLH_AMBONDRONA,TELMA,SAVA,ANTALAHA,ANTALAHA,37.4,-14.89691,50.27409,TRUE,TRUE,TRUE,FALSE,2G et 3G et 4G,2G-3G-4G,NON,TOA,JIRAMA + GE,2016,220208,GREENFIELD,null
1345,TELMA_SAV069,ATLH_MAHERIFODY,TELMA,SAVA,ANTALAHA,ANTALAHA,37.4,-14.91425,50.28806,TRUE,TRUE,TRUE,FALSE,2G et 3G et 4G,2G-3G-4G,NON,TOA,JIRAMA + GE,2016,220208,GREENFIELD,null
1346,TELMA_SAV070,SMBV_AMBODISATRANA,TELMA,SAVA,SAMBAVA,SAMBAVA,27.4,-14.27199,50.16742,TRUE,TRUE,TRUE,FALSE,2G et 3G et 4G,2G-3G-4G,NON,TOA,JIRAMA + GE,2016,220325,GREENFIELD,null
1347,TELMA_SAV071,SMBV_BESOPAKA,TELMA,SAVA,SAMBAVA,SAMBAVA,37.4,-14.26639,50.1348,TRUE,TRUE,TRUE,FALSE,2G et 3G et 4G,2G-3G-4G,NON,TOA,JIRAMA + GE,2016,220325,GREENFIELD,null
1348,TELMA_SAV072,SMBV_AMPIHAVOANA,TELMA,SAVA,SAMBAVA,SAMBAVA,47.4,-14.27256,50.10041,TRUE,TRUE,TRUE,FALSE,2G et 3G et 4G,2G-3G-4G,NON,TOA,SOLDIÈSE,2016,220325,GREENFIELD,null
1349,TELMA_SAV073,SMBV_ANTSIRABE,TELMA,SAVA,SAMBAVA,SAMBAVA,37.4,-14.263694444444445,50.14663888888889,TRUE,TRUE,TRUE,FALSE,2G et 3G et 4G,2G-3G-4G,NON,TOA,JIRAMA + GE,2016,220325,GREENFIELD,null
1350,TELMA_SAV075,ANOVIARA,TELMA,SAVA,ANDAPA,ANOVIARA,37.4,-14.75913888888889,49.785561,TRUE,TRUE,TRUE,FALSE,2G et 3G et 4G,2G-3G-4G,NON,TOA,ENERGIE SOLAIRE + GE,2016,220109,GREENFIELD,null
1351,TELMA_SAV076,AMPANAOVANA,TELMA,SAVA,ANTALAHA,AMPANAVOANA,47.4,-15.670777777777777,50.35947222222222,TRUE,FALSE,TRUE,FALSE,2G et 4G,2G-4G,NON,TOA,ENERGIE SOLAIRE,2016,220205,GREENFIELD,null
1352,TELMA_SAV077,AMBATOAFO,TELMA,SAVA,SAMBAVA,AMBOANGIBE,37.4,-14.14863888888889,49.705333333333336,TRUE,TRUE,TRUE,FALSE,2G et 3G et 4G,2G-3G-4G,NON,TOA,ENERGIE SOLAIRE + GE,2016,220302,GREENFIELD,null
1353,TELMA_SAV081,MORAFENO SAVA,TELMA,SAVA,SAMBAVA,MORAFENO,37.4,-14.363527777777778,50.066944444444445,TRUE,TRUE,TRUE,FALSE,2G et 3G et 4G,2G-3G-4G,NON,TOA,ENERGIE SOLAIRE,2016,220323,GREENFIELD,null
1354,TELMA_SAV083,ANTANAMBAO_SAVA,TELMA,SAVA,ANTALAHA,AMBALABE,37.4,-15.14775,50.38344444444444,TRUE,TRUE,TRUE,FALSE,2G et 3G et 4G,2G-3G-4G,NON,TOA,SOLDIÈSE,2016,220201,GREENFIELD,null
1355,TELMA_SAV085,MAROMOKOTRA_LOKY,TELMA,SAVA,VOHEMAR,MAROMOKOTRA LOKY,37.4,-13.028277777777777,49.481138888888886,TRUE,TRUE,TRUE,FALSE,2G et 3G et 4G,2G-3G-4G,NON,TOA,ENERGIE SOLAIRE,2017,220415,GREENFIELD,null
1356,TELMA_SAV087,AMBANJAHILATRA,TELMA,SAVA,SAMBAVA,BEVONOTRA,37.4,-14.087527777777778,49.56263888888889,TRUE,TRUE,TRUE,FALSE,2G et 3G et 4G,2G-3G-4G,NON,TOA,SOLDIÈSE,2017,220318,GREENFIELD,null
1357,TELMA_SAV090,BEALAMPONA,TELMA,SAVA,ANDAPA,BEALAMPONA,37.4,-14.646888888888888,49.574777777777776,TRUE,TRUE,TRUE,FALSE,2G et 3G et 4G,2G-3G-4G,NON,TOA,ENERGIE SOLAIRE + GE,2016,220111,GREENFIELD,null
1358,TELMA_SAV091,AMBOAHANGIBE-2,TELMA,SAVA,SAMBAVA,AMBOANGIBE,37.4,-14.13979,49.80057,TRUE,TRUE,TRUE,FALSE,2G et 3G et 4G,2G-3G-4G,NON,TOA,CHARGE DÉCHARGE + JIRAMA,2018,220302,GREENFIELD,null
1359,TELMA_SAV092,AMBODIVOARA,TELMA,SAVA,SAMBAVA,AMBODIVOARA,37.4,-14.379555555555555,49.97811111111111,TRUE,TRUE,TRUE,FALSE,2G et 3G et 4G,2G-3G-4G,NON,TOA,ENERGIE SOLAIRE + GE,2017,220304,GREENFIELD,null
1360,TELMA_SAV093,AMPANEFENA2,TELMA,SAVA,VOHEMAR,AMPANEFENA,37.4,-13.870277777777778,49.93225,TRUE,TRUE,TRUE,FALSE,2G et 3G et 4G,2G-3G-4G,NON,TOA,CHARGE DÉCHARGE,2018,220404,GREENFIELD,null
1361,TELMA_SAV094,MAHERIVARATRA ANDAPA,TELMA,SAVA,ANDAPA,TANANDAVA,37.4,-14.709722222222222,49.62833333333333,TRUE,TRUE,TRUE,FALSE,2G et 3G et 4G,2G-3G-4G,NON,TOA,ENERGIE SOLAIRE + GE,2018,220118,GREENFIELD,null
1362,TELMA_SAV095,ANDAPABE,TELMA,SAVA,SAMBAVA,ANDREMBONA,37.4,-14.219527777777778,49.703944444444446,TRUE,TRUE,TRUE,FALSE,2G et 3G et 4G,2G-3G-4G,NON,TOA,ENERGIE SOLAIRE + GE,2018,220310,GREENFIELD,null
1363,TELMA_SAV096,ANDRAFAINKONA2,TELMA,SAVA,VOHEMAR,AMBORIALA,37.4,-13.834694444444445,49.46933333333333,TRUE,TRUE,TRUE,FALSE,2G et 3G et 4G,2G-3G-4G,NON,TOA,ENERGIE SOLAIRE + GE,2018,220403,GREENFIELD,null
1364,TELMA_SAV097,ANDRAHANJO,TELMA,SAVA,SAMBAVA,ANDRAHANJO,37.4,-14.295666666666667,49.772888888888886,TRUE,TRUE,TRUE,FALSE,2G et 3G et 4G,2G-3G-4G,NON,TOA,ENERGIE SOLAIRE + GE,2018,220308,GREENFIELD,null
1365,TELMA_SAV098,ANJIALAVABE,TELMA,SAVA,ANDAPA,ANJIALAVABE,37.4,-14.224833333333333,49.528888888888886,TRUE,TRUE,TRUE,FALSE,2G et 3G et 4G,2G-3G-4G,NON,TOA,ENERGIE SOLAIRE + GE,2018,220107,GREENFIELD,null
1366,TELMA_SAV099,ANTSAHAVARIBE,TELMA,SAVA,SAMBAVA,ANTSAHAVARIBE,37.4,-14.01388888888889,49.6515,TRUE,TRUE,TRUE,FALSE,2G et 3G et 4G,2G-3G-4G,NON,TOA,SOLDIÈSE,2018,220315,GREENFIELD,null
1367,TELMA_SAV100,BEFANDONA,TELMA,SAVA,SAMBAVA,BEVONOTRA,37.4,-14.065055555555556,49.36705555555555,TRUE,TRUE,TRUE,FALSE,2G et 3G et 4G,2G-3G-4G,NON,TOA,ENERGIE SOLAIRE + GE,2018,220318,GREENFIELD,null
1368,TELMA_SAV101,BOBAKINDRO,TELMA,SAVA,VOHEMAR,BOBAKINDRO,37.4,-13.45785,49.71590277777778,TRUE,TRUE,TRUE,FALSE,2G et 3G et 4G,2G-3G-4G,NON,TOA,SOLDIÈSE,2018,220412,GREENFIELD,null
1369,TELMA_SAV102,MANANKAMBAHINY ANKAVIA,TELMA,SAVA,ANTALAHA,AMBOHITRALANANA,37.4,-15.244361111111111,50.08858333333333,TRUE,TRUE,TRUE,FALSE,2G et 3G et 4G,2G-3G-4G,NON,TOA,ENERGIE SOLAIRE + GE,2018,220203,GREENFIELD,null
1370,TELMA_SAV103,MARONJOLAVA-2,TELMA,SAVA,VOHEMAR,NOSIBE,37.4,-13.21872,49.7635,TRUE,TRUE,TRUE,FALSE,2G et 3G et 4G,2G-3G-4G,NON,TOA,ENERGIE SOLAIRE + GE,2018,220417,GREENFIELD,null
1371,TELMA_SAV108,MIAVANA,TELMA,SAVA,VOHEMAR,AMPISIKINANA,47.4,-12.87459,49.78761,TRUE,TRUE,TRUE,FALSE,2G et 3G et 4G,2G-3G-4G,NON,TOA,ENERGIE SOLAIRE + GE,2018,220405,GREENFIELD,null
1372,TELMA_SAV110,ANTSAHAMENA,TELMA,SAVA,ANDAPA,ANTSAHAMENA,37.4,-14.966666666666667,49.75972222222222,TRUE,FALSE,TRUE,FALSE,2G et 4G,2G-4G,NON,TOA,ENERGIE SOLAIRE + GE,2019,220110,GREENFIELD,null
1373,TELMA_SAV112,BELALONA2,TELMA,SAVA,SAMBAVA,ANTSAMBAHARO,37.4,-14.489722222222222,49.941944444444445,TRUE,TRUE,TRUE,FALSE,2G et 3G et 4G,2G-3G-4G,NON,TOA,ENERGIE SOLAIRE + GE,2019,220316,GREENFIELD,null
1374,TELMA_SAV113,ANDILANDRANO,TELMA,SAVA,ANDAPA,AMBODIMANGA I,37.4,-14.7775,49.566944444444445,TRUE,TRUE,TRUE,FALSE,2G et 3G et 4G,2G-3G-4G,NON,TOA,ENERGIE SOLAIRE + GE,2019,220103,GREENFIELD,null
1375,TELMA_SAV116,BEFINGOTRA,TELMA,SAVA,ANDAPA,BEALAMPONA,37.4,-14.6883805555556,49.5066666666667,TRUE,TRUE,TRUE,FALSE,2G et 3G et 4G,2G-3G-4G,NON,TOA,ENERGIE SOLAIRE + GE,2020,220111,GREENFIELD,null
1376,TELMA_SAV117,VOHEMAR_DENSIF,TELMA,SAVA,VOHEMAR,VOHEMAR,27.4,-13.3649861111111,49.9980361111111,TRUE,TRUE,TRUE,FALSE,2G et 3G et 4G,2G-3G-4G,NON,TOA,CHARGE DÉCHARGE + JIRAMA,2021,220419,GREENFIELD,null
1377,TELMA_SAV118,ANALOVANA,TELMA,SAVA,VOHEMAR,FANAMBANA,27.4,-13.6829527777778,50.0030055555556,TRUE,TRUE,TRUE,FALSE,2G et 3G et 4G,2G-3G-4G,NON,TOA,ENERGIE SOLAIRE + GE,2019,220414,GREENFIELD,null
1378,TELMA_SAV119,ANDAPA_DENSIF,TELMA,SAVA,ANDAPA,ANDAPA,27.4,-14.6617805555556,49.6515166666667,TRUE,TRUE,TRUE,FALSE,2G et 3G et 4G,2G-3G-4G,NON,TOA,CHARGE DÉCHARGE + JIRAMA,2019,220104,GREENFIELD,null
1379,TELMA_SAV120,SAMBAVA_DENSIF1,TELMA,SAVA,SAMBAVA,SAMBAVA,15.4,-14.2573333333333,50.1504333333333,TRUE,TRUE,TRUE,FALSE,2G et 3G et 4G,2G-3G-4G,NON,TOA,JIRAMA + GE,2023,220325,GREENFIELD,null
1380,TELMA_SAV121,SAMBAVA_DENSIF2,TELMA,SAVA,SAMBAVA,SAMBAVA,27.4,-14.2609305555556,50.1382194444444,TRUE,TRUE,TRUE,FALSE,2G et 3G et 4G,2G-3G-4G,NON,TOA,CHARGE DÉCHARGE + JIRAMA,2020,220325,GREENFIELD,null
1381,TELMA_SAV122,AMBAVALA,TELMA,SAVA,SAMBAVA,ANTSAHAVARIBE,27.4,-13.9887722222222,49.7629027777778,TRUE,TRUE,TRUE,FALSE,2G et 3G et 4G,2G-3G-4G,NON,TOA,ENERGIE SOLAIRE + GE,2019,220315,GREENFIELD,null
1382,TELMA_SAV123,AMBOHITRA,TELMA,SAVA,ANTALAHA,AMBALABE,47.4,-15.1483555555556,50.3013166666667,TRUE,TRUE,TRUE,FALSE,2G et 3G et 4G,2G-3G-4G,NON,TOA,ENERGIE SOLAIRE + GE,2019,220201,GREENFIELD,null
1383,TELMA_SAV124,SAHANJANA,TELMA,SAVA,ANTALAHA,AMBOHITRALANANA,57.4,-15.3457888888889,50.4715944444444,TRUE,TRUE,TRUE,FALSE,2G et 3G et 4G,2G-3G-4G,NON,TOA,ENERGIE SOLAIRE + GE,2020,220203,GREENFIELD,null
1384,TELMA_SAV125,ANALAMAHO,TELMA,SAVA,SAMBAVA,ANALAMAHO,47.4,-14.2202027777778,49.9108333333333,TRUE,TRUE,TRUE,FALSE,2G et 3G et 4G,2G-3G-4G,NON,TOA,ENERGIE SOLAIRE + GE,2019,220307,GREENFIELD,null
1385,TELMA_SAV126,MAROFINARITRA2,TELMA,SAVA,ANTALAHA,MAROFINARITRA,37.4,-15.0806583333333,50.0941722222222,TRUE,TRUE,TRUE,FALSE,2G et 3G et 4G,2G-3G-4G,NON,TOA,ENERGIE SOLAIRE + GE,2019,220214,GREENFIELD,null
1386,TELMA_SAV127,ANTOHOMARO,TELMA,SAVA,VOHEMAR,ANTSIRABE NORD,47.4,-14.0955,50.0047944444444,TRUE,TRUE,TRUE,FALSE,2G et 3G et 4G,2G-3G-4G,NON,TOA,ENERGIE SOLAIRE + GE,2020,220410,GREENFIELD,null
1387,TELMA_SAV128,AMPANAKANA,TELMA,SAVA,SAMBAVA,BEMANEVIKA,27.4,-14.0462888888889,50.1244861111111,TRUE,TRUE,TRUE,FALSE,2G et 3G et 4G,2G-3G-4G,NON,TOA,ENERGIE SOLAIRE + GE,2019,220317,GREENFIELD,null
1388,TELMA_SAV129,AMPIALIVANA,TELMA,SAVA,VOHEMAR,FANAMBANA,37.4,-13.6299472222222,49.897075,TRUE,TRUE,TRUE,FALSE,2G et 3G et 4G,2G-3G-4G,NON,TOA,ENERGIE SOLAIRE + GE,2019,220414,GREENFIELD,null
1389,TELMA_SAV133,AMBOHIPOANA,TELMA,SAVA,SAMBAVA,AMBOANGIBE,37.4,-14.154386,49.830858,TRUE,TRUE,TRUE,FALSE,2G et 3G et 4G,2G-3G-4G,NON,TOA,ENERGIE SOLAIRE + GE,2020,220302,GREENFIELD,null
1390,TELMA_SAV134,AMBOHITSARA,TELMA,SAVA,ANTALAHA,ANTALAHA,37.4,-14.932814,50.240503,TRUE,TRUE,TRUE,FALSE,2G et 3G et 4G,2G-3G-4G,NON,TOA,ENERGIE SOLAIRE + GE,2020,220208,GREENFIELD,null
1391,TELMA_SAV135,AMPANEFENA DENSIF,TELMA,SAVA,VOHEMAR,AMPANEFENA,27.4,-13.868572,49.945861,TRUE,TRUE,TRUE,FALSE,2G et 3G et 4G,2G-3G-4G,NON,TOA,CHARGE DÉCHARGE + JIRAMA,2020,220404,GREENFIELD,null
1392,TELMA_SAV136,ANDRAMPIBE,TELMA,SAVA,ANTALAHA,LANJARIVO,37.4,-14.683102,50.042481,TRUE,TRUE,TRUE,FALSE,2G et 3G et 4G,2G-3G-4G,NON,TOA,ENERGIE SOLAIRE + GE,2020,220213,GREENFIELD,null
1393,TELMA_SAV137,ANJAHANA,TELMA,SAVA,VOHEMAR,AMBINANIN ' ANDRAVORY,37.4,-13.904134,49.738122,TRUE,TRUE,TRUE,FALSE,2G et 3G et 4G,2G-3G-4G,NON,TOA,ENERGIE SOLAIRE + GE,2020,220402,GREENFIELD,null
1394,TELMA_SAV138,ANJALAZALA,TELMA,SAVA,SAMBAVA,TANAMBAO DAOUD,37.4,-13.887633,50.042931,TRUE,TRUE,TRUE,FALSE,2G et 3G et 4G,2G-3G-4G,NON,TOA,ENERGIE SOLAIRE + GE,2020,220326,GREENFIELD,null
1395,TELMA_SAV139,ANJIALAVAHELY,TELMA,SAVA,ANDAPA,DOANY,37.4,-14.31325,49.41511,TRUE,TRUE,TRUE,FALSE,2G et 3G et 4G,2G-3G-4G,NON,TOA,ENERGIE SOLAIRE + GE,2020,220115,GREENFIELD,null
1396,TELMA_SAV140,ANTETEZANITSINA,TELMA,SAVA,ANTALAHA,ANTANANAMBO,37.4,-14.931754,50.119066,TRUE,TRUE,TRUE,FALSE,2G et 3G et 4G,2G-3G-4G,NON,TOA,ENERGIE SOLAIRE + GE,2020,220209,GREENFIELD,null
1397,TELMA_SAV141,ANTSAHAMANARA,TELMA,SAVA,VOHEMAR,AMBODISAMBALAHY,47.4,-13.879533,49.899876,TRUE,TRUE,TRUE,FALSE,2G et 3G et 4G,2G-3G-4G,NON,TOA,ENERGIE SOLAIRE + GE,2020,220409,GREENFIELD,null
1398,TELMA_SAV142,ANTSIRABE NORD 2,TELMA,SAVA,VOHEMAR,AMPANEFENA,37.4,-13.890186,49.950067,TRUE,TRUE,TRUE,FALSE,2G et 3G et 4G,2G-3G-4G,NON,TOA,ENERGIE SOLAIRE + GE,2020,220404,GREENFIELD,null
1399,TELMA_SAV143,BEMANASY,TELMA,SAVA,VOHEMAR,ANTSIRABE NORD,37.4,-13.966482,49.831743,TRUE,TRUE,TRUE,FALSE,2G et 3G et 4G,2G-3G-4G,NON,TOA,ENERGIE SOLAIRE + GE,2020,220410,GREENFIELD,null
1400,TELMA_SAV144,BERAMANJA SAVA,TELMA,SAVA,VOHEMAR,ANDRAVORY,37.4,-13.885652,49.60807,TRUE,FALSE,TRUE,FALSE,2G et 4G,2G-4G,NON,TOA,ENERGIE SOLAIRE + GE,2020,220408,GREENFIELD,null
1401,TELMA_SAV145,FAMPOTABE,TELMA,SAVA,ANTALAHA,VINANIVAO,37.4,-15.952013,50.150132,TRUE,TRUE,TRUE,FALSE,2G et 3G et 4G,2G-3G-4G,NON,TOA,ENERGIE SOLAIRE + GE,2020,220216,GREENFIELD,null
1402,TELMA_SAV146,VINANIVAO,TELMA,SAVA,ANTALAHA,VINANIVAO,37.4,-15.889614,50.252466,TRUE,TRUE,TRUE,FALSE,2G et 3G et 4G,2G-3G-4G,NON,TOA,ENERGIE SOLAIRE + GE,2020,220216,GREENFIELD,null
1403,TELMA_SAV147,VIREMBINA,TELMA,SAVA,ANTALAHA,ANTANANAMBO,37.4,-14.887408,50.056614,TRUE,TRUE,TRUE,FALSE,2G et 3G et 4G,2G-3G-4G,NON,TOA,ENERGIE SOLAIRE + GE,2020,220209,GREENFIELD,null
1404,TELMA_SAV148,AMBATOHARANANA,TELMA,SAVA,ANDAPA,AMBALAMANASY II,37.4,-14.526204,49.587673,TRUE,TRUE,TRUE,FALSE,2G et 3G et 4G,2G-3G-4G,NON,TOA,ENERGIE SOLAIRE + GE,2021,220101,GREENFIELD,null
1405,TELMA_SAV150,ANDRAFAINKONA3,TELMA,SAVA,VOHEMAR,AMBORIALA,37.4,-13.7674,49.468803,TRUE,TRUE,TRUE,FALSE,2G et 3G et 4G,2G-3G-4G,NON,TOA,ENERGIE SOLAIRE + GE,2020,220403,GREENFIELD,null
1406,TELMA_SAV151,ANTALAHA5,TELMA,SAVA,ANTALAHA,ANTALAHA,27.4,-14.92626,50.284383,TRUE,TRUE,TRUE,FALSE,2G et 3G et 4G,2G-3G-4G,NON,TOA,CHARGE DÉCHARGE,2021,220208,GREENFIELD,null
1407,TELMA_SAV152,DOANY2,TELMA,SAVA,ANDAPA,DOANY,37.4,-14.354563,49.505899,TRUE,TRUE,TRUE,FALSE,2G et 3G et 4G,2G-3G-4G,NON,TOA,ENERGIE SOLAIRE + GE,2020,220115,GREENFIELD,null
1408,TELMA_SAV153,BEVONOTRA,TELMA,SAVA,SAMBAVA,ANJIALAVA,37.4,-14.059546,49.62836,TRUE,TRUE,TRUE,FALSE,2G et 3G et 4G,2G-3G-4G,NON,TOA,ENERGIE SOLAIRE + GE,2020,220312,GREENFIELD,null
1409,TELMA_SAV155,ANKITSAKA,TELMA,SAVA,SAMBAVA,MORAFENO,47.4,-14.420413,50.003206,TRUE,TRUE,TRUE,FALSE,2G et 3G et 4G,2G-3G-4G,NON,TOA,ENERGIE SOLAIRE + GE,2021,220323,GREENFIELD,null
1410,TELMA_SAV156,BELAOKO LOKOHO,TELMA,SAVA,ANDAPA,BELAOKA MAROVATO,37.4,-14.547588,49.699197,TRUE,TRUE,TRUE,FALSE,2G et 3G et 4G,2G-3G-4G,NON,TOA,ENERGIE SOLAIRE + GE,2021,220113,GREENFIELD,null
1411,TELMA_SAV157,AMBODISATRANA SAV,TELMA,SAVA,VOHEMAR,MILANOA,37.4,-13.557765,49.707541,TRUE,TRUE,TRUE,FALSE,2G et 3G et 4G,2G-3G-4G,NON,TOA,ENERGIE SOLAIRE + GE,2021,220416,GREENFIELD,null
1412,TELMA_SAV158,ANDRAPENGY,TELMA,SAVA,ANTALAHA,AMPAHANA,37.4,-14.683905,50.18383,TRUE,TRUE,TRUE,FALSE,2G et 3G et 4G,2G-3G-4G,NON,TOA,ENERGIE SOLAIRE + GE,2021,220204,GREENFIELD,null
1413,TELMA_SAV159,ANTANETILAVA,TELMA,SAVA,SAMBAVA,AMBODIVOARA,37.4,-14.43197,49.900879,TRUE,TRUE,TRUE,FALSE,2G et 3G et 4G,2G-3G-4G,NON,TOA,ENERGIE SOLAIRE + GE,2021,220304,GREENFIELD,null
1414,TELMA_SAV160,ANTSIRABATO,TELMA,SAVA,ANTALAHA,AMPOHIBE,37.4,-14.996702,50.297537,TRUE,TRUE,TRUE,FALSE,2G et 3G et 4G,2G-3G-4G,NON,TOA,ENERGIE SOLAIRE + GE,2021,220206,GREENFIELD,null
1415,TELMA_SAV162,ANTINGANA,TELMA,SAVA,VOHEMAR,NOSIBE,37.4,-13.074627,49.824337,TRUE,TRUE,TRUE,FALSE,2G et 3G et 4G,2G-3G-4G,NON,TOA,ENERGIE SOLAIRE + GE,2022,220417,GREENFIELD,null
1416,TELMA_SAV163,ANKORAKABE,TELMA,SAVA,SAMBAVA,BEMANEVIKA,37.4,-14.1067194,50.0669278,TRUE,TRUE,TRUE,FALSE,2G et 3G et 4G,2G-3G-4G,NON,TOA,ENERGIE SOLAIRE + GE,2021,220317,GREENFIELD,null
1417,TELMA_SAV164,ANTONGOPAHITRA,TELMA,SAVA,SAMBAVA,BEMANEVIKA,37.4,-14.168338,50.114414,TRUE,TRUE,TRUE,FALSE,2G et 3G et 4G,2G-3G-4G,NON,TOA,ENERGIE SOLAIRE + GE,2023,220317,GREENFIELD,null
1418,TELMA_SAV167,ANDOMBOKA_OMNI,TELMA,SAVA,VOHEMAR,ANDRAFAINKONA,9.4,-13.684895,49.586762,TRUE,FALSE,TRUE,FALSE,2G et 4G,2G-4G,NON,TOA,ENERGIE SOLAIRE,2023,220407,GREENFIELD,null
1419,TELMA_SAV168,SARAHANDRANO_OMNI,TELMA,SAVA,VOHEMAR,ANTSIRABE NORD,9.4,-14.069886,49.918561,TRUE,FALSE,TRUE,FALSE,2G et 4G,2G-4G,NON,TOA,ENERGIE SOLAIRE,2023,220410,GREENFIELD,null
1420,TELMA_SAV171,ANDAMPY,TELMA,SAVA,ANTALAHA,ANDAMPY,12.0,-14.90981,49.946583,TRUE,TRUE,FALSE,FALSE,2G et 3G,2G-3G,NON,TOA,ENERGIE SOLAIRE + GE,2023,220207,GREENFIELD,null
1421,TELMA_SOF001,ANTSOHIHY,TELMA,SOFIA,ANTSOHIHY,ANTSOHIHY,47.4,-14.87681,47.98586,TRUE,TRUE,TRUE,FALSE,2G et 3G et 4G,2G-3G-4G,NON,TOA,SOUS COMPTEUR,2003,440211,GREENFIELD,null
1422,TELMA_SOF002,ANALALAVA,TELMA,SOFIA,ANALALAVA,ANALALAVA,22.4,-14.63039,47.75214,TRUE,FALSE,TRUE,FALSE,2G et 4G,2G-4G,NON,TELMA,CHARGE DÉCHARGE,2009,440104,GREENFIELD,null
1423,TELMA_SOF003,MAMPIKONY,TELMA,SOFIA,MAMPIKONY,MAMPIKONY,22.4,-16.09336,47.64386,TRUE,TRUE,TRUE,FALSE,2G et 3G et 4G,2G-3G-4G,NON,TELMA,JIRAMA + GE,2008,440509,GREENFIELD,null
1424,TELMA_SOF004,PORTBERGER,TELMA,SOFIA,PORT-BERGE,PORT-BERGE,57.4,-15.56825,47.62058,TRUE,TRUE,TRUE,FALSE,2G et 3G et 4G,2G-3G-4G,NON,TELMA,JIRAMA + GE,2008,440711,GREENFIELD,null
1425,TELMA_SOF005,BEALALANA,TELMA,SOFIA,BEALANANA,BEALALANA,37.4,-14.5375,48.74564,TRUE,TRUE,TRUE,FALSE,2G et 3G et 4G,2G-3G-4G,NON,TELMA,SOLDIÈSE,2009,440315,GREENFIELD,null
1426,TELMA_SOF006,BEFANDRINAVARATRA,TELMA,SOFIA,BEFANDRIANA NORD,BEFANDRIANA NORD,22.4,-15.25677,48.54332,TRUE,TRUE,TRUE,FALSE,2G et 3G et 4G,2G-3G-4G,NON,TELMA,CHARGE DÉCHARGE + JIRAMA,2008,440407,GREENFIELD,null
1427,TELMA_SOF007,MANDRITSARA,TELMA,SOFIA,MANDRITSARA,MANDRITSARA,37.4,-15.845058,48.829038,TRUE,TRUE,TRUE,FALSE,2G et 3G et 4G,2G-3G-4G,NON,TELMA,CHARGE DÉCHARGE + JIRAMA,2009,440624,GREENFIELD,null
1428,TELMA_SOF008,ANTSOHIHY_DENS,TELMA,SOFIA,ANTSOHIHY,ANTSOHIHY,27.4,-14.88886,47.99686,TRUE,TRUE,TRUE,FALSE,2G et 3G et 4G,2G-3G-4G,NON,TOA,CHARGE DÉCHARGE,2015,440211,GREENFIELD,null
1429,TELMA_SOF010,ANTSOROLAVA,TELMA,SOFIA,MAMPIKONY,BEKORATSAKA,37.4,-16.08611,47.49447,TRUE,TRUE,TRUE,FALSE,2G et 3G et 4G,2G-3G-4G,NON,TELMA,ENERGIE SOLAIRE + GE,2010,440505,GREENFIELD,null
1430,TELMA_SOF011,MANASAMODY,TELMA,SOFIA,ANTSOHIHY,ANJIAMANGIRANA,47.4,-15.20675,47.7575,TRUE,TRUE,TRUE,FALSE,2G et 3G et 4G,2G-3G-4G,NON,TELMA,SOLDIÈSE,2010,440208,GREENFIELD,null
1431,TELMA_SOF012,MASIADAMBO,TELMA,SOFIA,MAMPIKONY,ANKIRIRIKY,47.4,-15.80522,47.6395,TRUE,FALSE,FALSE,FALSE,2G,2G,NON,TELMA,ENERGIE SOLAIRE,2016,440504,GREENFIELD,null
1432,TELMA_SOF024,AMBODIABABO,TELMA,SOFIA,BEALANANA,AMBODIADABO M,38.1,-14.66441,49.1995,TRUE,TRUE,TRUE,FALSE,2G et 3G et 4G,2G-3G-4G,NON,TELMA,SOLDIÈSE,2012,440306,GREENFIELD,null
1479,TELMA_SOF093,ANJALAZALA,TELMA,SOFIA,ANTSOHIHY,ANJALAZALA,47.4,-15.061357,48.193631,TRUE,TRUE,TRUE,FALSE,2G et 3G et 4G,2G-3G-4G,NON,TOA,null,2019,440207,GREENFIELD,null
1433,TELMA_SOF027,AMPATAKAMARORENY,TELMA,SOFIA,MANDRITSARA,AMPATAKAMARORENY,38.1,-16.49144,48.80433,TRUE,TRUE,TRUE,FALSE,2G et 3G et 4G,2G-3G-4G,NON,TELMA,ENERGIE SOLAIRE + GE,2012,440610,GREENFIELD,null
1434,TELMA_SOF029,MAROTANDRANO,TELMA,SOFIA,MANDRITSARA,MAROTANDRANO,38.1,-16.19653,48.842,TRUE,TRUE,TRUE,FALSE,2G et 3G et 4G,2G-3G-4G,NON,TELMA,ENERGIE SOLAIRE + GE,2012,440625,GREENFIELD,null
1435,TELMA_SOF031,MORAMBA,TELMA,SOFIA,ANALALAVA,ANTONIBE,37.4,-14.87297,47.30081,TRUE,FALSE,FALSE,FALSE,2G,2G,NON,TOA,ENERGIE SOLAIRE,2013,440108,GREENFIELD,null
1436,TELMA_SOF032,MIFOKO,TELMA,SOFIA,ANALALAVA,MAHADRODROKA,47.4,-15.1185,47.09728,TRUE,FALSE,FALSE,FALSE,2G,2G,NON,TOA,PARTICULIER,2013,440110,GREENFIELD,null
1437,TELMA_SOF033,MASILOKA,TELMA,SOFIA,ANALALAVA,ANTONIBE,27.4,-14.8393,47.34514,TRUE,FALSE,FALSE,FALSE,2G,2G,NON,TOA,ENERGIE SOLAIRE,2013,440108,GREENFIELD,null
1438,TELMA_SOF034,ANTSAKABARY,TELMA,SOFIA,BEFANDRIANA NORD,ANTSAKABARY,38.1,-15.05632,48.93866,TRUE,TRUE,TRUE,FALSE,2G et 3G et 4G,2G-3G-4G,NON,TELMA,ENERGIE SOLAIRE + GE,2012,440405,GREENFIELD,null
1439,TELMA_SOF035,AMBATORIHA,TELMA,SOFIA,BEALANANA,AMBATORIHA EST,49.4,-14.5,48.9277,TRUE,TRUE,TRUE,FALSE,2G et 3G et 4G,2G-3G-4G,NON,TELMA,SOLDIÈSE,2015,440304,GREENFIELD,null
1440,TELMA_SOF042,AMPASIMATERA,TELMA,SOFIA,MAMPIKONY,AMPASIMATERA,37.4,-15.93022,47.73197,TRUE,TRUE,TRUE,FALSE,2G et 3G et 4G,2G-3G-4G,NON,TOA,ENERGIE SOLAIRE + GE,2014,440503,GREENFIELD,null
1441,TELMA_SOF043,AMBATOSIA,TELMA,SOFIA,BEALANANA,AMBODIAMPANA,37.4,-14.65171,48.66742,TRUE,TRUE,TRUE,FALSE,2G et 3G et 4G,2G-3G-4G,NON,TELMA,ENERGIE SOLAIRE + GE,2014,440307,GREENFIELD,null
1442,TELMA_SOF044,MAROVANTAZA,TELMA,SOFIA,ANALALAVA,MAROVANTAZA,37.4,-15.37164,47.68419,TRUE,TRUE,TRUE,FALSE,2G et 3G et 4G,2G-3G-4G,NON,TOA,ENERGIE SOLAIRE + GE,2014,440112,GREENFIELD,null
1443,TELMA_SOF045,AMBOHITOAKA,TELMA,SOFIA,MAMPIKONY,AMBOHITOAKA,37.4,-16.00153,47.65055,TRUE,TRUE,TRUE,FALSE,2G et 3G et 4G,2G-3G-4G,NON,TOA,ENERGIE SOLAIRE + GE,2015,440502,GREENFIELD,null
1444,TELMA_SOF046,LEANJA,TELMA,SOFIA,PORT-BERGE,LEANJA,47.4,-15.56864,47.90942,TRUE,TRUE,TRUE,FALSE,2G et 3G et 4G,2G-3G-4G,NON,TOA,ENERGIE SOLAIRE + GE,2016,440707,GREENFIELD,null
1445,TELMA_SOF047,TSIAMALAO,TELMA,SOFIA,BEFANDRIANA NORD,TSIAMALAO,37.4,-15.02639,48.46814,TRUE,TRUE,TRUE,FALSE,2G et 3G et 4G,2G-3G-4G,NON,TOA,ENERGIE SOLAIRE + GE,2016,440412,GREENFIELD,null
1446,TELMA_SOF048,AMBARARATA,TELMA,SOFIA,BEFANDRIANA NORD,AMBARARATA,37.4,-15.04264,48.56472,TRUE,TRUE,TRUE,FALSE,2G et 3G et 4G,2G-3G-4G,NON,TOA,ENERGIE SOLAIRE,2016,440401,GREENFIELD,null
1447,TELMA_SOF049,AMPANDRIAKILANDY,TELMA,SOFIA,ANTSOHIHY,AMPANDRIANKILANDY,47.4,-14.92675,48.05761,TRUE,TRUE,TRUE,FALSE,2G et 3G et 4G,2G-3G-4G,NON,TOA,ENERGIE SOLAIRE + GE,2015,440204,GREENFIELD,null
1448,TELMA_SOF050,ANTSAHABE,TELMA,SOFIA,ANTSOHIHY,ANTSAHABE,47.4,-14.78292,48.36222,TRUE,TRUE,TRUE,FALSE,2G et 3G et 4G,2G-3G-4G,NON,TOA,ENERGIE SOLAIRE + GE,2015,440210,GREENFIELD,null
1449,TELMA_SOF051,AMBALIHA,TELMA,SOFIA,ANALALAVA,AMBALIHA,37.4,-14.55853,48.25739,TRUE,TRUE,TRUE,FALSE,2G et 3G et 4G,2G-3G-4G,NON,TOA,ENERGIE SOLAIRE + GE,2015,440101,GREENFIELD,null
1450,TELMA_SOF053,MAROMANDIA,TELMA,SOFIA,ANALALAVA,MAROMANDIA,47.4,-14.18203,48.09706,TRUE,TRUE,TRUE,FALSE,2G et 3G et 4G,2G-3G-4G,NON,TOA,ENERGIE SOLAIRE,2015,440111,GREENFIELD,null
1451,TELMA_SOF054,TSARAHONENANA,TELMA,SOFIA,BEFANDRIANA NORD,TSARAHONENANA,59.4,-15.56189,48.50122,TRUE,TRUE,TRUE,FALSE,2G et 3G et 4G,2G-3G-4G,NON,TOA,ENERGIE SOLAIRE + GE,2016,440411,GREENFIELD,null
1452,TELMA_SOF055,ANKIAKABESALOHY,TELMA,SOFIA,MANDRITSARA,ANKIABE SALOHY,37.4,-15.634305555555555,48.74888888888889,TRUE,TRUE,TRUE,FALSE,2G et 3G et 4G,2G-3G-4G,NON,TOA,ENERGIE SOLAIRE + GE,2016,440615,GREENFIELD,null
1453,TELMA_SOF056,ANTSATRAMIDOLA,TELMA,SOFIA,MANDRITSARA,ANTSOHA,47.4,-15.62728,48.92859,TRUE,TRUE,TRUE,FALSE,2G et 3G et 4G,2G-3G-4G,NON,TOA,ENERGIE SOLAIRE + GE,2015,440621,GREENFIELD,null
1454,TELMA_SOF057,MANGINDRANO,TELMA,SOFIA,BEALANANA,MANGINDRANO,47.4,-14.29369,48.97155,TRUE,TRUE,TRUE,FALSE,2G et 3G et 4G,2G-3G-4G,NON,TOA,ENERGIE SOLAIRE + GE,2015,440317,GREENFIELD,null
1455,TELMA_SOF058,AMBAHIVAHY,TELMA,SOFIA,MANDRITSARA,ANTSIRABE CENTRE,47.4,-16.00069,48.90678,TRUE,TRUE,TRUE,FALSE,2G et 3G et 4G,2G-3G-4G,NON,TOA,ENERGIE SOLAIRE + GE,2015,440620,GREENFIELD,null
1456,TELMA_SOF059,ANDOHAJANGO,TELMA,SOFIA,MANDRITSARA,ANDOHAJANGO,37.4,-15.92208,48.46278,TRUE,TRUE,TRUE,FALSE,2G et 3G et 4G,2G-3G-4G,NON,TOA,ENERGIE SOLAIRE,2015,440611,GREENFIELD,null
1457,TELMA_SOF060,AMBODISAKOANA,TELMA,SOFIA,PORT-BERGE,AMBODISAKOANA,47.4,-15.40336,47.97733,TRUE,TRUE,TRUE,FALSE,2G et 3G et 4G,2G-3G-4G,NON,TOA,ENERGIE SOLAIRE,2016,440703,GREENFIELD,null
1458,TELMA_SOF061,TSININGIA,TELMA,SOFIA,PORT-BERGE,TSININGIA,37.4,-15.46478,47.44044,TRUE,TRUE,TRUE,FALSE,2G et 3G et 4G,2G-3G-4G,NON,TOA,SOLDIÈSE,2015,440714,GREENFIELD,null
1459,TELMA_SOF062,ANJOZOMADOSY,TELMA,SOFIA,BEALANANA,ANKAZOTOKANA,37.4,-14.54308,49.10758,TRUE,TRUE,TRUE,FALSE,2G et 3G et 4G,2G-3G-4G,NON,TOA,ENERGIE SOLAIRE + GE,2015,440312,GREENFIELD,null
1460,TELMA_SOF063,ANTANIMBARIBE,TELMA,SOFIA,PORT-BERGE,MAROVATO,37.4,-15.84692,48.03997,TRUE,TRUE,TRUE,FALSE,2G et 3G et 4G,2G-3G-4G,NON,TOA,ENERGIE SOLAIRE + GE,2015,440709,GREENFIELD,null
1461,TELMA_SOF064,AMBODIMANDRESY,TELMA,SOFIA,ANTSOHIHY,AMBODIMANDRESY,37.4,-14.79009,48.09851,TRUE,TRUE,TRUE,FALSE,2G et 3G et 4G,2G-3G-4G,NON,TOA,ENERGIE SOLAIRE + GE,2015,440203,GREENFIELD,null
1462,TELMA_SOF065,AMBARARATABE NORD,TELMA,SOFIA,BEALANANA,AMBARARATABE NORD,16.4,-14.33592,48.80119,TRUE,TRUE,TRUE,FALSE,2G et 3G et 4G,2G-3G-4G,NON,TOA,ENERGIE SOLAIRE + GE,2015,440303,GREENFIELD,null
1463,TELMA_SOF066,ANTSAMAKA,TELMA,SOFIA,BEALANANA,BEANDRAREZONA,37.4,-14.548944444444444,48.66891666666667,TRUE,TRUE,TRUE,FALSE,2G et 3G et 4G,2G-3G-4G,NON,TOA,ENERGIE SOLAIRE + GE,2016,440316,GREENFIELD,null
1464,TELMA_SOF067,AMBODIVONGO,TELMA,SOFIA,PORT-BERGE,AMBODIVONGO,37.4,-15.6622805555556,48.2485861111111,TRUE,TRUE,TRUE,FALSE,2G et 3G et 4G,2G-3G-4G,NON,TOA,ENERGIE SOLAIRE + GE,2020,440704,GREENFIELD,null
1465,TELMA_SOF071,ANTSOHIHY-1,TELMA,SOFIA,ANTSOHIHY,ANTSOHIHY,17.4,-14.88321,47.99389,TRUE,TRUE,TRUE,FALSE,2G et 3G et 4G,2G-3G-4G,NON,TOA,CHARGE DÉCHARGE,2022,440211,GREENFIELD,null
1466,TELMA_SOF072,MAROSELY,TELMA,SOFIA,PORT-BERGE,TSARAHASINA,37.4,-15.642083333333334,47.58208333333334,TRUE,TRUE,TRUE,FALSE,2G et 3G et 4G,2G-3G-4G,NON,TOA,null,2018,440712,GREENFIELD,null
1467,TELMA_SOF079,BELALONA,TELMA,SOFIA,BEFANDRIANA NORD,MATSONDAKANA,37.4,-14.842194444444445,49.34941666666667,TRUE,FALSE,TRUE,FALSE,2G et 4G,2G-4G,NON,TOA,null,2018,440409,GREENFIELD,null
1468,TELMA_SOF080,AMBALAROMBA,TELMA,SOFIA,BEALANANA,AMBALAROMBA,37.4,-14.663055555555555,49.324444444444445,TRUE,FALSE,TRUE,FALSE,2G et 4G,2G-4G,NON,TOA,null,2020,440301,GREENFIELD,null
1469,TELMA_SOF081,ANTSAKANALABE,TELMA,SOFIA,BEFANDRIANA NORD,ANTSAKANALABE,57.4,-15.404722222222222,48.233333333333334,TRUE,TRUE,TRUE,FALSE,2G et 3G et 4G,2G-3G-4G,NON,TOA,null,2019,440406,GREENFIELD,null
1470,TELMA_SOF082,BEFOTAKA NORD,TELMA,SOFIA,ANALALAVA,BEFOTAKA NORD,37.4,-14.506222222222222,48.02027777777778,TRUE,TRUE,TRUE,FALSE,2G et 3G et 4G,2G-3G-4G,NON,TOA,null,2018,440109,GREENFIELD,null
1471,TELMA_SOF083,FANDRAKOTRA,TELMA,SOFIA,BEFANDRIANA NORD,ANKARONGANA,37.4,-15.404444444444444,48.85,TRUE,TRUE,TRUE,FALSE,2G et 3G et 4G,2G-3G-4G,NON,TOA,null,2019,440404,GREENFIELD,null
1472,TELMA_SOF084,ANKERIKA,TELMA,SOFIA,ANTSOHIHY,ANKERIKA,37.4,-14.98611111111111,47.83111111111111,TRUE,TRUE,TRUE,FALSE,2G et 3G et 4G,2G-3G-4G,NON,TOA,null,2019,440209,GREENFIELD,null
1473,TELMA_SOF085,AMBOHITSARA,TELMA,SOFIA,MANDRITSARA,TSARATANANA,47.4,-15.94,48.83833333333333,TRUE,TRUE,TRUE,FALSE,2G et 3G et 4G,2G-3G-4G,NON,TOA,null,2019,440628,GREENFIELD,null
1474,TELMA_SOF086,KALANDY,TELMA,SOFIA,MANDRITSARA,ANTSOHA,37.4,-15.793055555555556,48.77361111111111,TRUE,TRUE,TRUE,FALSE,2G et 3G et 4G,2G-3G-4G,NON,TOA,null,2019,440621,GREENFIELD,null
1475,TELMA_SOF088,ANADROADRO,TELMA,SOFIA,ANALALAVA,ANKARAMY,47.4,-14.05964,48.10675,TRUE,TRUE,TRUE,FALSE,2G et 3G et 4G,2G-3G-4G,NON,TELMA,null,2010,440107,GREENFIELD,null
1476,TELMA_SOF090,BEROMBA,TELMA,SOFIA,BEFANDRIANA NORD,MORAFENO,37.4,-15.1705805555556,48.4484722222222,TRUE,TRUE,TRUE,FALSE,2G et 3G et 4G,2G-3G-4G,NON,TOA,null,2019,440410,GREENFIELD,null
1477,TELMA_SOF091,AMBOABOA,TELMA,SOFIA,MANDRITSARA,AMBOABOA,37.4,-15.980175,48.744094,TRUE,TRUE,TRUE,FALSE,2G et 3G et 4G,2G-3G-4G,NON,TOA,null,2019,440605,GREENFIELD,null
1478,TELMA_SOF092,ANDRANOHOREFO,TELMA,SOFIA,MANDRITSARA,AMBODIAMONTANA KIANGA,37.4,-15.7700972222222,48.8952083333333,TRUE,TRUE,TRUE,FALSE,2G et 3G et 4G,2G-3G-4G,NON,TOA,null,2019,440607,GREENFIELD,null
1480,TELMA_SOF094,ANGODONA,TELMA,SOFIA,PORT-BERGE,LEANJA,37.4,-15.4615611111111,47.77815,TRUE,TRUE,TRUE,FALSE,2G et 3G et 4G,2G-3G-4G,NON,TOA,null,2019,440707,GREENFIELD,null
1481,TELMA_SOF095,MAROTOLANA SOFIA,TELMA,SOFIA,BEALANANA,MAROTOLANA,37.4,-14.629878,49.006399,TRUE,TRUE,TRUE,FALSE,2G et 3G et 4G,2G-3G-4G,NON,TOA,null,2019,440318,GREENFIELD,null
1482,TELMA_SOF096,AMBODISAINA,TELMA,SOFIA,MANDRITSARA,KALANDY,37.4,-15.7184861111111,48.6234194444444,TRUE,TRUE,TRUE,FALSE,2G et 3G et 4G,2G-3G-4G,NON,TOA,null,2019,440622,GREENFIELD,null
1483,TELMA_SOF097,MAROHAZO,TELMA,SOFIA,BEFANDRIANA NORD,AMBODIMOTSO SUD,37.4,-15.359965,48.598416,TRUE,TRUE,TRUE,FALSE,2G et 3G et 4G,2G-3G-4G,NON,TOA,null,2020,440402,GREENFIELD,null
1484,TELMA_SOF098,MAROAMALONA,TELMA,SOFIA,BEFANDRIANA NORD,MAROAMALONA,37.4,-15.397138,48.692677,TRUE,TRUE,TRUE,FALSE,2G et 3G et 4G,2G-3G-4G,NON,TOA,null,2020,440408,GREENFIELD,null
1485,TELMA_SOF099,MALAKIALINA,TELMA,SOFIA,MAMPIKONY,MALAKIALINA,47.4,-16.279844,47.419703,TRUE,TRUE,TRUE,FALSE,2G et 3G et 4G,2G-3G-4G,NON,TOA,null,2019,440508,GREENFIELD,null
1486,TELMA_SOF100,MATSONDAKANA,TELMA,SOFIA,BEFANDRIANA NORD,MATSONDAKANA,47.4,-15.029,49.2889,TRUE,FALSE,TRUE,FALSE,2G et 4G,2G-4G,NON,TOA,null,2020,440409,GREENFIELD,null
1487,TELMA_SOF101,AMBODIMANARY SOFIA,TELMA,SOFIA,ANTSOHIHY,AMBODIMANARY,37.4,-15.2258,47.9776,TRUE,TRUE,TRUE,FALSE,2G et 3G et 4G,2G-3G-4G,NON,TOA,null,2019,440202,GREENFIELD,null
1488,TELMA_SOF102,PORTBERGER_DENSIF,TELMA,SOFIA,PORT-BERGE,PORT-BERGE,37.4,-15.571304,47.626083,TRUE,TRUE,TRUE,FALSE,2G et 3G et 4G,2G-3G-4G,NON,TOA,null,2019,440711,GREENFIELD,null
1489,TELMA_SOF103,ANTONIBE,TELMA,SOFIA,ANALALAVA,ANTONIBE,47.4,-15.104447,47.389974,TRUE,TRUE,TRUE,FALSE,2G et 3G et 4G,2G-3G-4G,NON,TOA,null,2019,440108,GREENFIELD,null
1490,TELMA_SOF104,ANGOAKA SUD,TELMA,SOFIA,ANALALAVA,ANGOAKA SUD,47.4,-15.321649,47.416186,TRUE,TRUE,TRUE,FALSE,2G et 3G et 4G,2G-3G-4G,NON,TOA,null,2019,440106,GREENFIELD,null
1491,TELMA_SOF105,LAVASIAKARA,TELMA,SOFIA,MANDRITSARA,ANTSIATSIAKA,57.4,-16.073581,49.154612,TRUE,TRUE,TRUE,FALSE,2G et 3G et 4G,2G-3G-4G,NON,TOA,null,2020,440619,GREENFIELD,null
1492,TELMA_SOF106,AMBOVOMAMY,TELMA,SOFIA,PORT-BERGE,PORT-BERGE,47.4,-15.4823972222222,47.6002527777778,TRUE,TRUE,TRUE,FALSE,2G et 3G et 4G,2G-3G-4G,NON,TOA,null,2019,440711,GREENFIELD,null
1493,TELMA_SOF107,AMBALIHABE,TELMA,SOFIA,ANTSOHIHY,ANDREBA,47.4,-14.690077,48.204033,TRUE,TRUE,TRUE,FALSE,2G et 3G et 4G,2G-3G-4G,NON,TOA,null,2019,440206,GREENFIELD,null
1494,TELMA_SOF108,AMBOVONOMBY,TELMA,SOFIA,BEALANANA,AMBOVONOMBY,37.4,-14.422256,49.065056,TRUE,TRUE,TRUE,FALSE,2G et 3G et 4G,2G-3G-4G,NON,TOA,null,2020,440309,GREENFIELD,null
1495,TELMA_SOF109,BEMARABONGA,TELMA,SOFIA,BEFANDRIANA NORD,MATSONDAKANA,37.4,-14.8226,49.231,TRUE,TRUE,TRUE,FALSE,2G et 3G et 4G,2G-3G-4G,NON,TOA,null,2019,440409,GREENFIELD,null
1496,TELMA_SOF110,AMBALAFAMAINTY,TELMA,SOFIA,ANTSOHIHY,MAROALA,37.4,-15.349958,47.810425,TRUE,TRUE,TRUE,FALSE,2G et 3G et 4G,2G-3G-4G,NON,TOA,null,2020,440212,GREENFIELD,null
1497,TELMA_SOF111,AMBARARATA SOFIA,TELMA,SOFIA,BEALANANA,AMBARARATA SOFIA,37.4,-14.8616,48.81907778,TRUE,TRUE,TRUE,FALSE,2G et 3G et 4G,2G-3G-4G,NON,TOA,null,2020,440302,GREENFIELD,null
1498,TELMA_SOF112,AMBOHIMISONDROTRA,TELMA,SOFIA,BEALANANA,AMBODISIKIDY,47.4,-14.81263333,48.98916944,TRUE,TRUE,TRUE,FALSE,2G et 3G et 4G,2G-3G-4G,NON,TOA,null,2020,440308,GREENFIELD,null
1499,TELMA_SOF113,ANTSOHIHY4,TELMA,SOFIA,ANTSOHIHY,ANTSOHIHY,27.4,-14.887971,47.989198,TRUE,TRUE,TRUE,FALSE,2G et 3G et 4G,2G-3G-4G,NON,TOA,null,2020,440211,GREENFIELD,null
1500,TELMA_SOF114,MANDRITSARA DENSIF,TELMA,SOFIA,MANDRITSARA,MANDRITSARA,37.4,-15.839805,48.827501,TRUE,TRUE,TRUE,FALSE,2G et 3G et 4G,2G-3G-4G,NON,TOA,null,2020,440624,GREENFIELD,null
1501,TELMA_SOF115,ANJAJAVY,TELMA,SOFIA,ANALALAVA,ANTONIBE,37.4,-15.06184,47.244172,TRUE,TRUE,TRUE,FALSE,2G et 3G et 4G,2G-3G-4G,NON,TOA,null,2020,440108,GREENFIELD,null
1502,TELMA_SOF116,ANEFITRABE,TELMA,SOFIA,ANALALAVA,MAROMANDIA,37.4,-14.283433,48.337451,TRUE,TRUE,TRUE,FALSE,2G et 3G et 4G,2G-3G-4G,NON,TOA,null,2020,440111,GREENFIELD,null
1503,TELMA_SOF117,BEALANANA2,TELMA,SOFIA,BEALANANA,BEALALANA,37.4,-14.554164,48.753193,TRUE,TRUE,TRUE,FALSE,2G et 3G et 4G,2G-3G-4G,NON,TOA,null,2020,440315,GREENFIELD,null
1504,TELMA_SOF118,AMBATORIHA 2,TELMA,SOFIA,BEALANANA,AMBATORIHA EST,37.4,-14.455238,48.951612,TRUE,TRUE,TRUE,FALSE,2G et 3G et 4G,2G-3G-4G,NON,TOA,null,2020,440304,GREENFIELD,null
1505,TELMA_SOF119,ANALAKONJY,TELMA,SOFIA,PORT-BERGE,TSININGIA,37.4,-15.629602,47.440648,TRUE,TRUE,TRUE,FALSE,2G et 3G et 4G,2G-3G-4G,NON,TOA,null,2021,440714,GREENFIELD,null
1506,TELMA_SOF120,AMBODIMANGABE,TELMA,SOFIA,PORT-BERGE,AMBODIMAHABIBO,37.4,-15.768309,48.334705,TRUE,TRUE,TRUE,FALSE,2G et 3G et 4G,2G-3G-4G,NON,TOA,null,2020,440702,GREENFIELD,null
1507,TELMA_SOF121,ANDONGOZA,TELMA,SOFIA,PORT-BERGE,TSINJOMITONDRAKA,37.4,-15.567227,47.294474,TRUE,TRUE,TRUE,FALSE,2G et 3G et 4G,2G-3G-4G,NON,TOA,null,2021,440715,GREENFIELD,null
1508,TELMA_SOF122,ANTANAMBAO SOF,TELMA,SOFIA,BEFANDRIANA NORD,MORAFENO,47.4,-15.419858,48.430791,TRUE,TRUE,TRUE,FALSE,2G et 3G et 4G,2G-3G-4G,NON,TOA,null,2021,440410,GREENFIELD,null
1509,TELMA_SOF123,ANTSATRAMANERA,TELMA,SOFIA,MAMPIKONY,BEKORATSAKA,37.4,-16.218789,47.336777,TRUE,TRUE,TRUE,FALSE,2G et 3G et 4G,2G-3G-4G,NON,TOA,null,2021,440505,GREENFIELD,null
1510,TELMA_SOF124,MANAMPANEVA,TELMA,SOFIA,MANDRITSARA,MANAMPANEVA,37.4,-16.039276,48.653219,TRUE,TRUE,TRUE,FALSE,2G et 3G et 4G,2G-3G-4G,NON,TOA,null,2021,440623,GREENFIELD,null
1511,TELMA_SOF125,PORTBERGER3,TELMA,SOFIA,PORT-BERGE,PORT-BERGE,37.4,-15.568124,47.614723,TRUE,TRUE,TRUE,FALSE,2G et 3G et 4G,2G-3G-4G,NON,TOA,null,2021,440711,GREENFIELD,null
1512,TELMA_SOF126,AMBODIKAKAZO,TELMA,SOFIA,BEALANANA,ANTSAMAKA,37.4,-14.663412,48.554071,TRUE,TRUE,TRUE,FALSE,2G et 3G et 4G,2G-3G-4G,NON,TOA,null,2021,440314,GREENFIELD,null
1513,TELMA_SOF127,AMBOROHO OUEST,TELMA,SOFIA,ANTSOHIHY,AMPANDRIANKILANDY,37.4,-15.021213,47.96969,TRUE,TRUE,TRUE,FALSE,2G et 3G et 4G,2G-3G-4G,NON,TOA,null,2021,440204,GREENFIELD,null
1514,TELMA_SOF128,KOMAJIA,TELMA,SOFIA,MAMPIKONY,KOMAJIA,37.4,-16.203575,47.833933,TRUE,TRUE,TRUE,FALSE,2G et 3G et 4G,2G-3G-4G,NON,TOA,null,2020,440507,GREENFIELD,null
1515,TELMA_SOF129,MAHITSIHAZO,TELMA,SOFIA,ANALALAVA,MAROMANDIA,37.4,-14.324863,48.035109,TRUE,TRUE,TRUE,FALSE,2G et 3G et 4G,2G-3G-4G,NON,TOA,null,2021,440111,GREENFIELD,null
1516,TELMA_SOF131,AMBARIJEBY SUD,TELMA,SOFIA,ANALALAVA,AMBARIJEBY SUD,37.4,-14.960006,47.673804,TRUE,TRUE,TRUE,FALSE,2G et 3G et 4G,2G-3G-4G,NON,TOA,ENERGIE SOLAIRE + GE,2022,440102,GREENFIELD,null
1517,TELMA_SOF132,MANASAMODY DSF PETIT JEAN,TELMA,SOFIA,ANTSOHIHY,ANJIAMANGIRANA,7.4,-15.193805,47.752428,TRUE,TRUE,FALSE,FALSE,2G et 3G,2G-3G,NON,TOA,null,2022,440208,PETIT JEAN,null
1518,TELMA_SOF133,ANDASIMARO,TELMA,SOFIA,BEALANANA,AMBATOSIA,37.4,-14.658904,48.812269,TRUE,TRUE,TRUE,FALSE,2G et 3G et 4G,2G-3G-4G,NON,TOA,null,2021,440305,GREENFIELD,null
1519,TELMA_SOF134,BETARAMAHAMAY,TELMA,SOFIA,MAMPIKONY,BETARAMAHAMAY,37.4,-15.922578,47.455174,TRUE,TRUE,TRUE,FALSE,2G et 3G et 4G,2G-3G-4G,NON,TOA,ENERGIE SOLAIRE + GE,2022,440506,GREENFIELD,null
1520,TELMA_SOF135,AMBALAMADIRO,TELMA,SOFIA,MANDRITSARA,ANKIABE SALOHY,37.4,-15.483394,48.804356,TRUE,TRUE,TRUE,FALSE,2G et 3G et 4G,2G-3G-4G,NON,TOA,null,2021,440615,GREENFIELD,null
1521,TELMA_SOF136,AMBINANIFANGO,TELMA,SOFIA,MANDRITSARA,ANTSOHA,37.4,-15.644606,48.850062,TRUE,TRUE,TRUE,FALSE,2G et 3G et 4G,2G-3G-4G,NON,TOA,null,2021,440621,GREENFIELD,null
1522,TELMA_SOF137,AMPASIMPILY,TELMA,SOFIA,ANALALAVA,AMBOLOBOZO,37.4,-14.3553333,47.734825,TRUE,TRUE,TRUE,FALSE,2G et 3G et 4G,2G-3G-4G,NON,TOA,ENERGIE SOLAIRE + GE,2022,440103,GREENFIELD,null
1523,TELMA_SOF138,BEFANDRIANAAVARATRA2,TELMA,SOFIA,BEFANDRIANA NORD,BEFANDRIANA NORD,37.4,-15.247007,48.531837,TRUE,TRUE,TRUE,FALSE,2G et 3G et 4G,2G-3G-4G,NON,TOA,null,2022,440407,GREENFIELD,null
1524,TELMA_SOF139,MATSABORIMADIO,TELMA,SOFIA,BEALANANA,AMBARARATABE NORD,37.4,-14.344352256276,48.8982473351665,TRUE,TRUE,TRUE,FALSE,2G et 3G et 4G,2G-3G-4G,NON,TOA,ENERGIE SOLAIRE + GE,2023,440303,GREENFIELD,null
1525,TELMA_SOF140,ANESIKA,TELMA,SOFIA,BEALANANA,AMBOVONOMBY,37.4,-14.3481397096921,49.0148005911033,TRUE,TRUE,TRUE,FALSE,2G et 3G et 4G,2G-3G-4G,NON,TOA,ENERGIE SOLAIRE + GE,2023,440309,GREENFIELD,null
1526,TELMA_SOF141,AMBATORIHA_TANANA,TELMA,SOFIA,BEALANANA,AMBATORIHA EST,27.4,-14.4616298461641,48.9562215416179,TRUE,TRUE,TRUE,FALSE,2G et 3G et 4G,2G-3G-4G,NON,TOA,ENERGIE SOLAIRE + GE,2023,440304,GREENFIELD,null
1527,TELMA_SOF142,BEALANANA3,TELMA,SOFIA,BEALANANA,BEALALANA,27.4,-14.5407269313078,48.7523507324333,TRUE,TRUE,TRUE,FALSE,2G et 3G et 4G,2G-3G-4G,NON,TOA,null,2022,440315,GREENFIELD,null
1528,TELMA_SOF143,AMBALAKIRAJY,TELMA,SOFIA,MANDRITSARA,AMBALAKIRAJY,37.4,-15.76608,48.531518,TRUE,TRUE,TRUE,FALSE,2G et 3G et 4G,2G-3G-4G,NON,TOA,ENERGIE SOLAIRE + GE,2022,440601,GREENFIELD,null
1529,TELMA_SOF144,MAROVATO_SOF,TELMA,SOFIA,PORT-BERGE,AMBODIMAHABIBO,37.4,-15.778233,48.076039,TRUE,TRUE,TRUE,FALSE,2G et 3G et 4G,2G-3G-4G,NON,TOA,ENERGIE SOLAIRE + GE,2022,440702,GREENFIELD,null
1530,TELMA_SOF145,MAROVANTAZA TANANA,TELMA,SOFIA,ANALALAVA,MAROVANTAZA,37.4,-15.3835891093786,47.656292489811,TRUE,TRUE,TRUE,FALSE,2G et 3G et 4G,2G-3G-4G,NON,TOA,ENERGIE SOLAIRE + GE,2022,440112,GREENFIELD,null
1531,TELMA_SOF146,MANDRITSARA_AMBONY,TELMA,SOFIA,MANDRITSARA,MANDRITSARA,27.4,-15.843591,48.821934,TRUE,TRUE,TRUE,FALSE,2G et 3G et 4G,2G-3G-4G,NON,TOA,CHARGE DÉCHARGE,2023,440624,GREENFIELD,null
1532,TELMA_SOF147,ANDONGONA ZAMIAVA,TELMA,SOFIA,MAMPIKONY,AMBOHITOAKA,37.4,-15.9280272055083,47.5982697476093,TRUE,TRUE,TRUE,FALSE,2G et 3G et 4G,2G-3G-4G,NON,TOA,ENERGIE SOLAIRE + GE,2022,440502,GREENFIELD,null
1533,TELMA_SOF148,MAMPIKONY_TSARARIVOTRA,TELMA,SOFIA,MAMPIKONY,MAMPIKONY,27.4,-16.0913731808432,47.6506567165277,TRUE,TRUE,TRUE,FALSE,2G et 3G et 4G,2G-3G-4G,NON,TOA,CHARGE DÉCHARGE,2022,440509,GREENFIELD,null
1534,TELMA_SOF149,ANDAMPY (ANDRIBAVONTSONA),TELMA,SOFIA,ANALALAVA,ANDRIBAVONTSINA,37.4,-15.370799,47.498945,TRUE,TRUE,TRUE,FALSE,2G et 3G et 4G,2G-3G-4G,NON,TOA,ENERGIE SOLAIRE + GE,2022,440105,GREENFIELD,null
1535,TELMA_SOF150,AMBODIVOARABE,TELMA,SOFIA,BEFANDRIANA NORD,AMBODIMOTSO SUD,37.4,-15.458394,48.6253,TRUE,TRUE,TRUE,FALSE,2G et 3G et 4G,2G-3G-4G,NON,TOA,ENERGIE SOLAIRE + GE,2022,440402,GREENFIELD,null
1536,TELMA_SOF152,MAROVATOLENA,TELMA,SOFIA,ANALALAVA,MAROVATOLENA,37.4,-15.194757,47.62525,TRUE,TRUE,TRUE,FALSE,2G et 3G et 4G,2G-3G-4G,NON,TOA,ENERGIE SOLAIRE + GE,2022,440113,GREENFIELD,null
1537,TELMA_SOF155,ZAFINDRAZAKA RURAL,TELMA,SOFIA,PORT-BERGE,LEANJA,9.4,-15.650551458173,47.899833149559,TRUE,FALSE,TRUE,FALSE,2G et 4G,2G-4G,NON,TOA,ENERGIE SOLAIRE,2023,440707,GREENFIELD,null
1538,TELMA_SOF156,AMPOTAMANDREVO RURAL,TELMA,SOFIA,ANTSOHIHY,MAROALA,9.4,-15.3601382696203,47.9174723906408,TRUE,FALSE,TRUE,FALSE,2G et 4G,2G-4G,NON,TOA,ENERGIE SOLAIRE,2023,440212,GREENFIELD,null
1539,TELMA_SOF157,ANJIAJIA RURAL,TELMA,SOFIA,ANTSOHIHY,ANKERIKA,37.4,-14.923782,47.948615,TRUE,TRUE,TRUE,FALSE,2G et 3G et 4G,2G-3G-4G,NON,TOA,ENERGIE SOLAIRE,2023,440209,GREENFIELD,null
1540,TELMA_SOF159,AMBODIMADIRO,TELMA,SOFIA,BEFANDRIANA NORD,MAROAMALONA,9.4,-15.304722222222223,48.64388888888889,TRUE,FALSE,TRUE,FALSE,2G et 4G,2G-4G,NON,TOA,ENERGIE SOLAIRE,2023,440408,GREENFIELD,null
1541,TELMA_SOF160,ANKIABE FONOKO,TELMA,SOFIA,MANDRITSARA,ANKIAKABE FONOKO,9.4,-15.685555555555556,49.005,TRUE,FALSE,TRUE,FALSE,2G et 4G,2G-4G,NON,TOA,ENERGIE SOLAIRE,2023,440614,GREENFIELD,null
1542,TELMA_SOF163,MAROADABO_OMNI,TELMA,SOFIA,BEFANDRIANA NORD,ANKARONGANA,9.4,-15.284354,48.826804,TRUE,FALSE,TRUE,FALSE,2G et 4G,2G-4G,NON,TOA,ENERGIE SOLAIRE,2023,440404,GREENFIELD,null
1543,TELMA_SOF164,MALAKIALINA/DS_OMNI,TELMA,SOFIA,MAMPIKONY,MALAKIALINA,9.4,-16.28641,47.537357,TRUE,FALSE,TRUE,FALSE,2G et 4G,2G-4G,NON,TOA,ENERGIE SOLAIRE,2023,440508,GREENFIELD,null
1544,TELMA_SOF166,ANKARAMY,TELMA,SOFIA,ANALALAVA,ANKARAMY,9.4,-13.975193,48.180171,TRUE,FALSE,TRUE,FALSE,2G et 4G,2G-4G,NON,TOA,ENERGIE SOLAIRE,2023,440107,GREENFIELD,null
1545,TELMA_SOF167,AMBARIMANJEVO,TELMA,SOFIA,PORT-BERGE,TSININGIA,37.4,-15.483679,47.459692,TRUE,TRUE,TRUE,FALSE,2G et 3G et 4G,2G-3G-4G,NON,TOA,ENERGIE SOLAIRE + GE,2023,440714,GREENFIELD,null
1546,TELMA_SOF168,ANKERIKA VILLAGE,TELMA,SOFIA,ANTSOHIHY,ANKERIKA,37.4,-14.961889,47.866977,TRUE,TRUE,TRUE,FALSE,2G et 3G et 4G,2G-3G-4G,NON,TOA,ENERGIE SOLAIRE + GE,2023,440209,GREENFIELD,null
1547,TELMA_SOF169,ANAHIDRANO,TELMA,SOFIA,ANTSOHIHY,ANAHIDRANO,37.4,-15.022033,47.90134,TRUE,TRUE,TRUE,FALSE,2G et 3G et 4G,2G-3G-4G,NON,TOA,ENERGIE SOLAIRE + GE,2023,440205,GREENFIELD,null
1548,TELMA_SOF170,BESATRAMIRINA,TELMA,SOFIA,PORT-BERGE,PORT-BERGE,37.4,-15.534174,47.653351,TRUE,TRUE,TRUE,FALSE,2G et 3G et 4G,2G-3G-4G,NON,TOA,ENERGIE SOLAIRE + GE,2023,440711,GREENFIELD,null
1549,TELMA_SOF171,PORTBERGER4,TELMA,SOFIA,PORT-BERGE,PORT-BERGE,27.4,-15.566538,47.625714,TRUE,TRUE,TRUE,FALSE,2G et 3G et 4G,2G-3G-4G,NON,TOA,ENERGIE SOLAIRE + GE,2023,440711,GREENFIELD,null
1550,TELMA_SOF172,AMBOLIDIBE EST,TELMA,SOFIA,BEFANDRIANA NORD,AMBOLIDIBE EST,37.4,-15.082922,48.799165,TRUE,TRUE,TRUE,FALSE,2G et 3G et 4G,2G-3G-4G,NON,TOA,ENERGIE SOLAIRE + GE,2023,440403,GREENFIELD,null
1551,TELMA_SOF173,IHOBAKA,TELMA,SOFIA,PORT-BERGE,AMBODIMAHABIBO,9.4,-15.809313,48.209687,TRUE,TRUE,TRUE,FALSE,2G et 3G et 4G,2G-3G-4G,NON,TOA,ENERGIE SOLAIRE,2023,440702,GREENFIELD,null
1552,TELMA_SOF174,ANDOHAJANGO,TELMA,SOFIA,MANDRITSARA,ANDOHAJANGO,37.4,-14.344722222222222,48.897222222222226,TRUE,TRUE,TRUE,FALSE,2G et 3G et 4G,2G-3G-4G,NON,TOA,null,2022,440611,GREENFIELD,null
1553,TELMA_SOF193,ANTANANIVO HAUT MINI,TELMA,SOFIA,BEALANANA,ANTANANIVO HAUT,12.0,-14.242451,48.520273,TRUE,FALSE,TRUE,FALSE,2G et 4G,2G-4G,NON,TOA,ENERGIE SOLAIRE,2023,440313,GREENFIELD,null
1554,TELMA_VAK001,ABE_IVOHITRA,TELMA,VAKINANKARATRA,ANTSIRABE I,ANTSIRABE,33.4,-19.8793028,47.00883,TRUE,TRUE,TRUE,FALSE,2G et 3G et 4G,2G-3G-4G,NON,TOA,JIRAMA + GE,2006,140301,GREENFIELD,null
1555,TELMA_VAK002,ABE_ANDRANOMAN,TELMA,VAKINANKARATRA,ANTSIRABE II,ANDRANOMANELATRA,27.4,-19.77358,47.11375,TRUE,TRUE,TRUE,FALSE,2G et 3G et 4G,2G-3G-4G,NON,TELMA,JIRAMA + GE,2006,140409,GREENFIELD,null
1556,TELMA_VAK003,ANTANIFOTSY,TELMA,VAKINANKARATRA,ANTANIFOTSY,ANTANIFOTSY,27.4,-19.65005,47.32919,TRUE,TRUE,TRUE,FALSE,2G et 3G et 4G,2G-3G-4G,NON,TOA,CHARGE DÉCHARGE + JIRAMA,2008,140209,GREENFIELD,null
1557,TELMA_VAK004,AMBATOLAMPY,TELMA,VAKINANKARATRA,AMBATOLAMPY,AMBATOLAMPY,42.4,-19.3766278,47.4476388888888,TRUE,TRUE,TRUE,FALSE,2G et 3G et 4G,2G-3G-4G,NON,TELMA,JIRAMA + GE,2007,140101,GREENFIELD,null
1558,TELMA_VAK005,AMBOHIBARY,TELMA,VAKINANKARATRA,ANTSIRABE II,AMBOHIBARY,49.4,-19.62492,47.19289,TRUE,TRUE,TRUE,FALSE,2G et 3G et 4G,2G-3G-4G,NON,TELMA,JIRAMA + GE,2007,140405,GREENFIELD,null
1559,TELMA_VAK007,AMBATOLMP_CENTR,TELMA,VAKINANKARATRA,AMBATOLAMPY,AMBATOLAMPY,19.4,-19.38553,47.42719,TRUE,TRUE,TRUE,FALSE,2G et 3G et 4G,2G-3G-4G,NON,TELMA,JIRAMA + GE,2013,140101,GREENFIELD,null
1560,TELMA_VAK008,ANTSIRABE_TELMA,TELMA,VAKINANKARATRA,ANTSIRABE I,ANTSIRABE,39.4,-19.86706,47.03494,TRUE,TRUE,TRUE,TRUE,2G et 3G et 4G et 5G,2G-3G-4G-5G,NON,TOA,SOUS COMPTEUR,2007,140301,GREENFIELD,null
1561,TELMA_VAK013,MANANDONA,TELMA,VAKINANKARATRA,ANTSIRABE II,MANANDONA,47.4,-20.02583,47.06975,TRUE,TRUE,TRUE,FALSE,2G et 3G et 4G,2G-3G-4G,NON,TELMA,ENERGIE SOLAIRE + GE,2008,140414,GREENFIELD,null
1562,TELMA_VAK016,BETAFO,TELMA,VAKINANKARATRA,BETAFO,MANDRITSARA,27.4,-19.84902,46.89076,TRUE,TRUE,TRUE,FALSE,2G et 3G et 4G,2G-3G-4G,NON,TOA,JIRAMA + GE,2008,140510,GREENFIELD,null
1563,TELMA_VAK017,BEHENJY,TELMA,VAKINANKARATRA,AMBATOLAMPY,BEHENJY,47.4,-19.20686,47.50903,TRUE,TRUE,TRUE,FALSE,2G et 3G et 4G,2G-3G-4G,NON,TOA,ENERGIE SOLAIRE + GE,2009,140112,GREENFIELD,null
1564,TELMA_VAK018,FARATSIHO,TELMA,VAKINANKARATRA,FARATSIHO,FARATSIHO,20.9,-19.398,46.97704,TRUE,TRUE,TRUE,FALSE,2G et 3G et 4G,2G-3G-4G,NON,TELMA,ENERGIE SOLAIRE + GE,2009,140604,GREENFIELD,null
1565,TELMA_VAK019,ABE_MAHAFALY,TELMA,VAKINANKARATRA,ANTSIRABE I,ANTSIRABE,37.4,-19.8434389,47.0379472222222,TRUE,TRUE,TRUE,FALSE,2G et 3G et 4G,2G-3G-4G,NON,TELMA,JIRAMA + GE,2008,140301,GREENFIELD,null
1566,TELMA_VAK020,ABE_ANTSENAKELY,TELMA,VAKINANKARATRA,ANTSIRABE I,ANTSIRABE,15.4,-19.87392,47.0337,TRUE,TRUE,TRUE,FALSE,2G et 3G et 4G,2G-3G-4G,NON,TELMA,JIRAMA + GE,2008,140301,ROOFTOP,null
1567,TELMA_VAK021,ABE_AMBOHIMENA,TELMA,VAKINANKARATRA,ANTSIRABE I,ANTSIRABE,37.4,-19.88864,47.04144,TRUE,TRUE,TRUE,FALSE,2G et 3G et 4G,2G-3G-4G,NON,TOA,JIRAMA + GE,2008,140301,GREENFIELD,null
1568,TELMA_VAK022,AMBOHIMANDROSO,TELMA,VAKINANKARATRA,ANTANIFOTSY,AMBOHIMANDROSO,37.4,-19.52414,47.42767,TRUE,TRUE,TRUE,FALSE,2G et 3G et 4G,2G-3G-4G,NON,TOA,JIRAMA + GE,2008,140205,GREENFIELD,null
1569,TELMA_VAK024,ABE_MAHAZOARIVO,TELMA,VAKINANKARATRA,ANTSIRABE I,ANTSIRABE,17.4,-19.85758,47.02897,TRUE,TRUE,TRUE,FALSE,2G et 3G et 4G,2G-3G-4G,NON,TELMA,JIRAMA + GE,2011,140301,ROOFTOP,null
1570,TELMA_VAK025,ABE_SABOTSY,TELMA,VAKINANKARATRA,ANTSIRABE I,ANTSIRABE,27.4,-19.8685,47.02687,TRUE,TRUE,TRUE,TRUE,2G et 3G et 4G et 5G,2G-3G-4G-5G,NON,TOA,JIRAMA + GE,2011,140301,GREENFIELD,null
1571,TELMA_VAK026,MANDOTO_COLLINE,TELMA,VAKINANKARATRA,MANDOTO,MANDOTO,47.4,-19.64139,46.36997,TRUE,TRUE,TRUE,FALSE,2G et 3G et 4G,2G-3G-4G,NON,TELMA,ENERGIE SOLAIRE + GE,2008,140701,GREENFIELD,null
1572,TELMA_VAK028,ABE_AMBALAVATO,TELMA,VAKINANKARATRA,ANTSIRABE I,ANTSIRABE,37.4,-19.87791,47.04414,TRUE,TRUE,TRUE,FALSE,2G et 3G et 4G,2G-3G-4G,NON,TOA,JIRAMA + GE,2013,140301,GREENFIELD,null
1573,TELMA_VAK033,ANTANETIKELY,TELMA,VAKINANKARATRA,MANDOTO,ANKAZOMIRIOTRA,47.4,-19.65952,46.53311,TRUE,TRUE,TRUE,FALSE,2G et 3G et 4G,2G-3G-4G,NON,TOA,CHARGE DÉCHARGE,2012,140705,GREENFIELD,null
1574,TELMA_VAK037,AMBATOASANA,TELMA,VAKINANKARATRA,FARATSIHO,VALABETOKANA,38.1,-19.33166,46.76664,TRUE,TRUE,TRUE,FALSE,2G et 3G et 4G,2G-3G-4G,NON,TELMA,ENERGIE SOLAIRE + GE,2012,140607,GREENFIELD,null
1575,TELMA_VAK039,SOANINDRARINY,TELMA,VAKINANKARATRA,ANTSIRABE II,SOANINDRARINY,47.4,-19.91482,47.26146,TRUE,TRUE,TRUE,FALSE,2G et 3G et 4G,2G-3G-4G,NON,TOA,ENERGIE SOLAIRE + GE,2013,140418,GREENFIELD,null
1576,TELMA_VAK041,AMBOHIMANAMBOLA VAK,TELMA,VAKINANKARATRA,BETAFO,AMBOHIMANAMBOLA,37.4,-19.80053,46.66547,TRUE,TRUE,TRUE,FALSE,2G et 3G et 4G,2G-3G-4G,NON,TOA,ENERGIE SOLAIRE + GE,2015,140505,GREENFIELD,null
1577,TELMA_VAK042,ANJOM_RAMARTINA,TELMA,VAKINANKARATRA,MANDOTO,ANJOMA RAMARTINA,37.4,-19.58347,45.99264,TRUE,TRUE,TRUE,FALSE,2G et 3G et 4G,2G-3G-4G,NON,TELMA,ENERGIE SOLAIRE + GE,2015,140707,GREENFIELD,null
1578,TELMA_VAK045,AMBTONDRAKLAVAO,TELMA,VAKINANKARATRA,AMBATOLAMPY,AMBATONDRAKALAVAO,37.4,-19.4741,47.53937,TRUE,TRUE,TRUE,FALSE,2G et 3G et 4G,2G-3G-4G,NON,TOA,ENERGIE SOLAIRE + GE,2015,140102,GREENFIELD,null
1579,TELMA_VAK046,ANTAKASINA,TELMA,VAKINANKARATRA,AMBATOLAMPY,ANTAKASINA,37.4,-19.54878,47.68711,TRUE,TRUE,TRUE,FALSE,2G et 3G et 4G,2G-3G-4G,NON,TELMA,ENERGIE SOLAIRE + GE,2015,140108,GREENFIELD,null
1580,TELMA_VAK050,VINANINO_ATSIMO,TELMA,VAKINANKARATRA,FARATSIHO,VINANINONY SUD,37.4,-19.5445,46.997277777777775,TRUE,TRUE,TRUE,FALSE,2G et 3G et 4G,2G-3G-4G,NON,TOA,ENERGIE SOLAIRE,2016,140609,GREENFIELD,null
1581,TELMA_VAK051,FIDIRANA,TELMA,VAKINANKARATRA,MANDOTO,FIDIRANA,47.4,-19.52944,46.56886,TRUE,TRUE,TRUE,FALSE,2G et 3G et 4G,2G-3G-4G,NON,TOA,ENERGIE SOLAIRE + GE,2015,140708,GREENFIELD,null
1582,TELMA_VAK052,AMBATONIKOLAHY,TELMA,VAKINANKARATRA,BETAFO,AMBATONIKOLAHY,37.4,-19.76542,46.93964,TRUE,TRUE,TRUE,FALSE,2G et 3G et 4G,2G-3G-4G,NON,TOA,ENERGIE SOLAIRE,2016,140504,GREENFIELD,null
1583,TELMA_VAK053,AMBANO,TELMA,VAKINANKARATRA,ANTSIRABE II,ALAKAMISY,47.4,-19.76222,47.02256,TRUE,TRUE,TRUE,FALSE,2G et 3G et 4G,2G-3G-4G,NON,TOA,ENERGIE SOLAIRE + GE,2015,140401,GREENFIELD,null
1584,TELMA_VAK054,AMBO_NANDRIANA,TELMA,VAKINANKARATRA,ANTSIRABE II,AMBOHIDRANANDRIANA,47.4,-19.87589,47.17128,TRUE,TRUE,TRUE,FALSE,2G et 3G et 4G,2G-3G-4G,NON,TOA,ENERGIE SOLAIRE,2016,140406,GREENFIELD,null
1585,TELMA_VAK055,AMPATOTRAMALONA,TELMA,VAKINANKARATRA,ANTSIRABE II,TSARAHONENANA SAHANIVOTRY,47.4,-20.02969,47.19247,TRUE,TRUE,TRUE,FALSE,2G et 3G et 4G,2G-3G-4G,NON,TOA,ENERGIE SOLAIRE + GE,2016,140419,GREENFIELD,null
1586,TELMA_VAK056,AVARATSENA,TELMA,VAKINANKARATRA,FARATSIHO,AMBOHIBORONA,37.4,-19.371083333333335,47.06575,TRUE,TRUE,TRUE,FALSE,2G et 3G et 4G,2G-3G-4G,NON,TOA,ENERGIE SOLAIRE + GE,2016,140601,GREENFIELD,null
1587,TELMA_VAK064,ABE_VATOFOTSY,TELMA,VAKINANKARATRA,ANTSIRABE II,AMBANO,37.4,-19.82738888888889,47.04280555555555,TRUE,TRUE,TRUE,FALSE,2G et 3G et 4G,2G-3G-4G,NON,TOA,CHARGE DÉCHARGE + JIRAMA,2017,140403,GREENFIELD,null
1588,TELMA_VAK065,ANJAZAFOTSY,TELMA,VAKINANKARATRA,BETAFO,ANDRANOMAFANA,37.4,-19.821,46.82780555555556,TRUE,TRUE,TRUE,FALSE,2G et 3G et 4G,2G-3G-4G,NON,TOA,ENERGIE SOLAIRE + EOLIENE,2017,140507,GREENFIELD,null
1589,TELMA_VAK067,ANDREMBESOA,TELMA,VAKINANKARATRA,BETAFO,ANDREMBESOA,47.4,-20.10388888888889,46.63472222222222,TRUE,TRUE,TRUE,FALSE,2G et 3G et 4G,2G-3G-4G,NON,TOA,ENERGIE SOLAIRE + GE,2019,140508,GREENFIELD,null
1590,TELMA_VAK068,ANTOHOBE,TELMA,VAKINANKARATRA,MANDOTO,VINANY,47.4,-19.42292,45.46747,TRUE,TRUE,TRUE,FALSE,2G et 3G et 4G,2G-3G-4G,NON,TOA,ENERGIE SOLAIRE + GE,2015,140706,GREENFIELD,null
1591,TELMA_VAK069,MAHAIZA,TELMA,VAKINANKARATRA,MANDOTO,VINANY,47.4,-19.54481,46.4362,TRUE,TRUE,TRUE,FALSE,2G et 3G et 4G,2G-3G-4G,NON,TOA,ENERGIE SOLAIRE + GE,2015,140706,GREENFIELD,null
1592,TELMA_VAK070,ANGODONGODONA,TELMA,VAKINANKARATRA,ANTANIFOTSY,AMBODIRIANA,37.4,-19.63422,47.55972,TRUE,TRUE,TRUE,FALSE,2G et 3G et 4G,2G-3G-4G,NON,TOA,SOLDIÈSE,2015,140204,GREENFIELD,null
1593,TELMA_VAK072,MANDOA CN,TELMA,VAKINANKARATRA,BETAFO,MAHAIZA,37.4,-19.917194444444444,46.796416666666666,TRUE,TRUE,TRUE,FALSE,2G et 3G et 4G,2G-3G-4G,NON,TOA,ENERGIE SOLAIRE + GE,2018,140517,GREENFIELD,null
1594,TELMA_VAK078,ABE_LYCEE,TELMA,VAKINANKARATRA,ANTSIRABE I,ANTSIRABE,37.4,-19.848666666666666,47.030388888888886,TRUE,TRUE,TRUE,FALSE,2G et 3G et 4G,2G-3G-4G,NON,TOA,CHARGE DÉCHARGE + JIRAMA,2018,140301,GREENFIELD,null
1595,TELMA_VAK079,ALATSINAINY IBITY,TELMA,VAKINANKARATRA,ANTSIRABE II,ALATSINAINY IBITY,47.4,-20.093888888888888,47.00083333333333,TRUE,TRUE,TRUE,FALSE,2G et 3G et 4G,2G-3G-4G,NON,TOA,ENERGIE SOLAIRE + GE,2018,140402,GREENFIELD,null
1596,TELMA_VAK080,AMBATOMIADY,TELMA,VAKINANKARATRA,ANTANIFOTSY,AMBATOMIADY,37.4,-19.69086111111111,47.38608333333333,TRUE,TRUE,TRUE,FALSE,2G et 3G et 4G,2G-3G-4G,NON,TOA,ENERGIE SOLAIRE + GE,2018,140202,GREENFIELD,null
1597,TELMA_VAK081,AMBARY,TELMA,VAKINANKARATRA,MANDOTO,ANTANAMBAO AMBARY,37.4,-19.588419444444444,46.18161944444444,TRUE,TRUE,TRUE,FALSE,2G et 3G et 4G,2G-3G-4G,NON,TOA,ENERGIE SOLAIRE + GE,2018,140703,GREENFIELD,null
1598,TELMA_VAK082,RAMAINANDRO,TELMA,VAKINANKARATRA,FARATSIHO,ANDRANOMIADY,37.4,-19.211,46.97155,TRUE,TRUE,TRUE,FALSE,2G et 3G et 4G,2G-3G-4G,NON,TOA,ENERGIE SOLAIRE + GE,2015,140602,GREENFIELD,null
1599,TELMA_VAK083,ANTSIRABE TSIVATRINIKAMO,TELMA,VAKINANKARATRA,ANTSIRABE I,ANTSIRABE,12.4,-19.861944444444443,47.01694444444445,TRUE,TRUE,TRUE,FALSE,2G et 3G et 4G,2G-3G-4G,NON,TOA,JIRAMA,2021,140301,ROOFTOP,null
1600,TELMA_VAK084,MANDOTO CENTRE,TELMA,VAKINANKARATRA,MANDOTO,MANDOTO,47.4,-19.577861111111112,46.2925,TRUE,TRUE,TRUE,FALSE,2G et 3G et 4G,2G-3G-4G,NON,TOA,CHARGE DÉCHARGE,2019,140701,GREENFIELD,null
1601,TELMA_VAK085,ALAROBIA ANTANAMALAZA,TELMA,VAKINANKARATRA,AMBATOLAMPY,ANTANAMALAZA,47.4,-19.426464,47.631181,TRUE,TRUE,TRUE,FALSE,2G et 3G et 4G,2G-3G-4G,NON,TOA,ENERGIE SOLAIRE + GE,2020,140109,GREENFIELD,null
1602,TELMA_VAK086,INANANTONANA,TELMA,VAKINANKARATRA,BETAFO,INANANTONANA,37.4,-19.652847,46.619258,TRUE,TRUE,TRUE,FALSE,2G et 3G et 4G,2G-3G-4G,NON,TOA,ENERGIE SOLAIRE + GE,2019,140518,GREENFIELD,null
1603,TELMA_VAK087,ANTANAMBAO,TELMA,VAKINANKARATRA,ANTSIRABE II,ANTANAMBAO,37.4,-19.951861,47.392769,TRUE,TRUE,TRUE,FALSE,2G et 3G et 4G,2G-3G-4G,NON,TOA,ENERGIE SOLAIRE + GE,2020,140410,GREENFIELD,null
1604,TELMA_VAK088,MORARANO AMBATOLAMPY,TELMA,VAKINANKARATRA,AMBATOLAMPY,MORARANO,37.4,-19.417742,47.48111,TRUE,TRUE,TRUE,FALSE,2G et 3G et 4G,2G-3G-4G,NON,TOA,ENERGIE SOLAIRE + GE,2020,140115,GREENFIELD,null
1605,TELMA_VAK090,SAHANIVOTRY,TELMA,VAKINANKARATRA,ANTSIRABE II,SAHANIVOTRY MANANDONA,37.4,-20.108817,47.086836,TRUE,TRUE,TRUE,FALSE,2G et 3G et 4G,2G-3G-4G,NON,TOA,ENERGIE SOLAIRE + GE,2020,140417,GREENFIELD,null
1606,TELMA_VAK091,AMBOHIMASINA,TELMA,VAKINANKARATRA,BETAFO,MANOHISOA,37.4,-19.642315,46.789303,TRUE,TRUE,TRUE,FALSE,2G et 3G et 4G,2G-3G-4G,NON,TOA,ENERGIE SOLAIRE + GE,2020,140509,GREENFIELD,null
1607,TELMA_VAK092,MANDANIRESAKA,TELMA,VAKINANKARATRA,ANTSIRABE I,ANTSIRABE,37.4,-19.89916,47.036292,TRUE,TRUE,TRUE,FALSE,2G et 3G et 4G,2G-3G-4G,NON,TOA,CHARGE DÉCHARGE,2023,140301,GREENFIELD,null
1608,TELMA_VAK093,ANTSAMPANDRANO,TELMA,VAKINANKARATRA,ANTANIFOTSY,ANTSAMPANDRANO,37.4,-19.913377,47.52455,TRUE,TRUE,TRUE,FALSE,2G et 3G et 4G,2G-3G-4G,NON,TOA,ENERGIE SOLAIRE + GE,2020,140211,GREENFIELD,null
1609,TELMA_VAK095,ANTSAHALAVA,TELMA,VAKINANKARATRA,ANTANIFOTSY,ANTSAHALAVA,37.4,-19.571539,47.500076,TRUE,TRUE,TRUE,FALSE,2G et 3G et 4G,2G-3G-4G,NON,TOA,ENERGIE SOLAIRE + GE,2021,140210,GREENFIELD,null
1610,TELMA_VAK096,TSIAFAJAVONA,TELMA,VAKINANKARATRA,AMBATOLAMPY,TSIAFAJAVONA ANKARATRA,37.4,-19.388164,47.337186,TRUE,TRUE,TRUE,FALSE,2G et 3G et 4G,2G-3G-4G,NON,TOA,ENERGIE SOLAIRE + GE,2021,140117,GREENFIELD,null
1611,TELMA_VAK097,AVARATSENA2,TELMA,VAKINANKARATRA,FARATSIHO,AMBOHIBORONA,37.4,-19.383387,47.12476,TRUE,TRUE,TRUE,FALSE,2G et 3G et 4G,2G-3G-4G,NON,TOA,ENERGIE SOLAIRE + GE,2021,140601,GREENFIELD,null
1612,TELMA_VAK098,ABE_AVARATSENA,TELMA,VAKINANKARATRA,ANTSIRABE I,ANTSIRABE,17.4,-19.862704,47.026111,TRUE,TRUE,TRUE,FALSE,2G et 3G et 4G,2G-3G-4G,NON,TOA,JIRAMA + BATTERIE,2023,140301,ROOFTOP,null
1613,TELMA_VAK100,ABE_TOMBOARIVO,TELMA,VAKINANKARATRA,ANTSIRABE I,ANTSIRABE,17.4,-19.86932,47.043283,TRUE,TRUE,TRUE,FALSE,2G et 3G et 4G,2G-3G-4G,NON,TOA,JIRAMA + GE,2023,140301,ROOFTOP,null
1614,TELMA_VAK101,ABE_MAHAZINA,TELMA,VAKINANKARATRA,ANTSIRABE I,ANTSIRABE,37.4,-19.88321,47.033705,TRUE,TRUE,TRUE,FALSE,2G et 3G et 4G,2G-3G-4G,NON,TOA,CHARGE DÉCHARGE,2023,140301,GREENFIELD,null
1615,TELMA_VAK102,TRITRIVA,TELMA,VAKINANKARATRA,ANTSIRABE II,BELAZAO,37.4,-19.919584,46.962725,TRUE,TRUE,TRUE,FALSE,2G et 3G et 4G,2G-3G-4G,NON,TOA,ENERGIE SOLAIRE + GE,2022,140413,GREENFIELD,null
1616,TELMA_VAK103,VINANINKARENA,TELMA,VAKINANKARATRA,ANTSIRABE II,VINANINKARENA,27.4,-19.9574369481483,47.0441607705593,TRUE,TRUE,TRUE,FALSE,2G et 3G et 4G,2G-3G-4G,NON,TOA,ENERGIE SOLAIRE + GE,2023,140420,GREENFIELD,null
1617,TELMA_VAK104,AMBOHIBOAHANGY,TELMA,VAKINANKARATRA,AMBATOLAMPY,ANTANIMASAKA,37.4,-19.381155,47.584947,TRUE,TRUE,TRUE,FALSE,2G et 3G et 4G,2G-3G-4G,NON,TOA,ENERGIE SOLAIRE + GE,2022,140110,GREENFIELD,null
1618,TELMA_VAK105,AMBOHITOMPOHINA,TELMA,VAKINANKARATRA,ANTANIFOTSY,AMBOHITOMPOINA,37.4,-19.7633,47.5896,TRUE,TRUE,TRUE,FALSE,2G et 3G et 4G,2G-3G-4G,NON,TOA,ENERGIE SOLAIRE + GE,2023,140206,GREENFIELD,null
1619,TELMA_VAK106,VASINA,TELMA,VAKINANKARATRA,MANDOTO,VASIANA,9.4,-19.636388888888888,46.23305555555555,TRUE,TRUE,TRUE,FALSE,2G et 3G et 4G,2G-3G-4G,NON,TOA,ENERGIE SOLAIRE + GE,2023,140702,GREENFIELD,null
1620,TELMA_VAK107,ANTSAMPANIMAHAZOC2,TELMA,VAKINANKARATRA,FARATSIHO,ANTSAMPANIMAHAZO,9.4,-19.41111111111111,47.01833333333333,TRUE,FALSE,TRUE,FALSE,2G et 4G,2G-4G,NON,TOA,ENERGIE SOLAIRE,2023,140603,GREENFIELD,null
1621,TELMA_VAK109,ANTSAMPANDRANO,TELMA,VAKINANKARATRA,AMBATOLAMPY,ANTSAMPANDRANO,9.4,-19.545258,47.585424,TRUE,TRUE,TRUE,FALSE,2G et 3G et 4G,2G-3G-4G,NON,TOA,ENERGIE SOLAIRE + GE,2023,140111,GREENFIELD,null
1622,TELMA_VAK112,AMBOLOLONDRANO,TELMA,VAKINANKARATRA,AMBATOLAMPY,ANTANAMALAZA,37.4,-19.452129,47.678155,TRUE,TRUE,TRUE,FALSE,2G et 3G et 4G,2G-3G-4G,NON,TOA,ENERGIE SOLAIRE + GE,2023,140109,GREENFIELD,null
1623,TELMA_VAT001,MANANJARY,TELMA,VATOVAVY,MANANJARY,MANANJARY,52.4,-21.23703,48.34628,TRUE,TRUE,TRUE,FALSE,2G et 3G et 4G,2G-3G-4G,NON,TOA,SOUS COMPTEUR,2003,360219,GREENFIELD,null
1624,TELMA_VAT002,MANAKARA,TELMA,FITOVINANY,MANAKARA,MANAKARA,90.9,-22.148,48.01297,TRUE,TRUE,TRUE,FALSE,2G et 3G et 4G,2G-3G-4G,NON,TOA,SOUS COMPTEUR,2008,350224,GREENFIELD,null
1625,TELMA_VAT004,RANOMAFANA,TELMA,VATOVAVY,IFANADIANA,RANOMAFANA,37.4,-21.25158,47.43287,TRUE,TRUE,TRUE,FALSE,2G et 3G et 4G,2G-3G-4G,NON,TELMA,JIRAMA + GE,2008,360112,GREENFIELD,null
1626,TELMA_VAT005,VOHIPENO,TELMA,FITOVINANY,VOHIPENO,VOHIPENO,77.4,-22.35625,47.83825,TRUE,TRUE,TRUE,FALSE,2G et 3G et 4G,2G-3G-4G,NON,TELMA,JIRAMA + GE,2008,350318,GREENFIELD,null
1627,TELMA_VAT011,NOSYVARIKA,TELMA,VATOVAVY,NOSY VARIKA,NOSY VARIKA,7.4,-20.582,48.53336,TRUE,TRUE,TRUE,FALSE,2G et 3G et 4G,2G-3G-4G,NON,TELMA,CHARGE DÉCHARGE + JIRAMA,2008,360313,GREENFIELD,null
1628,TELMA_VAT012,AMPASIMANJEVA,TELMA,FITOVINANY,MANAKARA,BETAMPONA,37.4,-21.74719,48.10025,TRUE,TRUE,TRUE,FALSE,2G et 3G et 4G,2G-3G-4G,NON,TELMA,SOLDIÈSE,2008,350218,GREENFIELD,null
1629,TELMA_VAT013,ANTSENAVOLO,TELMA,VATOVAVY,MANANJARY,ANTSENAVOLO,48.4,-21.39417,48.04655,TRUE,TRUE,TRUE,FALSE,2G et 3G et 4G,2G-3G-4G,NON,TELMA,SOLDIÈSE,2008,360212,GREENFIELD,null
1630,TELMA_VAT014,RANOMAFANA_2,TELMA,VATOVAVY,IFANADIANA,RANOMAFANA,29.4,-21.25975,47.455083333333334,TRUE,TRUE,TRUE,FALSE,2G et 3G et 4G,2G-3G-4G,NON,TELMA,JIRAMA + GE,2017,360112,GREENFIELD,null
1631,TELMA_VAT016,IFANADIANA,TELMA,VATOVAVY,IFANADIANA,IFANADIANA,15.4,-21.30322,47.63678,TRUE,TRUE,TRUE,FALSE,2G et 3G et 4G,2G-3G-4G,NON,TELMA,JIRAMA + GE,2009,360108,GREENFIELD,null
1632,TELMA_VAT020,MASIANAKA,TELMA,ATSIMO ATSINANANA,VANGAINDRANO,MASIANAKA,75.4,-23.6292,47.594389,TRUE,TRUE,TRUE,FALSE,2G et 3G et 4G,2G-3G-4G,NON,TELMA,ENERGIE SOLAIRE + GE,2021,320419,GREENFIELD,null
1633,TELMA_VAT033,IKONGO,TELMA,FITOVINANY,IKONGO,IKONGO,22.4,-21.88158,47.43797,TRUE,FALSE,TRUE,FALSE,2G et 4G,2G-4G,NON,TELMA,CHARGE DÉCHARGE + JIRAMA,2012,350109,GREENFIELD,null
1634,TELMA_VAT039,MAHAZOARIVO SUD EST,TELMA,FITOVINANY,VOHIPENO,MAHAZOARIVO,37.4,-22.32894,47.56611,TRUE,TRUE,TRUE,FALSE,2G et 3G et 4G,2G-3G-4G,NON,TELMA,ENERGIE SOLAIRE + GE,2015,350311,GREENFIELD,null
1635,TELMA_VAT040,MAROFARIHY,TELMA,FITOVINANY,MANAKARA,MAROFARIHY,38.0,-22.02198,47.97105,TRUE,TRUE,TRUE,FALSE,2G et 3G et 4G,2G-3G-4G,NON,TELMA,SOLDIÈSE,2014,350226,GREENFIELD,null
1636,TELMA_VAT041,SAHAVATO,TELMA,VATOVAVY,NOSY VARIKA,SAHAVATO,47.4,-20.59861,48.29921,TRUE,TRUE,TRUE,FALSE,2G et 3G et 4G,2G-3G-4G,NON,TOA,ENERGIE SOLAIRE + GE,2014,360314,GREENFIELD,null
1637,TELMA_VAT046,MNKR_MANGARIVOTRA,TELMA,FITOVINANY,MANAKARA,MANAKARA,37.4,-22.13561,48.01181,TRUE,TRUE,TRUE,FALSE,2G et 3G et 4G,2G-3G-4G,NON,TELMA,JIRAMA + GE,2015,350224,GREENFIELD,null
1638,TELMA_VAT047,LOKOMBY,TELMA,FITOVINANY,MANAKARA,LOKOMBY,37.4,-22.1903,47.7585,TRUE,TRUE,TRUE,FALSE,2G et 3G et 4G,2G-3G-4G,NON,TOA,ENERGIE SOLAIRE + GE,2014,350221,GREENFIELD,null
1639,TELMA_VAT051,SAHASINAKA,TELMA,FITOVINANY,MANAKARA,SAHASINAKA,37.4,-21.82272,47.85217,TRUE,TRUE,TRUE,FALSE,2G et 3G et 4G,2G-3G-4G,NON,TOA,ENERGIE SOLAIRE + GE,2015,350235,GREENFIELD,null
1640,TELMA_VAT052,FENOMBY,TELMA,FITOVINANY,MANAKARA,FENOMBY,38.0,-21.775,47.76758,TRUE,TRUE,TRUE,FALSE,2G et 3G et 4G,2G-3G-4G,NON,TELMA,ENERGIE SOLAIRE + GE,2015,350219,GREENFIELD,null
1641,TELMA_VAT053,NAMORONA,TELMA,FITOVINANY,MANAKARA,NAMORONA,37.4,-21.63133,48.18597,TRUE,TRUE,TRUE,FALSE,2G et 3G et 4G,2G-3G-4G,NON,TOA,ENERGIE SOLAIRE + GE,2015,350248,GREENFIELD,null
1642,TELMA_VAT054,TOLONGOINA,TELMA,FITOVINANY,IKONGO,TOLONGOINA,37.4,-21.57592,47.49161,TRUE,TRUE,TRUE,FALSE,2G et 3G et 4G,2G-3G-4G,NON,TOA,ENERGIE SOLAIRE + GE,2015,350115,GREENFIELD,null
1643,TELMA_VAT057,AMBODILAFA,TELMA,VATOVAVY,NOSY VARIKA,AMBODILAFA,37.4,-20.52911,48.17466,TRUE,TRUE,TRUE,FALSE,2G et 3G et 4G,2G-3G-4G,NON,TOA,ENERGIE SOLAIRE + GE,2015,360304,GREENFIELD,null
1644,TELMA_VAT058,ANDONABE,TELMA,VATOVAVY,MANANJARY,ANDONABE,37.4,-21.49261,47.94064,TRUE,TRUE,TRUE,FALSE,2G et 3G et 4G,2G-3G-4G,NON,TOA,ENERGIE SOLAIRE + GE,2015,360206,GREENFIELD,null
1645,TELMA_VAT059,ANDRORANGAVOLA,TELMA,VATOVAVY,IFANADIANA,ANDRORANGAVOLA,47.4,-21.49272,47.72167,TRUE,TRUE,TRUE,FALSE,2G et 3G et 4G,2G-3G-4G,NON,TOA,ENERGIE SOLAIRE,2015,360104,GREENFIELD,null
1646,TELMA_VAT061,ANTEZA,TELMA,FITOVINANY,MANAKARA,ANTEZA,37.4,-21.69133,47.85539,TRUE,TRUE,TRUE,FALSE,2G et 3G et 4G,2G-3G-4G,NON,TOA,ENERGIE SOLAIRE + GE,2015,350216,GREENFIELD,null
1647,TELMA_VAT062,ILAKATRA,TELMA,FITOVINANY,VOHIPENO,ILAKATRA,37.4,-22.34853,47.67672,TRUE,TRUE,TRUE,FALSE,2G et 3G et 4G,2G-3G-4G,NON,TOA,ENERGIE SOLAIRE,2015,350306,GREENFIELD,null
1648,TELMA_VAT063,AMBAHY,TELMA,VATOVAVY,NOSY VARIKA,AMBAHY,47.4,-20.7708,48.48041,TRUE,TRUE,TRUE,FALSE,2G et 3G et 4G,2G-3G-4G,NON,TOA,ENERGIE SOLAIRE + GE,2015,360301,GREENFIELD,null
1649,TELMA_VAT065,AMBOHINIHAONANA,TELMA,VATOVAVY,MANANJARY,AMBOHINIHAONANA,37.4,-21.19174,47.94482,TRUE,TRUE,TRUE,FALSE,2G et 3G et 4G,2G-3G-4G,NON,TOA,ENERGIE SOLAIRE,2015,360204,GREENFIELD,null
1650,TELMA_VAT066,FIADANANA_SE,TELMA,VATOVAVY,NOSY VARIKA,SOAVINA,67.4,-20.44402,48.30582,TRUE,TRUE,TRUE,FALSE,2G et 3G et 4G,2G-3G-4G,NON,TOA,ENERGIE SOLAIRE + GE,2015,360315,GREENFIELD,null
1651,TELMA_VAT067,IFANIREA,TELMA,FITOVINANY,IKONGO,IFANIREA,67.4,-22.20376,47.48801,TRUE,TRUE,TRUE,FALSE,2G et 3G et 4G,2G-3G-4G,NON,TOA,ENERGIE SOLAIRE + GE,2015,350108,GREENFIELD,null
1652,TELMA_VAT069,MAHELA,TELMA,VATOVAVY,MANANJARY,MAHELA,47.4,-20.96572,48.4413,TRUE,TRUE,TRUE,FALSE,2G et 3G et 4G,2G-3G-4G,NON,TOA,ENERGIE SOLAIRE + GE,2015,360217,GREENFIELD,null
1653,TELMA_VAT070,MANAMPATRANA,TELMA,FITOVINANY,IKONGO,MANAMPATRANA,57.4,-21.66448,47.59657,TRUE,TRUE,TRUE,FALSE,2G et 3G et 4G,2G-3G-4G,NON,TOA,ENERGIE SOLAIRE + GE,2015,350111,GREENFIELD,null
1654,TELMA_VAT074,VOHILAVA,TELMA,VATOVAVY,MANANJARY,VOHILAVA,57.4,-21.08958,47.99044,TRUE,TRUE,TRUE,FALSE,2G et 3G et 4G,2G-3G-4G,NON,TOA,SOLDIÈSE,2015,360229,GREENFIELD,null
1655,TELMA_VAT076,AMBALAVOLO,TELMA,FITOVINANY,MANAKARA,MAVORANO,37.4,-21.82267,47.96003,TRUE,TRUE,TRUE,FALSE,2G et 3G et 4G,2G-3G-4G,NON,TOA,ENERGIE SOLAIRE,2015,350227,GREENFIELD,null
1656,TELMA_VAT077,ANDEMAKA,TELMA,FITOVINANY,VOHIPENO,MAHASOABE,37.4,-22.27594,47.76953,TRUE,TRUE,TRUE,FALSE,2G et 3G et 4G,2G-3G-4G,NON,TOA,ENERGIE SOLAIRE + GE,2015,350310,GREENFIELD,null
1657,TELMA_VAT078,MANEVINA,TELMA,FITOVINANY,MANAKARA,ANALAVORY,37.4,-21.67144,47.95492,TRUE,TRUE,TRUE,FALSE,2G et 3G et 4G,2G-3G-4G,NON,TOA,ENERGIE SOLAIRE + GE,2015,350214,GREENFIELD,null
1658,TELMA_VAT079,MNJR_TANAMBAO,TELMA,VATOVAVY,MANANJARY,MANANJARY,37.4,-21.22311,48.3433,TRUE,TRUE,TRUE,FALSE,2G et 3G et 4G,2G-3G-4G,NON,TOA,JIRAMA + GE,2016,360219,GREENFIELD,null
1659,TELMA_VAT080,MANAKARA_2,TELMA,FITOVINANY,MANAKARA,MANAKARA,37.4,-22.151172,48.001511,TRUE,TRUE,TRUE,FALSE,2G et 3G et 4G,2G-3G-4G,NON,TOA,CHARGE DÉCHARGE,2016,350224,GREENFIELD,null
1660,TELMA_VAT081,AMBOANIO2,TELMA,VATOVAVY,MANANJARY,MAHATSARA IEFAKA,37.4,-21.11925,48.364,TRUE,TRUE,TRUE,FALSE,2G et 3G et 4G,2G-3G-4G,NON,TOA,ENERGIE SOLAIRE,2015,360214,GREENFIELD,null
1661,TELMA_VAT082,TSIATOSIKA,TELMA,VATOVAVY,MANANJARY,TSIATOSIKA,37.4,-21.21475,48.23942,TRUE,TRUE,TRUE,FALSE,2G et 3G et 4G,2G-3G-4G,NON,TOA,ENERGIE SOLAIRE,2015,360227,GREENFIELD,null
1662,TELMA_VAT083,TSARAVARY,TELMA,VATOVAVY,MANANJARY,TSARAVARY,37.4,-21.24472,48.30675,TRUE,TRUE,TRUE,FALSE,2G et 3G et 4G,2G-3G-4G,NON,TOA,ENERGIE SOLAIRE + GE,2015,360226,GREENFIELD,null
1663,TELMA_VAT088,AMBATOSY,TELMA,FITOVINANY,MANAKARA,BEKATRA,37.4,-22.105666666666668,47.68691666666667,TRUE,TRUE,TRUE,FALSE,2G et 3G et 4G,2G-3G-4G,NON,TOA,ENERGIE SOLAIRE + GE,2018,350217,GREENFIELD,null
1664,TELMA_VAT089,MNKR_ANDRANOVATO,TELMA,FITOVINANY,MANAKARA,MANAKARA,27.4,-22.14063888888889,48.00436111111111,TRUE,TRUE,TRUE,FALSE,2G et 3G et 4G,2G-3G-4G,NON,TOA,CHARGE DÉCHARGE + JIRAMA,2018,350224,GREENFIELD,null
1665,TELMA_VAT090,MNJR_ANKADIRANO,TELMA,VATOVAVY,MANANJARY,MANANJARY,27.4,-21.23036111111111,48.34986111111111,TRUE,TRUE,TRUE,FALSE,2G et 3G et 4G,2G-3G-4G,NON,TOA,JIRAMA + GE,2018,360219,GREENFIELD,null
1666,TELMA_VAT098,ANDRANOMAVO EST,TELMA,VATOVAVY,MANANJARY,ANDRANOMAVO,37.4,-20.942027777777778,48.178333333333335,TRUE,TRUE,TRUE,FALSE,2G et 3G et 4G,2G-3G-4G,NON,TOA,ENERGIE SOLAIRE + GE,2018,360208,GREENFIELD,null
1667,TELMA_VAT099,MNKR_AMBALAKAZAHA,TELMA,FITOVINANY,MANAKARA,MANAKARA,37.4,-22.14666666666667,48.00555555555555,TRUE,TRUE,TRUE,FALSE,2G et 3G et 4G,2G-3G-4G,NON,TOA,CHARGE DÉCHARGE + JIRAMA,2019,350224,GREENFIELD,null
1668,TELMA_VAT100,MANAKARA MANGARIVOTRA2,TELMA,FITOVINANY,MANAKARA,MANAKARA,37.4,-22.1362638888889,48.0126055555556,TRUE,TRUE,TRUE,FALSE,2G et 3G et 4G,2G-3G-4G,NON,TOA,CHARGE DÉCHARGE + JIRAMA,2019,350224,GREENFIELD,null
1669,TELMA_VAT101,AMPASIMANJEVA2,TELMA,FITOVINANY,MANAKARA,AMPASIMANJEVA,37.4,-21.74335,48.0397444444444,TRUE,TRUE,TRUE,FALSE,2G et 3G et 4G,2G-3G-4G,NON,TOA,ENERGIE SOLAIRE + GE,2020,350211,GREENFIELD,null
1670,TELMA_VAT102,KELILALINA,TELMA,VATOVAVY,IFANADIANA,KELILALINA,37.4,-21.285931,47.561894,TRUE,TRUE,TRUE,FALSE,2G et 3G et 4G,2G-3G-4G,NON,TOA,ENERGIE SOLAIRE + GE,2019,360109,GREENFIELD,null
1671,TELMA_VAT103,AMBOHIMANGA ATSIMO,TELMA,VATOVAVY,IFANADIANA,AMBOHIMANGA SUD,37.4,-20.881786,47.584589,TRUE,TRUE,TRUE,FALSE,2G et 3G et 4G,2G-3G-4G,NON,TOA,ENERGIE SOLAIRE + GE,2019,360101,GREENFIELD,null
1672,TELMA_VAT104,AMBODINONOKA,TELMA,VATOVAVY,NOSY VARIKA,VOHITRANDRIANA,37.4,-20.71213,48.250275,TRUE,TRUE,TRUE,FALSE,2G et 3G et 4G,2G-3G-4G,NON,TOA,ENERGIE SOLAIRE + GE,2019,360318,GREENFIELD,null
1673,TELMA_VAT105,KIANJAVATO,TELMA,VATOVAVY,MANANJARY,KIANJAVATO,37.4,-21.348463,47.809269,TRUE,TRUE,TRUE,FALSE,2G et 3G et 4G,2G-3G-4G,NON,TOA,ENERGIE SOLAIRE + GE,2020,360213,GREENFIELD,null
1674,TELMA_VAT106,MORAFENO SUD EST,TELMA,VATOVAVY,MANANJARY,MORAFENO,47.4,-21.103361,48.190175,TRUE,TRUE,TRUE,FALSE,2G et 3G et 4G,2G-3G-4G,NON,TOA,ENERGIE SOLAIRE + GE,2019,360223,GREENFIELD,null
1675,TELMA_VAT107,AMBATOFOTSY VAT,TELMA,FITOVINANY,IKONGO,AMBATOFOTSY,37.4,-21.767776,47.503723,TRUE,TRUE,TRUE,FALSE,2G et 3G et 4G,2G-3G-4G,NON,TOA,ENERGIE SOLAIRE + GE,2020,350101,GREENFIELD,null
1676,TELMA_VAT108,AMBOLOMADINIKA,TELMA,FITOVINANY,IKONGO,AMBOLOMADINIKA,37.4,-21.931194444444444,47.400555555555556,TRUE,TRUE,TRUE,FALSE,2G et 3G et 4G,2G-3G-4G,NON,TOA,ENERGIE SOLAIRE + GE,2020,350104,GREENFIELD,null
1677,TELMA_VAT109,AMPASINAMBO,TELMA,VATOVAVY,NOSY VARIKA,AMPASINAMBO,37.4,-20.540183,47.969927,TRUE,FALSE,TRUE,FALSE,2G et 4G,2G-4G,NON,TOA,ENERGIE SOLAIRE + GE,2021,360306,GREENFIELD,null
1678,TELMA_VAT110,LANIVO,TELMA,FITOVINANY,VOHIPENO,ANKARIMBARY,37.4,-22.290886,47.827507,TRUE,TRUE,TRUE,FALSE,2G et 3G et 4G,2G-3G-4G,NON,TOA,ENERGIE SOLAIRE + GE,2021,350302,GREENFIELD,null
1679,TELMA_VAT111,VOHIDAVA,TELMA,FITOVINANY,VOHIPENO,VOHINDAVA,37.4,-22.413287,47.865783,TRUE,TRUE,TRUE,FALSE,2G et 3G et 4G,2G-3G-4G,NON,TOA,ENERGIE SOLAIRE + GE,2020,350317,GREENFIELD,null
1680,TELMA_VAT112,SANDROY,TELMA,VATOVAVY,MANANJARY,VATOHANDRINA,37.4,-21.594249,47.848578,TRUE,TRUE,TRUE,FALSE,2G et 3G et 4G,2G-3G-4G,NON,TOA,ENERGIE SOLAIRE + GE,2020,360228,GREENFIELD,null
1681,TELMA_VAT113,BELEMOKA,TELMA,FITOVINANY,IKONGO,BELEMOKA,37.4,-21.779243,47.624069,TRUE,TRUE,TRUE,FALSE,2G et 3G et 4G,2G-3G-4G,NON,TOA,ENERGIE SOLAIRE + GE,2020,350107,GREENFIELD,null
1682,TELMA_VAT114,IFATSY,TELMA,FITOVINANY,VOHIPENO,ANTANANABO,37.4,-22.426736,47.740673,TRUE,TRUE,TRUE,FALSE,2G et 3G et 4G,2G-3G-4G,NON,TOA,ENERGIE SOLAIRE + GE,2020,350304,GREENFIELD,null
1683,TELMA_VAT116,AMBOANJO,TELMA,FITOVINANY,MANAKARA,AMBOANJO,37.4,-21.971558,47.840695,TRUE,TRUE,TRUE,FALSE,2G et 3G et 4G,2G-3G-4G,NON,TOA,ENERGIE SOLAIRE + GE,2021,350207,GREENFIELD,null
1684,TELMA_VAT117,VOHIBOREKA,TELMA,FITOVINANY,IKONGO,KALAFOTSY,37.4,-22.266416666666668,47.24483333333333,TRUE,TRUE,TRUE,FALSE,2G et 3G et 4G,2G-3G-4G,NON,TOA,ENERGIE SOLAIRE + GE,2023,350110,GREENFIELD,null
1685,TELMA_VAT121,VOHIDROA,TELMA,VATOVAVY,NOSY VARIKA,VOHIDROA,37.4,-20.6708111,48.1986611,TRUE,FALSE,TRUE,FALSE,2G et 4G,2G-4G,NON,TOA,ENERGIE SOLAIRE + GE,2022,360316,GREENFIELD,null
1686,TELMA_VAT123,AMBOHITSARA EST,TELMA,VATOVAVY,MANANJARY,AMBOHITSARA EST,37.4,-20.8565361,48.4346111,TRUE,TRUE,TRUE,FALSE,2G et 3G et 4G,2G-3G-4G,NON,TOA,ENERGIE SOLAIRE + GE,2021,360205,GREENFIELD,null
1687,TELMA_VAT124,MAROMIANDRA,TELMA,FITOVINANY,IKONGO,AMBINANITROMBY,37.4,-21.6844691745981,47.5150771855737,TRUE,TRUE,TRUE,FALSE,2G et 3G et 4G,2G-3G-4G,NON,TOA,ENERGIE SOLAIRE + GE,2022,350102,GREENFIELD,null
1688,TELMA_VAT125,SAHAFARY,TELMA,VATOVAVY,NOSY VARIKA,AMBODIRIAN'I SAHAFARY,37.4,-20.5013288765693,48.4422975551717,TRUE,TRUE,TRUE,FALSE,2G et 3G et 4G,2G-3G-4G,NON,TOA,ENERGIE SOLAIRE + GE,2022,360305,GREENFIELD,null
1689,TELMA_VAT126,AMPAHOMANITRA,TELMA,VATOVAVY,NOSY VARIKA,NOSY VARIKA,37.4,-20.6291043109796,48.514226448577,TRUE,TRUE,TRUE,FALSE,2G et 3G et 4G,2G-3G-4G,NON,TOA,ENERGIE SOLAIRE + GE,2022,360313,GREENFIELD,null
1690,TELMA_VAT127,IFANADIANA TRANS,TELMA,VATOVAVY,IFANADIANA,IFANADIANA,37.4,-21.2977807325065,47.6235842374227,TRUE,TRUE,TRUE,FALSE,2G et 3G et 4G,2G-3G-4G,NON,TOA,ENERGIE SOLAIRE + GE,2023,360108,GREENFIELD,null
1691,TELMA_VAT128,TOLONGOINA_TANANA,TELMA,FITOVINANY,IKONGO,TOLONGOINA,37.4,-21.5620493289657,47.5145407932339,TRUE,TRUE,TRUE,FALSE,2G et 3G et 4G,2G-3G-4G,NON,TOA,CHARGE DÉCHARGE,2023,350115,GREENFIELD,null
1692,TELMA_VAT130,NOSYVARIKA DENSIF,TELMA,VATOVAVY,NOSY VARIKA,NOSY VARIKA,27.4,-20.591657,48.533351,TRUE,TRUE,TRUE,FALSE,2G et 3G et 4G,2G-3G-4G,NON,TOA,CHARGE DÉCHARGE,2022,360313,GREENFIELD,null
1693,TELMA_VAT131,VOHITRINDRY,TELMA,FITOVINANY,VOHIPENO,VOHITRINDRY,37.4,-22.38768,47.842186,TRUE,TRUE,TRUE,FALSE,2G et 3G et 4G,2G-3G-4G,NON,TOA,ENERGIE SOLAIRE + GE,2022,350319,GREENFIELD,null
1694,TELMA_VAT133,MIZILO GARA C1,TELMA,FITOVINANY,MANAKARA,MIZILO GARE,37.4,-21.917907,47.903413,TRUE,TRUE,TRUE,FALSE,2G et 3G et 4G,2G-3G-4G,NON,TOA,ENERGIE SOLAIRE + GE,2022,350229,GREENFIELD,null
1695,TELMA_VAT134,SAHANAMBOHITRA,TELMA,FITOVINANY,MANAKARA,SAHANAMBOHITRA,9.4,-21.86638888888889,47.78805555555556,TRUE,FALSE,TRUE,FALSE,2G et 4G,2G-4G,NON,TOA,ENERGIE SOLAIRE,2023,350233,GREENFIELD,null
1696,TELMA_VAT135,IKONGO DSF,TELMA,FITOVINANY,IKONGO,IKONGO,9.4,-21.831944444444446,47.454166666666666,TRUE,FALSE,TRUE,FALSE,2G et 4G,2G-4G,NON,TOA,ENERGIE SOLAIRE,2023,350109,GREENFIELD,null
1697,TELMA_VAT136,AMBOANJOBE GARA,TELMA,FITOVINANY,IKONGO,MANAMPATRANA,9.4,-21.616549,47.574943,TRUE,FALSE,TRUE,FALSE,2G et 4G,2G-4G,NON,TOA,ENERGIE SOLAIRE,2023,350111,GREENFIELD,null
1698,TELMA_VAT137,MB GOLD MANANJARY,TELMA,VATOVAVY,MANANJARY,AMBOHIMIARINA II,9.4,-21.328611111111112,47.999722222222225,TRUE,TRUE,TRUE,FALSE,2G et 3G et 4G,2G-3G-4G,NON,TOA,CHARGE DÉCHARGE,2022,360203,GREENFIELD,null
1699,TELMA_VAT138,TSARATANANA,TELMA,VATOVAVY,IFANADIANA,TSARATANANA,9.4,-21.177364,47.643723,TRUE,FALSE,TRUE,FALSE,2G et 4G,2G-4G,NON,TOA,CHARGE DÉCHARGE + JIRAMA,2023,360113,GREENFIELD,null
1700,TELMA_VAT142,IRONDRO,TELMA,VATOVAVY,MANANJARY,ANTSENAVOLO,37.4,-21.410369,47.966506,TRUE,TRUE,TRUE,FALSE,2G et 3G et 4G,2G-3G-4G,NON,TOA,ENERGIE SOLAIRE + GE,2023,360212,GREENFIELD,null
1,GULFSAT_T01,GULFSAT Digue (Andranoabo),GULFSAT,ANALAMANGA,ANTANANARIVO_I,CU ANTANANARIVO (Arr.I),null,-18.88741111111111,47.48950833333333,FALSE,TRUE,FALSE,FALSE,null,3G-WIMAX,null,null,null,2020,110701,null,WIMAX
2,GULFSAT_T02,Anosisoa,GULFSAT,ANALAMANGA,ANTANANARIVO_VI,CU ANTANANARIVO (ARR.VI ),null,-18.870441666666668,47.49256944444445,FALSE,TRUE,TRUE,FALSE,null,3G-4G-WIMAX,null,null,null,2020,111201,null,WIMAX
3,GULFSAT_T03,Rova (Ambohimitsimbina),GULFSAT,ANALAMANGA,ANTANANARIVO_II,CU ANTANANARIVO (Arr.II),null,-18.92588611111111,47.53134722222222,FALSE,FALSE,TRUE,FALSE,null,4G-WIMAX,null,null,null,2020,110801,null,WIMAX
4,GULFSAT_T04,Fort Duschene,GULFSAT,ANALAMANGA,ANTANANARIVO_III,CU ANTANANARIVO (Arr.III),null,-18.9109222222222,47.545994444444446,FALSE,TRUE,TRUE,FALSE,null,3G-4G-WIMAX,null,null,null,2020,110901,null,WIMAX
5,GULFSAT_T05,Fort Voyron,GULFSAT,ANALAMANGA,ANTANANARIVO_IV,CU ANTANANARIVO (Arr.IV),null,-18.9296222222222,47.522875,FALSE,TRUE,TRUE,FALSE,null,3G-4G-WIMAX,null,null,null,2020,111001,null,WIMAX
6,GULFSAT_T06,Ilafy Ambohibe,GULFSAT,ANALAMANGA,ANTANANARIVO AVARADRANO,ANKADIKELY ILAFY,null,-18.8799166666667,47.5755527777778,FALSE,TRUE,TRUE,FALSE,null,3G-4G-WIMAX,null,null,null,2020,110607,null,WIMAX
7,GULFSAT_T07,Ambohidratrimo (Coranic),GULFSAT,ANALAMANGA,AMBOHIDRATRIMO,AMBOHIDRATRIMO,null,-18.815383333333333,47.45039444444445,FALSE,TRUE,TRUE,FALSE,null,3G-4G-WIMAX,null,null,null,2020,110103,null,WIMAX
8,GULFSAT_T08,Ambohidroa,GULFSAT,ANALAMANGA,ANTANANARIVO_VI,CU ANTANANARIVO (ARR.VI ),null,-18.85396389,47.4846583333333,FALSE,TRUE,TRUE,FALSE,null,3G-4G-WIMAX,null,null,null,2020,111201,null,WIMAX
9,GULFSAT_T09,Talatamaty (Hôtel Medicis),GULFSAT,ANALAMANGA,AMBOHIDRATRIMO,TALATAMATY,null,-18.840780555555554,47.461844444444445,FALSE,TRUE,TRUE,FALSE,null,3G-4G-WIMAX,null,null,null,2020,110125,null,WIMAX
10,GULFSAT_T0A,Mandrosoa Ivato,GULFSAT,ANALAMANGA,AMBOHIDRATRIMO,IVATO,null,-18.821141666666666,47.46675277777778,FALSE,TRUE,TRUE,FALSE,null,3G-4G-WIMAX,null,null,null,2020,110118,null,WIMAX
11,GULFSAT_T0B,Itaosy Ambonisoa,GULFSAT,ANALAMANGA,ANTANANARIVO ATSIMONDRANO,ITAOSY,null,-18.9139222222222,47.4845222222222,FALSE,TRUE,TRUE,FALSE,null,3G-4G-WIMAX,null,null,null,2020,110522,null,WIMAX
12,GULFSAT_T0C,ANS Ampefiloha,GULFSAT,ANALAMANGA,ANTANANARIVO_I,CU ANTANANARIVO (Arr.I),null,-18.916597222222222,47.514516666666665,FALSE,TRUE,TRUE,FALSE,null,3G-4G,null,null,null,2020,110701,null,null
13,GULFSAT_T0D,Antaninarenina (EDBM),GULFSAT,ANALAMANGA,ANTANANARIVO_I,CU ANTANANARIVO (Arr.I),null,-18.9105555555556,47.5229861111111,FALSE,TRUE,TRUE,FALSE,null,3G-4G-WIMAX,null,null,null,2020,110701,null,WIMAX
14,GULFSAT_T0E,Andoharanofotsy,GULFSAT,ANALAMANGA,ANTANANARIVO ATSIMONDRANO,ANDOHARANOFOTSY,null,-18.972305555555554,47.533027777777775,FALSE,TRUE,TRUE,FALSE,null,3G-4G-WIMAX,null,null,null,2020,110511,null,WIMAX
15,GULFSAT_T0F,Mahazo,GULFSAT,ANALAMANGA,ANTANANARIVO_V,CU ANTANANARIVO (Arr.V),null,-18.894791666666666,47.559063888888886,FALSE,TRUE,TRUE,FALSE,null,3G-4G-WIMAX,null,null,null,2020,111101,null,WIMAX
16,GULFSAT_T4E,Ampasapito (Météo),GULFSAT,ANALAMANGA,ANTANANARIVO_V,CU ANTANANARIVO (Arr.V),null,-18.894880555555556,47.544716666666666,FALSE,TRUE,TRUE,FALSE,null,3G-4G-WIMAX,null,null,null,2020,111101,null,WIMAX
17,GULFSAT_T11,Manjakaray,GULFSAT,ANALAMANGA,ANTANANARIVO_V,CU ANTANANARIVO (Arr.V),null,-18.890525,47.53312777777778,FALSE,TRUE,FALSE,FALSE,null,3G-WIMAX,null,null,null,2020,111101,null,WIMAX
18,GULFSAT_T12,Ivandry Alarobia (Château d'eau),GULFSAT,ANALAMANGA,ANTANANARIVO_V,CU ANTANANARIVO (Arr.V),null,-18.8701083333333,47.52457222222222,FALSE,TRUE,TRUE,FALSE,null,3G-4G-WIMAX,null,null,null,2020,111101,null,WIMAX
19,GULFSAT_T13,Ambatobe,GULFSAT,ANALAMANGA,ANTANANARIVO_V,CU ANTANANARIVO (Arr.V),null,-18.87265,47.55298888888888,FALSE,TRUE,TRUE,FALSE,null,3G-4G-WIMAX,null,null,null,2020,111101,null,WIMAX
20,GULFSAT_T14,Antanimena,GULFSAT,ANALAMANGA,ANTANANARIVO_I,CU ANTANANARIVO (Arr.I),null,-18.90086667,47.52754167,FALSE,TRUE,TRUE,FALSE,null,3G-4G-WIMAX,null,null,null,2020,110701,null,WIMAX
21,GULFSAT_T24,Ankadifotsy (Villa Marie Louis),GULFSAT,ANALAMANGA,ANTANANARIVO_III,CU ANTANANARIVO (Arr.III),null,-18.900866666666666,47.527541666666664,FALSE,TRUE,TRUE,FALSE,null,3G-4G,null,null,null,2020,110901,null,null
22,GULFSAT_T15,Tanjombato,GULFSAT,ANALAMANGA,ANTANANARIVO ATSIMONDRANO,TANJOMBATO,null,-18.958616666666664,47.52726666666666,FALSE,TRUE,TRUE,FALSE,null,3G-4G-WIMAX,null,null,null,2020,110525,null,WIMAX
23,GULFSAT_SANSCODE-GULFSAT-23,Ambohimiandra,GULFSAT,ANALAMANGA,ANTANANARIVO_II,CU ANTANANARIVO (Arr.II),null,-18.93111111111111,47.544069444444446,FALSE,FALSE,TRUE,FALSE,null,4G,null,null,null,2020,110801,null,null
24,GULFSAT_T17,Ambanidia,GULFSAT,ANALAMANGA,ANTANANARIVO_II,CU ANTANANARIVO (Arr.II),null,-18.91943888888889,47.53799444444444,FALSE,TRUE,TRUE,FALSE,null,3G-4G,null,null,null,2020,110801,null,null
25,GULFSAT_T18,Ampandrana,GULFSAT,ANALAMANGA,ANTANANARIVO_III,CU ANTANANARIVO (Arr.III),null,-18.905580555555556,47.5319972222222,FALSE,TRUE,TRUE,FALSE,null,3G-4G-WIMAX,null,null,null,2020,110901,null,WIMAX
26,GULFSAT_T19,Ankadindravola Ambohijanahary,GULFSAT,ANALAMANGA,AMBOHIDRATRIMO,IVATO,null,-18.825558333333333,47.48692777777778,FALSE,TRUE,TRUE,FALSE,null,3G-4G-WIMAX,null,null,null,2020,110118,null,WIMAX
27,GULFSAT_T1A,Ambohibao,GULFSAT,ANALAMANGA,AMBOHIDRATRIMO,TALATAMATY,null,-18.84513056,47.47344444,FALSE,TRUE,TRUE,FALSE,null,3G-4G-WIMAX,null,null,null,2020,110125,null,WIMAX
28,GULFSAT_T1B,Ambohitrarahaba,GULFSAT,ANALAMANGA,ANTANANARIVO AVARADRANO,ANKADIKELY ILAFY,null,-18.86042777777778,47.544866666666664,FALSE,TRUE,TRUE,FALSE,null,3G-4G-WIMAX,null,null,null,2020,110607,null,WIMAX
29,GULFSAT_T1C,Ambohipo,GULFSAT,ANALAMANGA,ANTANANARIVO_II,CU ANTANANARIVO (Arr.II),null,-18.923594444444447,47.554824999999994,FALSE,TRUE,TRUE,FALSE,null,3G-4G-WIMAX,null,null,null,2020,110801,null,WIMAX
30,GULFSAT_T1E,67Ha Sud,GULFSAT,ANALAMANGA,ANTANANARIVO_I,CU ANTANANARIVO (Arr.I),null,-18.91423611111111,47.509025,FALSE,TRUE,TRUE,FALSE,null,3G-4G,null,null,null,2020,110701,null,null
31,GULFSAT_T1F,Ambohimamory,GULFSAT,ANALAMANGA,ANTANANARIVO ATSIMONDRANO,AMPITATAFIKA,null,-18.932144444444447,47.481386111111114,FALSE,TRUE,TRUE,FALSE,null,3G-4G-WIMAX,null,null,null,2020,110510,null,WIMAX
32,GULFSAT_T20,Mahamasina,GULFSAT,ANALAMANGA,ANTANANARIVO_IV,CU ANTANANARIVO (Arr.IV),null,-18.922305555555557,47.52403611111111,FALSE,TRUE,TRUE,FALSE,null,3G-4G,null,null,null,2020,111001,null,null
33,GULFSAT_T21,Faravohitra (Lycée Jules Ferry),GULFSAT,ANALAMANGA,ANTANANARIVO_I,CU ANTANANARIVO (Arr.I),null,-18.9082944444444,47.529938888888886,FALSE,FALSE,TRUE,FALSE,null,4G-WIMAX-BLR,null,null,null,2020,110701,null,WIMAX-BLR
34,GULFSAT_T22,Ambolokandrina,GULFSAT,ANALAMANGA,ANTANANARIVO_II,CU ANTANANARIVO (Arr.II),null,-18.911383333333333,47.563138888888886,FALSE,TRUE,TRUE,FALSE,null,3G-4G-WIMAX,null,null,null,2020,110801,null,WIMAX
35,GULFSAT_T23,Isoraka,GULFSAT,ANALAMANGA,ANTANANARIVO_I,CU ANTANANARIVO (Arr.I),null,-18.910252777777778,47.51748055555556,FALSE,TRUE,TRUE,FALSE,null,3G-4G,null,null,null,2020,110701,null,null
36,GULFSAT_T25,Ambatomainty,GULFSAT,ANALAMANGA,ANTANANARIVO_V,CU ANTANANARIVO (Arr.V),null,-18.89455,47.53936111111111,FALSE,TRUE,TRUE,FALSE,null,3G-4G-WIMAX,null,null,null,2020,111101,null,WIMAX
37,GULFSAT_T26,Ivato Bout de Piste,GULFSAT,ANALAMANGA,AMBOHIDRATRIMO,IVATO,null,-18.783797222222223,47.466825,FALSE,TRUE,FALSE,FALSE,null,3G,null,null,null,2020,110118,null,null
38,GULFSAT_T27,Itaosy,GULFSAT,ANALAMANGA,ANTANANARIVO ATSIMONDRANO,ITAOSY,null,-18.9197611111111,47.4715361111111,FALSE,TRUE,TRUE,FALSE,null,3G-4G-WIMAX,null,null,null,2020,110522,null,WIMAX
39,GULFSAT_T28,Ivandry Nord (MGOLB),GULFSAT,ANALAMANGA,ANTANANARIVO_V,CU ANTANANARIVO (Arr.V),null,-18.86584944,47.53034167,FALSE,TRUE,FALSE,FALSE,null,3G-WIMAX,null,null,null,2020,111101,null,WIMAX
40,GULFSAT_T29,Ivandry Sud,GULFSAT,ANALAMANGA,ANTANANARIVO_V,CU ANTANANARIVO (Arr.V),null,-18.872744444444447,47.53422777777777,FALSE,TRUE,TRUE,FALSE,null,3G-4G-WIMAX,null,null,null,2020,111101,null,WIMAX
41,GULFSAT_T2B,67Ha Nord,GULFSAT,ANALAMANGA,ANTANANARIVO_I,CU ANTANANARIVO (Arr.I),null,-18.9015,47.506569444444445,FALSE,TRUE,TRUE,FALSE,null,3G-4G,null,null,null,2020,110701,null,null
42,GULFSAT_T2C,Antanimena Ouest (Douane),GULFSAT,ANALAMANGA,ANTANANARIVO_I,CU ANTANANARIVO (Arr.I),null,-18.8978277777778,47.518388888888886,FALSE,TRUE,FALSE,FALSE,null,3G-WIMAX,null,null,null,2020,110701,null,WIMAX
43,GULFSAT_T4F,Ambohimanambola,GULFSAT,ANALAMANGA,ANTANANARIVO AVARADRANO,AMBOHIMANAMBOLA,null,-18.947444444444443,47.601861,FALSE,TRUE,TRUE,FALSE,null,3G-4G-WIMAX,null,null,null,2020,110603,null,WIMAX
44,GULFSAT_T2D,Sabotsy Namehana,GULFSAT,ANALAMANGA,ANTANANARIVO AVARADRANO,SABOTSY NAMEHANA,null,-18.835666666666665,47.558875,FALSE,TRUE,TRUE,FALSE,null,3G-4G-WIMAX,null,null,null,2020,110612,null,WIMAX
45,GULFSAT_T2E,Ankadikely Ilafy,GULFSAT,ANALAMANGA,ANTANANARIVO AVARADRANO,ANKADIKELY ILAFY,null,-18.8502361111111,47.55636388888889,FALSE,TRUE,TRUE,FALSE,null,3G-4G-WIMAX,null,null,null,2020,110607,null,WIMAX
46,GULFSAT_T2F,Amboaroy,GULFSAT,ANALAMANGA,AMBOHIDRATRIMO,ANTEHIROKA,null,-18.83392222222222,47.493005555555555,FALSE,TRUE,TRUE,FALSE,null,3G-4G,null,null,null,2020,110112,null,null
47,GULFSAT_T30,Alasora,GULFSAT,ANALAMANGA,ANTANANARIVO AVARADRANO,ALASORA,null,-18.956377777777778,47.56740277777778,FALSE,TRUE,TRUE,FALSE,null,3G-4G-WIMAX,null,null,null,2020,110601,null,WIMAX
48,GULFSAT_T31,Androndra,GULFSAT,ANALAMANGA,ANTANANARIVO_II,CU ANTANANARIVO (Arr.II),null,-18.93843889,47.54103611,FALSE,TRUE,TRUE,FALSE,null,3G-4G-WIMAX,null,null,null,2020,110801,null,WIMAX
49,GULFSAT_T32,Betafo Ambohimanarina,GULFSAT,ANALAMANGA,ANTANANARIVO_VI,CU ANTANANARIVO (ARR.VI ),null,-18.8779,47.50288888888889,FALSE,TRUE,FALSE,FALSE,null,3G-WIMAX,null,null,null,2020,111201,null,WIMAX
50,GULFSAT_T33,Ambohitrimanjaka,GULFSAT,ANALAMANGA,AMBOHIDRATRIMO,AMBOHITRIMANJAKA,null,-18.866505555555555,47.452894444444446,FALSE,TRUE,TRUE,FALSE,null,3G-4G,null,null,null,2020,110106,null,null
51,GULFSAT_T34,Iavoloha,GULFSAT,ANALAMANGA,ANTANANARIVO ATSIMONDRANO,ANDOHARANOFOTSY,null,-19.0023111111111,47.5369777777778,FALSE,TRUE,TRUE,FALSE,null,3G-4G-WIMAX,null,null,null,2020,110511,null,WIMAX
52,GULFSAT_T35,Andoharanofotsy Sud,GULFSAT,ANALAMANGA,ANTANANARIVO ATSIMONDRANO,ANDOHARANOFOTSY,null,-18.986191666666667,47.528930555555554,FALSE,TRUE,TRUE,FALSE,null,3G-4G-WIMAX,null,null,null,2020,110511,null,WIMAX
53,GULFSAT_T36,Amparibe,GULFSAT,ANALAMANGA,ANTANANARIVO_I,CU ANTANANARIVO (Arr.I),null,-18.915105555555556,47.5274,FALSE,TRUE,FALSE,FALSE,null,3G,null,null,null,2020,110701,null,null
54,GULFSAT_T37,Analakely (RM1),GULFSAT,ANALAMANGA,ANTANANARIVO_I,CU ANTANANARIVO (Arr.I),null,-18.90912222222222,47.52761388888889,FALSE,TRUE,TRUE,FALSE,null,3G-4G,null,null,null,2020,110701,null,null
55,GULFSAT_T38,Andafiavaratra,GULFSAT,ANALAMANGA,ANTANANARIVO_II,CU ANTANANARIVO (Arr.II),null,-18.920472222222223,47.53322222222222,FALSE,TRUE,TRUE,FALSE,null,3G-4G-WIMAX,null,null,null,2020,110801,null,WIMAX
56,GULFSAT_T39,Ampandrianomby,GULFSAT,ANALAMANGA,ANTANANARIVO_V,CU ANTANANARIVO (Arr.V),null,-18.901925,47.54781944444444,FALSE,TRUE,TRUE,FALSE,null,3G-4G-WIMAX,null,null,null,2020,111101,null,WIMAX
57,GULFSAT_T3A,Anosibe 2,GULFSAT,ANALAMANGA,ANTANANARIVO_IV,CU ANTANANARIVO (Arr.IV),null,-18.926258333333333,47.51212777777778,FALSE,TRUE,TRUE,FALSE,null,3G-4G,null,null,null,2020,111001,null,null
58,GULFSAT_T3B,Antohomadinika,GULFSAT,ANALAMANGA,ANTANANARIVO_I,CU ANTANANARIVO (Arr.I),null,-18.9048888888889,47.5160194444444,FALSE,TRUE,TRUE,FALSE,null,3G-4G-WIMAX,null,null,null,2020,110701,null,WIMAX
59,GULFSAT_T3C,Andraharo-II,GULFSAT,ANALAMANGA,ANTANANARIVO_VI,CU ANTANANARIVO (ARR.VI ),null,-18.87921667,47.50635,FALSE,FALSE,TRUE,FALSE,null,4G-WIMAX,null,null,null,2020,111201,null,WIMAX
60,GULFSAT_T3D,Anosipatrana,GULFSAT,ANALAMANGA,ANTANANARIVO_IV,CU ANTANANARIVO (Arr.IV),null,-18.9292388888889,47.4987777777778,FALSE,TRUE,TRUE,FALSE,null,3G-4G-WIMAX,null,null,null,2020,111001,null,WIMAX
61,GULFSAT_T3E,Ambohidrapeto,GULFSAT,ANALAMANGA,ANTANANARIVO ATSIMONDRANO,AMBOHIDRAPETO,null,-18.90362778,47.47673888888889,FALSE,TRUE,TRUE,FALSE,null,3G-4G-WIMAX,null,null,null,2020,110506,null,WIMAX
62,GULFSAT_T3F,Mamory Ivato,GULFSAT,ANALAMANGA,AMBOHIDRATRIMO,IVATO,null,-18.8062388888889,47.474444444444444,FALSE,TRUE,TRUE,FALSE,null,3G-4G-WIMAX,null,null,null,2020,110118,null,WIMAX
63,GULFSAT_T52,Antanetibe,GULFSAT,ANALAMANGA,AMBOHIDRATRIMO,ANTANETIBE MAHAZAZA,null,-18.832805555555556,47.468583333333335,FALSE,TRUE,FALSE,FALSE,null,3G,null,null,null,2020,110111,null,null
64,GULFSAT_T53,SODIAT Talatamaty,GULFSAT,ANALAMANGA,AMBOHIDRATRIMO,TALATAMATY,null,-18.839416666666665,47.453,FALSE,TRUE,TRUE,FALSE,null,3G-4G-WIMAX,null,null,null,2020,110125,null,WIMAX
65,GULFSAT_T40,Soavina,GULFSAT,ANALAMANGA,ANTANANARIVO ATSIMONDRANO,SOAVINA,null,-18.96035,47.50454444444444,FALSE,TRUE,FALSE,FALSE,null,3G,null,null,null,2020,110524,null,null
66,GULFSAT_T41,Ambohimangidy,GULFSAT,ANALAMANGA,ANTANANARIVO ATSIMONDRANO,AMPITATAFIKA,null,-18.946808333333333,47.47581111111111,FALSE,TRUE,TRUE,FALSE,null,3G-4G-WIMAX,null,null,null,2020,110510,null,WIMAX
67,GULFSAT_T50,Alakamisy Fenoarivo,GULFSAT,ANALAMANGA,ANTANANARIVO ATSIMONDRANO,ALAKAMISY FENOARIVO,null,-18.93994444,47.42361111111111,FALSE,TRUE,TRUE,FALSE,null,3G-4G-WIMAX,null,null,null,2020,110501,null,WIMAX
68,GULFSAT_T42,Tsiadana,GULFSAT,ANALAMANGA,ANTANANARIVO_II,CU ANTANANARIVO (Arr.II),null,-18.918522222222222,47.54504444444444,FALSE,TRUE,TRUE,FALSE,null,3G-4G,null,null,null,2020,110801,null,null
77,GULFSAT_P20,Airtel Tuléar Soatalily,GULFSAT,ATSIMO ANDREFANA,TOLIARA I,TOLIARA I,null,-23.35651388888889,43.67411666666666,FALSE,FALSE,FALSE,FALSE,null,WIMAX,null,null,null,2020,630801,null,WIMAX
78,GULFSAT_P01,Tamatave CPJS,GULFSAT,ATSINANANA,TOAMASINA I,CU TOAMASINA,null,-18.15246111111111,49.40693888888889,FALSE,FALSE,TRUE,FALSE,null,4G-WIMAX,null,null,null,2020,530501,null,WIMAX
79,GULFSAT_T4C,Amboanjobe Iavoloha,GULFSAT,ANALAMANGA,ANTANANARIVO ATSIMONDRANO,ANDOHARANOFOTSY,null,-19.02806,47.54195,FALSE,FALSE,FALSE,FALSE,null,WIMAX,null,null,null,2020,110511,null,WIMAX
80,GULFSAT_T56,Ambohidratrimo,GULFSAT,ANALAMANGA,AMBOHIDRATRIMO,AMBOHIDRATRIMO,null,-18.816003,47.436362,FALSE,FALSE,FALSE,FALSE,null,WIMAX,null,null,null,2020,110103,null,WIMAX
81,GULFSAT_T57,Imerimanjaka,GULFSAT,ANALAMANGA,ANTANANARIVO ATSIMONDRANO,AMBOHIJANAKA,null,-18.979278,47.547944,FALSE,FALSE,TRUE,FALSE,null,4G-WIMAX,null,null,null,2020,110507,null,WIMAX
82,GULFSAT_T16,Mahazoarivo,GULFSAT,ANALAMANGA,ANTANANARIVO_II,CU ANTANANARIVO (Arr.II),null,-18.92955556,47.54293056,FALSE,TRUE,TRUE,FALSE,null,3G-4G-WIMAX,null,null,null,2020,110801,null,WIMAX
83,GULFSAT_P03,Antsirabe Ivohitra,GULFSAT,VAKINANKARATRA,ANTSIRABE I,ANTSIRABE,null,-19.87916944,47.00867222,FALSE,FALSE,FALSE,FALSE,null,WIMAX-BLR,null,null,null,2020,140301,null,WIMAX-BLR
84,GULFSAT_P02,Majunga Androva,GULFSAT,BOENY,MAHAJANGA I,MAHAJANGA,null,-15.718375,46.30835,FALSE,FALSE,FALSE,FALSE,null,WIMAX-BLR,null,null,null,2020,420201,null,WIMAX-BLR
85,GULFSAT_P08,Tamatave Ampasimazava,GULFSAT,ATSINANANA,TOAMASINA I,CU TOAMASINA,null,-18.16102,49.4205,FALSE,FALSE,FALSE,FALSE,null,WIMAX,null,null,null,2020,530501,null,WIMAX
86,GULFSAT_P09,Tamatave Morafeno,GULFSAT,ATSINANANA,TOAMASINA I,CU TOAMASINA arr. ANKIRIHIRY,null,-18.138944,49.40125,FALSE,FALSE,FALSE,FALSE,null,WIMAX,null,null,null,2020,530503,null,WIMAX
87,GULFSAT_SANSCODE-GULFSAT-87,BCM1,GULFSAT,ANALAMANGA,ANTANANARIVO_I,CU ANTANANARIVO (Arr.I),null,-18.911194,47.523615,FALSE,FALSE,FALSE,FALSE,null,BLR,null,null,null,2020,110701,null,BLR
88,GULFSAT_SANSCODE-GULFSAT-88,BCM1-1,GULFSAT,ANALAMANGA,ANTANANARIVO_I,CU ANTANANARIVO (Arr.I),null,-18.907392,47.521772,FALSE,FALSE,FALSE,FALSE,null,BLR,null,null,null,2020,110701,null,BLR
89,GULFSAT_P10,Majunga Antanimalandy,GULFSAT,BOENY,MAHAJANGA I,MAHAJANGA,null,-15.712694,46.351,FALSE,FALSE,FALSE,FALSE,null,BLR,null,null,null,2020,420201,null,BLR
90,GULFSAT_P1B,Majunga Tsararano,GULFSAT,BOENY,MAHAJANGA I,MAHAJANGA,null,-15.674628,46.344225,FALSE,FALSE,FALSE,FALSE,null,BLR,null,null,null,2020,420201,null,BLR
91,GULFSAT_P16,Ambanja,GULFSAT,DIANA,AMBANJA,AMBANJA,null,-13.684639,48.453722,FALSE,FALSE,FALSE,FALSE,null,BLR,null,null,null,2020,210103,null,BLR
92,GULFSAT_P0E,Nosy Be Hell Ville,GULFSAT,DIANA,NOSY-BE,CU NOSY-BE,null,-13.40567778,48.274475,FALSE,FALSE,FALSE,FALSE,null,BLR,null,null,null,2020,210501,null,BLR
93,GULFSAT_P13,Diego,GULFSAT,DIANA,ANTSIRANANA I,ANTSIRANANA,null,-12.27670556,49.29128611,FALSE,FALSE,FALSE,FALSE,null,BLR,null,null,null,2020,210301,null,BLR
94,GULFSAT_P04,Fianarantsoa Kianjasoa,GULFSAT,MATSIATRA AMBONY,FIANARANTSOA,CU FIANARANTSOA,null,-21.44759722,47.07486111,FALSE,FALSE,FALSE,FALSE,null,BLR,null,null,null,2020,330301,null,BLR
95,GULFSAT_P26,Sambava,GULFSAT,SAVA,SAMBAVA,SAMBAVA,null,-14.257056,50.156111,FALSE,FALSE,FALSE,FALSE,null,WIMAX,null,null,null,2020,220325,null,WIMAX
96,GULFSAT_P21,Antalaha,GULFSAT,SAVA,ANTALAHA,ANTALAHA,null,-14.908405,50.274113,FALSE,FALSE,FALSE,FALSE,null,WIMAX,null,null,null,2020,220208,null,WIMAX
97,GULFSAT_P14,Antsirabe Centre Ville,GULFSAT,VAKINANKARATRA,ANTSIRABE I,ANTSIRABE,null,-19.86676111,47.03513889,FALSE,FALSE,FALSE,FALSE,null,BLR,null,null,null,2020,140301,null,BLR
98,GULFSAT_T55,Bongatsara,GULFSAT,ANALAMANGA,ANTANANARIVO ATSIMONDRANO,BONGATSARA,null,-19.019722,47.539889,FALSE,TRUE,FALSE,FALSE,null,3G,null,null,null,2020,110519,null,null
99,GULFSAT_T43,Soanierana,GULFSAT,ANALAMANGA,ANTANANARIVO_IV,CU ANTANANARIVO (Arr.IV),null,-18.94105,47.524941,FALSE,TRUE,TRUE,FALSE,null,3G-4G,null,null,null,2020,111001,null,null